COMMON_NAME,GENUS,SPECIESp,TreeSpecies
treecotton,Kokia,spp.,KOKIA
leadwood,Krugiodendron,ferreum,KRFE
burgan,Kunzea,ericoides,KUER
Kunzea,Kunzea,spp.,KUNZE
summit labordia,Labordia,fagraeoidea,LAFA2
bog labordia,Labordia,hedyosmifolia,LAHE2
mountain labordia,Labordia,hirtella,LAHI5
Waianae Range labordia,Labordia,kaalae,LAKA
Wahiawa Mountain labordia,Labordia,lydgatei,LALY2
labordia,Labordia,spp.,LABOR
paleflower labordia,Labordia,tinifolia,LATI2
Lanai labordia,Labordia,triflora,LATR4
Nevada peavine,Labordia,waiolani,LAWA3
cuero de rana,Laetia,procera,LAPR2
crapemyrtle,Lagerstroemia,indica,LAIN
pride of India,Lagerstroemia,speciosa,LASP
Langsat,Lansium,domesticum,LADO2
nino de cota,Laplacea,portoricensis,LAPO
bluelatan,Latania,loddigesii,LALO
henna,Lawsonia,inermis,LAIN5
Krug's roughleaf,Leandra,krugiana,LEKR
pitahaya,Leptocereus,quadricostatus,LEQU
large-leaf yellow teatree,Leptospermum,morrisonii,LEMO20
common teatree,Leptospermum,petersonii,LEPE23
cream albizia,Albizia,adinocephala,ALAD
naked albizia,Albizia,carbonaria,ALCA8
Chinese albizia,Albizia,chinensis,ALCH2
ukall ra ngebard,Albizia,falcataria,ALFA5
woman's tongue,Albizia,lebbeck,ALLE
tall albizia,Albizia,procera,ALPR
ukall ra ngebard,Albizia,retusa,ALRE
whiteflower albizia,Albizia,saponaria,ALSA10
albizia,Albizia,spp.,ALBIZ
achiotillo,Alchornea,latifolia,ALLA
palo de gallina,Alchorneopsis,floribunda,ALFL3
Hawaii alectryon,Alectryon,macrococcus,ALMA
alectryon,Alectryon,spp.,ALECT
Indian walnut,Aleurites,moluccana,ALMO2
aleurites,Aleurites,spp.,ALEUR
lumbang,Aleurites,trisperma,ALTR11
palo blanco,Allophylus,crassinervis,ALCR9
palo de caja,Allophylus,racemosus,ALRA
Allophylus,Allophylus,spp.,ALLOP
chebeludes,Allophylus,ternatus,ALTE13
Senegal mahogany,Khaya,senegalensis,KHSE2
Kigelia africana,Kigelia,africana,KIAF
guest tree,Kleinhovia,hospita,KLHO
Koanophyllon polyodon,Koanophyllon,polyodon,KOPO
Molokai treecotton,Kokia,cookei,KOCO2
Hawaii treecotton,Kokia,drynarioides,KODR
Kauai treecotton,Kokia,kauaiensis,KOKA
Wailupe Valley treecotton,Kokia,lanceolata,KOLA2
common teatree,Leptospermum,polygalifolim,LEPO22
broom teatree,Leptospermum,scoparium,LESC2
teatree,Leptospermum,spp.,LEPTO4
Leucaena insularum,Leucaena,insularum,LEIN31
white leadtree,Leucaena,leucocephala,LELE10
leadtree,Leucaena,spp.,LEUCA
Maria laurel,Licaria,brittoniana,LIBR5
Puerto Rico cinnamon,Licaria,parvifolia,LIPA9
pepperleaf sweetwood,Licaria,triandra,LITR
Amur privet,Ligustrum,amurense,LIAM
Chinese privet,Ligustrum,sinense,LISI
privet,Ligustrum,spp.,LIGUS2
Lychee,Litchi,chinensis,LICH4
papaono,Litsea,samoensis,LISA8
Litsea,Litsea,spp.,LITSE
fountain palm,Livistona,chinensis,LICH3
geno geno,Lonchocarpus,domingensis,LODO5
geno,Lonchocarpus,glaucifolius,LOGL2
broadleaf lancepod,Lonchocarpus,heptaphyllus,LOHE7
vinegartree,Lophostemon,confertus,LOCO9
Egg Fruit / Canistel,Lucuma,nervosa,LUNE4
luehea,Luehea,speciosa,LUSP11
"bakauaine, nana",Lumnitzera,littorea,LULI8
lunania,Lunania,spp.,LUNAN
Lunania ekmanii,Lunania,ekmanii,LUEK
St. Thomas staggerbush,Lyonia,rubiginosa,LYRU2
"macadamia nut tree, pengua",Macadamia,integrifolia,MAIN8
Macadamia,Macadamia,spp.,MACAD
Macadamia Nut,Macadamia,tetraphylla,MATE16
bedel,Macaranga,carolinensis,MACA25
Macaranga grayana,Macaranga,grayana,MAGR
lau pata,Macaranga,harveyana,MAHA9
pengua,Macaranga,mappa,MAMA28
macaranga,Macaranga,spp.,MACAR
lau fatu,Macaranga,stipulosa,MAST7
parasol leaf tree,Macaranga,tanarius,MATA3
Macaranga thompsonii,Macaranga,thompsonii,MATH3
palo de hoz,Machaerium,lunatum,MALU2
Puerto Rico alfilerillo,Machaonia,portoricensis,MAPO6
Maclura tinctoria,Maclura,tinctoria,MATI3
umbrella-tree,Maesopsis,eminii,MAEM2
Puerto Rico magnolia,Magnolia,portoricensis,MAPO2
laurel magnolia,Magnolia,splendens,MASP
Mallotus palauensis,Mallotus,palauensis,MAPA6
kamala tree,Mallotus,philippensis,MAPH4
mallotus,Mallotus,spp.,MALLO
Mallotus tiliifolius,Mallotus,tiliifolius,MATI4
Singapore holly,Malpighia,coccigera,MACO11
Barbados cherry,Malpighia,emarginata,MAEM
palo bronco,Malpighia,fucata,MAFU2
wild crapemyrtle,Malpighia,glabra,MAGL6
cowhage cherry,Malpighia,infestissima,MAIN5
bastard cherry,Malpighia,linearis,MALI2
mammee apple,Mammea,americana,MAAM2
manapau,Mammea,glauca,MAGL12
chopak,Mammea,odorata,MAOD2
Mammea,Mammea,spp.,MAMME
kanit,Mangifera,minor,MAMI3
saipan mango,Mangifera,odorata,MAOD
"ebeludes, chebeludes",Allophylus,timorensis,ALTI2
Nepal alder,Alnus,nepalensis,ALNE2
"chelebiob, elebiong",Alphitonia,carolinensis,ALCA21
Hawaii kauilatree,Alphitonia,ponderosa,ALPO3
Alphitonia,Alphitonia,spp.,ALPHI
toi,Alphitonia,zizyphoides,ALZI
helecho gigante de la sierra,Alsophila,bryophila,ALBR4
Alsophila portoricensis,Alsophila,portoricensis,ALPO7
deviltree,Alstonia,macrophylla,ALMA16
Alstonia pacifica,Alstonia,pacifica,ALPA22
alstonia,Alstonia,spp.,ALSTO
black calabash,Amphitecna,latifolia,AMLA4
balsam torchwood,Amyris,balsamifera,AMBA2
anacardium,Anacardium,spp.,ANACA
cashew,Anacardium,occidentale,ANOC
Anacolosa insularis,Anacolosa,insularis,ANIN13
Anadenanthera peregrina,Anadenanthera,peregrina,ANPE13
cabbagebark tree,Andira,inermis,ANIN
dermarm,Angiopteris,evecta,ANEV
canelillo,Aniba,bracteata,ANBR7
Annona cherimola,Annona,cherimola,ANCH9
ilama,Annona,diversifolia,ANDI11
mountain soursop,Annona,montana,ANMO
soursop,Annona,muricata,ANMU2
custard apple,Annona,reticulata,ANRE
Annona,Annona,spp.,ANNON
sugar apple,Annona,squamosa,ANSQ
Kapua china laurel,Antidesma,kapuae,ANKA
Antidesma bunius,Antidesma,bunius,ANBU3
Antidesma kusaiense,Antidesma,kusaiense,ANKU3
ha a,Antidesma,platyphyllum,ANPL2
Antidesma ponapense,Antidesma,ponapense,ANPO8
hame,Antidesma,pulvinatum,ANPU2
Antidesma sphaerocarpum,Antidesma,sphaerocarpum,ANSP14
chinalaurel,Antidesma,spp.,ANTID
placa chiquitu,Antirhea,acutata,ANAC4
pegwood,Antirhea,coriacea,ANCO3
Antirhea inconspicua,Antirhea,inconspicua,ANIN2
palo iloron,Antirhea,lucida,ANLU3
quina roja,Antirhea,obtusifolia,ANOB2
Puerto Rico quina,Antirhea,portoricensis,ANPO3
slippery elm,Ulmus,rubra,ULRU
September elm,Ulmus,serotina,ULSE
rock elm,Ulmus,thomasii,ULTH
California-laurel,Umbellularia,californica,UMCA
Joshua tree,Yucca,brevifolia,YUBR
black-mangrove,Avicennia,germinans,AVGE
buttonwood-mangrove,Conocarpus,erectus,COER2
white-mangrove,Laguncularia,racemosa,LARA2
American mangrove,Rhizophora,mangle,RHMA2
desert ironwood,Olneya,tesota,OLTE
saltcedar,Tamarix,spp.,TAMAR2
melaleuca,Melaleuca,quinquenervia,MEQU
chinaberry,Melia,azedarach,MEAZ
Chinese tallowtree,Triadica,sebifera,TRSE6
tungoil tree,Vernicia,fordii,VEFO
smoketree,Cotinus,obovatus,COOB2
Russian-olive,Elaeagnus,angustifolia,ELAN
Unknown dead hardwood,Tree,broadleaf,2TB
Other or unknown live tree,Tree,unknown,2TREE
Washington hawthorn,Crataegus,phaenopyrum,CRPH
fleshy hawthorn,Crataegus,succulenta,CRSU5
dwarf hawthorn,Crataegus,uniflora,CRUN
Berlandier ash,Fraxinus,berlandieriana,FRBE
blackbrush wattle,Acacia,anegadensis,ACAN4
mulga,Acacia,aneura,ACAN10
auri,Acacia,auriculiformis,ACAU
small Philippine acacia,Acacia,confusa,ACCO
koa,Acacia,koa,ACKO
koaoha,Acacia,koaia,ACKO2
porknut,Acacia,macracantha,ACMA
Acacia mangium,Acacia,mangium,ACMA12
black wattle,Acacia,mearnsii,ACME80
blackwood,Acacia,melanoxylon,ACME
spineless wattle,Acacia,muricata,ACMU
gum arabic tree,Acacia,nilotica,ACNI2
South Wales wattle,Acacia,parramattensis,ACPA81
Acacia polyacantha,Acacia,polyacantha,ACPO3
poponax,Acacia,tortuosa,ACTO
hollowheart,Acnistus,arborescens,ACAR
grugru palm,Acrocomia,media,ACME2
baobab,Adansonia,digitata,ADDI3
wild lime,Adelia,ricinella,ADRI
red beadtree,Adenanthera,pavonina,ADPA
beadtree,Adenanthera,spp.,ADENA
Caribbean spiritweed,Aegiphila,martinicensis,AEMA
kauri,Agathis,australis,AGAU4
Queensland kauri,Agathis,robusta,AGRO6
Titimel,Aglaia,mariannensis,AGMA14
mesecheues,Aglaia,palauensis,AGPA19
"karasyu, marasau",Aglaia,ponapensis,AGPO4
laga ali,Aglaia,samoensis,AGSA9
Aglaia,Aglaia,spp.,AGLAI
Olomea,Aidia,cochinchinensis,AICO2
Aidia racemosa,Aidia,racemosa,AIRA2
ailanthus,Ailanthus,spp.,AILAN
Aiphanes minima,Aiphanes,minima,AIMI
maconcona,Ilex,guianensis,ILGU
Caribbean holly,Ilex,macfadyenii,ILMA
Puerto Rico holly,Ilex,nitida,ILNI
mate,Ilex,paraguariensis,ILPA3
gongolin,Ilex,sideroxyloides,ILSI
Sintenis' holly,Ilex,sintenisii,ILSI2
holly,Ilex,spp.,ILEX
Urban's holly,Ilex,urbaniana,ILUR
Ilex urbaniana,Ilex,urbaniana,ILURR
inga,Inga,spp.,INGA
sacky sac bean,Inga,laurina,INLA
Inga nobilis,Inga,nobilis,INNOQ
river koko,Inga,vera,INVE
ifi,Inocarpus,fagifer,INFA3
ifilele,Intsia,bijuga,INBI
palo de hierro,Ixora,ferrea,IXFE
white jungleflame,Ixora,thwaitesii,IXTH
black poui,Jacaranda,mimosifolia,JAMI
jacaranda,Jacaranda,spp.,JACAR
braceletwood,Jacquinia,armillaris,JAAR2
bois bande,Jacquinia,berteroi,JABE
chirriador,Jacquinia,umbellata,JAUM
Barbados nut,Jatropha,curcas,JACU2
wild oilnut,Jatropha,hernandiifolia,JAHE
coralbush,Jatropha,multifida,JAMU
nettlespurge,Jatropha,spp.,JATRO
West Indian walnut,Juglans,jamaicensis,JUJA
ketoguit,Kayea,pacifica,KAPA4
Khaya anthotheca,Khaya,anthotheca,KHAN
mango,Mangifera,spp.,MANGI
ceara rubbertree,Manihot,glaziovii,MAGL5
manihot,Manihot,spp.,MANIH
bulletwood,Manilkara,bidentata,MABI5
Surinam bulletwood,Manilkara,bidentata,MABIS
pani,Manilkara,dissecta,MADI14
kohle,Manilkara,hoshinoi,MAHO5
cyrtandra,Cyrtandra,pulchella,CYPU13
oleandra fern,Oleandra,neriiformis,OLNE
poison devils-pepper,Rauvolfia,vomitoria,RAVO
fua lole,Procris,pedunculata,PRPE6
"santol, kechapi",Sandoricum,koetjape,SAKO4
Sintenis' quina,Antirhea,sintenisii,ANSI
parana pine,Araucaria,angustifolia,ARAN15
New Caledonia pine,Araucaria,columnaris,ARCO32
Norfolk Island Pine,Araucaria,excelsa,AREX4
Norfolk Island pine,Araucaria,heterophylla,ARHE12
Araucaria,Araucaria,spp.,ARAUC2
Alexandra palm,Archontophoenix,alexandrae,ARAL
shoebutton,Ardisia,elliptica,AREL4
ausubon,Ardisia,glauciflora,ARGL11
mountain marlberry,Ardisia,luquillensis,ARLU3
Guadeloupe marlberry,Ardisia,obovata,AROB2
China-shrub,Ardisia,solanacea,ARSO
marlberry,Ardisia,spp.,ARDIS
betelnut,Areca,catechu,ARCA41
cabo-negro,Arenga,pinnata,ARPI6
breadfruit,Artocarpus,altilis,ARAL7
Artocarpus heterophyllus,Artocarpus,heterophyllus,ARHE2
"dugdug, Marianas breadfruit",Artocarpus,mariannensis,ARMA28
Artocarpus nobilis,Artocarpus,nobilis,ARNO
Marang,Artocarpus,odoratissimus,AROD2
meduu,Artocarpus,spp.,ARTOC
taputoi,Arytera,brackenridgei,ARBR11
afia,Ascarina,diffusa,ASDI14
Astronidium navigatorum,Astronidium,navigatorum,ASNA10
meskui,Astronidium,palauense,ASPA37
Astronidium pickeringii,Astronidium,pickeringii,ASPI11
Astronidium samoense,Astronidium,samoense,ASSA23
Astronidium,Astronidium,spp.,ASTRO4
Astronidium subcordata,Astronidium,subcordata,ASSU31
ifi ifi,Atuna,racemosa,ATRA2
Bilimbi,Averrhoa,bilimbi,AVBI
carambola,Averrhoa,carambola,AVCA
Averrhoa,Averrhoa,spp.,AVERR
biut,Avicennia,alba,AVAL
Avicennia marina,Avicennia,marina,AVMA3
Avicennia,Avicennia,spp.,AVICE
neem,Azadirachta,indica,AZIN2
Saitamu,Baccaurea,taitensis,BATA
ralm,Badusa,palauensis,BAPA8
bamboo,Bambusa,spp.,BAMBU
common bamboo,Bambusa,vulgaris,BAVU2
Puerto Rico palo de ramon,Banara,portoricensis,BAPO
Vanderbilt's palo de ramon,Banara,vanderbiltii,BAVA2
sea putat,Barringtonia,asiatica,BAAS3
langaasag,Barringtonia,racemosa,BARA5
falaga,Barringtonia,samoensis,BASA9
Barringtonia,Barringtonia,spp.,BARRI
Bastardiopsis eggersii,Bastardiopsis,eggersii,BAEG6
Bauhinia binata,Bauhinia,binata,BABI6
Napoleon's plume,Bauhinia,monandra,BAMO2
petite flamboyant bauhinia,Bauhinia,multinervia,BAMU3
railroadfence,Bauhinia,pauletia,BAPA3
butterfly tree,Bauhinia,purpurea,BAPU
bauhinia,Bauhinia,spp.,BAUHI
St. Thomas tree,Bauhinia,tomentosa,BATO
mountain ebony,Bauhinia,variegata,BAVA
slugwood,Beilschmiedia,pendula,BEPE
Caribbean myrtlecroton,Bernardia,dichotoma,BEDI2
Javanese bishopwood,Bischofia,javanica,BIJA
bishopwood,Bischofia,spp.,BISCH
lipsticktree,Bixa,orellana,BIOR
bixa,Bixa,spp.,BIXA
akee,Blighia,sapida,BLSA2
akupa,Bobea,brevipes,BOBR3
ahakea lau nui,Bobea,elatior,BOEL3
Hawaii dogweed,Bobea,sandwicensis,BOSA2
ahakea,Bobea,spp.,BOBEA
wild dilly,Manilkara,jaimiqui,MAJA2
zapote de costa,Manilkara,pleeana,MAPL2
Manilkara,Manilkara,spp.,MANIL
udeuid,Manilkara,udoido,MAUD
nisperillo,Manilkara,valenzuela,MAVA3
sapodilla,Manilkara,zapota,MAZA
palo de cana,Mappia,racemosa,MARA3
"bkau, apgau",Maranthes,corymbosa,MACO
dermarm,Marattia,fraxinea,MAFR11
bastard hogberry,Margaritaria,nobilis,MANO
beruquillo,Marlierea,sintenisii,MASI3
Matayba apetala,Matayba,apetala,MAAP5
negra lora,Matayba,domingensis,MADO2
Caribbean mayten,Maytenus,cymosa,MACY2
Puerto Rico mayten,Maytenus,elongata,MAEL3
white cinnamon,Maytenus,laevigata,MALA8
ponce mayten,Maytenus,ponceana,MAPO5
Mecranium latifolium,Mecranium,latifolium,MELA7
Medusanthera carolinensis,Medusanthera,carolinensis,MECA21
matamo,Medusanthera,samoensis,MESA11
Medusanthera,Medusanthera,spp.,MEDUS2
melaleuca,Melaleuca,spp.,MELAL
alom,Melanolepis,multiglandulosa,MEMU10
Melastoma candidum,Melastoma,candidum,MECA9
Melastoma sanguineum,Melastoma,sanguineum,MESA3
melia,Melia,spp.,MELIA
Spanish lime,Melicoccus,bijugatus,MEBI
mokihana,Melicope,anisata,MEAN3
Ballous melicope,Melicope,balloui,MEBA2
uahiapele,Melicope,barbigera,MEBA3
Waianae Range melicope,Melicope,christophersenii,MECH2
manena,Melicope,cinerea,MECI6
kukaemoa,Melicope,clusiifolia,MECL
piloula,Melicope,cruciata,MECR5
leiohiiaka,Melicope,elliptica,MEEL2
Haleakala melicope,Melicope,haleakalae,MEHA7
Haupa Mountain melicope,Melicope,haupuensis,MEHA3
mokihana kukae moa,Melicope,hawaiensis,MEHA4
Monoa melicope,Melicope,hiiakae,MEHI6
Honolulu melicope,Melicope,hosakae,MEHO2
Kaala melicope,Melicope,kaalaensis,MEKA2
Olokele Valley melicope,Melicope,knudsenii,MEKN
Kaholuamanu melicope,Melicope,macropus,MEMA6
Makaha Valley melicope,Melicope,makahae,MEMA7
Molokai melicope,Melicope,molokaiensis,MEMO6
alani,Melicope,mucronulata,MEMU4
Oahu melicope,Melicope,oahuensis,MEOA
Makawao melicope,Melicope,obovata,MEOB4
Honokahua melicope,Melicope,orbicularis,MEOR4
Hana melicope,Melicope,ovalis,MEOV
eggshape melicope,Melicope,ovata,MEOV2
pale melicope,Melicope,pallida,MEPA6
Lihue melicope,Melicope,paniculata,MEPA7
boxfruit alani,Melicope,peduncularis,MEPE9
Kohala Summit melicope,Melicope,pseudoanisata,MEPS
hairy melicope,Melicope,puberula,MEPU4
fourangle melicope,Melicope,quadrangularis,MEQU3
kapu melicope,Melicope,radiata,MERA2
soopini,Melicope,latifolia,MERE8
roundleaf melicope,Melicope,rotundifolia,MERO3
St. Johns melicope,Melicope,saint-johnii,MESA4
Mt. Kaala melicope,Melicope,sandwicensis,MESA5
melicope,Melicope,spp.,MELIC3
volcanic melicope,Melicope,volcanica,MEVO
alani wai,Melicope,waialealae,MEWA2
Monoa melicope,Melicope,wawraeana,MEWA4
kipuka piaula,Melicope,zahlbruckneri,MEZA
samoensis,Melicytus,samoensis,MESA9
aguacatillo,Meliosma,herbertii,MEHE
cacaillo,Meliosma,obtusifolia,MEOB2
mao,Melochia,aristata,MEAR16
melochia,Melochia,spp.,MELOC
teabush,Melochia,tomentosa,METO4
hierba del soldado,Melochia,umbellata,MEUM3
faniok,Merrilliodendron,megacarpum,MEME12
ahakea,Bobea,timonioides,BOTI
parrotweed,Bocconia,frutescens,BOFR2
bocconia,Bocconia,spp.,BOCCO
virgata,Boehmeria,virgata,BOVI7
white alling,Bontia,daphnoides,BODA
Bourreria radula,Bourreria,radula,BORA2
bodywood,Bourreria,succulenta,BOSU2
roble de guayo,Bourreria,virgata,BOVI2
kanawao,Broussaisia,arguta,BRAR6
paper mulberry,Broussonetia,papyrifera,BRPA4
angels-trumpet,Brugmansia,candida,BRCA12
smallflower bruguiera,Bruguiera,parviflora,BRPA15
Oriental mangrove,Bruguiera,sexangula,BRSE11
bruguiera,Bruguiera,spp.,BRUGU
West Indian sumac,Brunellia,comocladiifolia,BRCO6
American brunfelsia,Brunfelsia,americana,BRAM4
Serpentine Hill raintree,Brunfelsia,densifolia,BRDE4
vega blanca,Brunfelsia,lactea,BRLA5
Puerto Rico raintree,Brunfelsia,portoricensis,BRPO3
omail,Buchanania,engleriana,BUEN
gasu,Buchanania,merrillii,BUME4
"omail, deuachel",Buchanania,palawensis,BUPA16
Buchanania,Buchanania,spp.,BUCHA
fourleaf buchenavia,Buchenavia,tetraphylla,BUTE4
gregorywood,Bucida,buceras,BUBU
dogtail,Buddleja,asiatica,BUAS
cafe falso,Bunchosia,glandulifera,BUGL2
cafe forastero,Bunchosia,glandulosa,BUGL
Bunchosia polystachia,Bunchosia,polystachia,BUPO5
Burckella richii,Burckella,richii,BURI3
Buxus laevigata,Buxus,laevigata,BULA10
Puerto Rico box,Buxus,portoricensis,BUPO
Vahl's box,Buxus,vahlii,BUVA
maricao cimun,Byrsonima,crassifolia,BYCR
Long Key locustberry,Byrsonima,lucida,BYLU
doncella,Byrsonima,spicata,BYSP
almendrillo,Byrsonima,wadsworthii,BYWA
nicker,Caesalpinia,spp.,CAESA
divi divi,Caesalpinia,coriaria,CACO28
uhiuhi,Caesalpinia,kavaiensis,CAKA5
pride-of-Barbados,Caesalpinia,pulcherrima,CAPU13
sappanwood,Caesalpinia,sappan,CASA28
Surinamese stickpea,Calliandra,surinamensis,CASU33
caparosa,Callicarpa,ampla,CAAM14
crimson bottlebrush,Callistemon,citrinus,CACI15
Callitris columellaris,Callitris,columellaris,CACO2
Caloncoba echinata,Caloncoba,echinata,CAEC2
Antilles calophyllum,Calophyllum,antillanum,CAAN22
Alexandrian laurel,Calophyllum,inophyllum,CAIN4
tamanu,Calophyllum,neo-ebudicum,CANE31
chesemolech,Calophyllum,pelewense,CAPE15
"olebtaches, chesemolech",Calophyllum,soulattri,CASO12
calophyllum,Calophyllum,spp.,CALOP
roostertree,Calotropis,procera,CAPR
calotropis,Calotropis,spp.,CALOT
degame,Calycophyllum,candidissimum,CACA73
Kiaerskov's lidflower,Calyptranthes,kiaerskovii,CAKI
fagufagu,Meryta,macrophylla,MEMA16
omechidel,Meryta,senfftiana,MESE11
Meryta,Meryta,spp.,MERYT
collina,Metrosideros,collina,MEPOP2
ohia,Metrosideros,macropus,MEMA4
ohia lehua,Metrosideros,polymorpha,MEPO5
lehua papa,Metrosideros,rugosa,MERU2
lehua,Metrosideros,spp.,METRO
lehua ahihi,Metrosideros,tremuloides,METR5
Kauai bottlebrush,Metrosideros,waialealae,MEWA
ivory-nut palm,Metroxylon,amicarum,MEAM4
sago palm,Metroxylon,sagu,MESA7
Metroxylon,Metroxylon,spp.,METRO2
Orange Champak,Michelia,champaca,MICH4
hairy johnnyberry,Miconia,lanata,MILA10
saquiyac,Miconia,affinis,MIAF
velvet tree,Miconia,calvescens,MICA20
Puerto Rico johnnyberry,Miconia,foveolata,MIFO
camasey de costilla,Miconia,impetiolaris,MIIM
smooth johnnyberry,Miconia,laevigata,MILA8
camasey cuatrocanales,Miconia,mirabilis,MIMI3
camasey racimoso,Miconia,pachyphylla,MIPA7
granadillo bobo,Miconia,prasina,MIPR3
auquey,Miconia,punctata,MIPU9
ridge johnnyberry,Miconia,pycnoneura,MIPY2
camasey felpa,Miconia,racemosa,MIRA2
peralejo,Miconia,rubiginosa,MIRU4
jau jau,Miconia,serrulata,MISE2
mountain johnnyberry,Miconia,sintenisii,MISI2
forest johnnyberry,Miconia,subcorymbosa,MISU3
rajador,Miconia,tetrandra,MITE4
camasey tomaso,Miconia,thomasiana,MITH
talafulu,Micromelum,minutum,MIMI23
caimitillo verde,Micropholis,garciniifolia,MIGA
Micropholis guyanensis,Micropholis,guyanensis,MIGU2
pinnata,Millettia,pinnata,MIPI9
elegant mimosa,Mimosa,arenosa,MIAR4
"bulletwood, elengi",Mimusops,elengi,MIEL4
monodora,Monodora,spp.,MONOD
treedaisy,Montanoa,hibiscifolia,MOHI
montanoa,Montanoa,spp.,MONTA
Morella cerifera,Morella,cerifera,MOCE2
firetree,Morella,faya,MOFA
Morella holdridgeana,Morella,holdridgeana,MOHO3
bayberry,Morella,spp.,MOREL2
Indian mulberry,Morinda,citrifolia,MOCI3
ngel,Morinda,latibractea,MOLA12
Morinda pedunculata,Morinda,pedunculata,MOPE2
morinda,Morinda,spp.,MORIN
noni kuahiwi,Morinda,trimera,MOTR
horseradishtree,Moringa,oleifera,MOOL
ratapple,Morisonia,americana,MOAM
murta,Mouriri,domingensis,MODO2
mameyuelo,Mouriri,helleri,MOHE
falseohe,Munroidendron,racemosum,MURA3
strawberrytree,Muntingia,calabura,MUCA4
muntingia,Muntingia,spp.,MUNTI
Murraya exotica,Murraya,exotica,MUEX2
French plantain,Musa,paradisiaca,MUPA3
bungeltuu,Musa,coccinea,MUCO8
tama,Musa,nana,MUNA
tuu banana,Musa,sapientum,MUSA
meia,Musa,spp.,MUSA2
blantalos,Musa,textilis,MUTE6
tikap,Musa,tikap,MUTI
limoncillo,Calyptranthes,krugii,CAKR
Luquillo forest lidflower,Calyptranthes,luquillensis,CALU12
pale lidflower,Calyptranthes,pallens,CAPA8
Puerto Rico lidflower,Calyptranthes,portoricensis,CAPO9
limoncillo de monte,Calyptranthes,sintenisii,CASI8
Thomas' lidflower,Calyptranthes,thomasiana,CATH3
myrtle of the river,Calyptranthes,zuzygium,CAZU
Puerto Rico manac,Calyptronoma,rivalis,CARI3
"kelela charm, kiu",Campnosperma,brevipetiolatum,CABR18
ilang-ilang,Cananga,odorata,CAOD
mafoa,Canarium,mafoa,CAHA39
mesecheues,Canarium,hirsutum,CAHI14
lukerr,Canarium,indicum,CAIN42
Pili Nut,Canarium,ovatum,CAOV7
Canarium,Canarium,spp.,CANAR2
maali,Canarium,vitiense,CAVI26
wild cinnamon,Canella,winteriana,CAWI
Olasina,Psydrax,merrillii,CAME35
burro blanco,Capparis,amplissima,CAAM13
caper,Capparis,baducca,CABA2
Jamaican caper,Capparis,cynophallophora,CACY
falseteeth,Capparis,flexuosa,CAFL2
broadleaf caper,Capparis,hastata,CAHA9
linguam,Capparis,indica,CAIN5
crabwood,Carapa,guianensis,CAGU6
papaya,Carica,papaya,CAPA23
papaya,Carica,spp.,CARIC
scorpionbush,Carmona,retusa,CARE22
scorpionbush,Carmona,spp.,CARMO
fish tail palm,Caryota,mitis,CAMI36
Caryota,Caryota,spp.,CARYO
fishtail palm,Caryota,urens,CAUR3
rabo de ranton,Casearia,aculeata,CAAC3
gia verde,Casearia,arborea,CAAR8
keuert,Casearia,cauliflora,CACA28
wild honeytree,Casearia,decandra,CADE11
Guyanese wild coffee,Casearia,guianensis,CAGU2
Casearia,Casearia,spp.,CASEA
crackopen,Casearia,sylvestris,CASY2
golden shower,Cassia,fistula,CAFI3
pink shower,Cassia,grandis,CAGR11
apple blossom,Cassia,javanica,CAJA3
kassod tree,Cassia,siamea,CASI4
Cassia,Cassia,spp.,CASSI
marbletree,Cassine,xylocarpa,CAXY
goatwood,Cassipourea,guianensis,CAGU3
goatbush,Castela,erecta,CAER3
Panama rubbertree,Castilla,elastica,CAEL5
river sheoak,Casuarina,cunninghamiana,CACU8
beach sheoak,Casuarina,equisetifolia,CAEQ
"gagu,australian pine",Casuarina,litorea,CALI8
Haitian catalpa,Catalpa,longissima,CALO8
trumpet tree,Cecropia,obtusifolia,CEOB
pumpwood,Cecropia,schreberiana,CESC9
pumpwood,Cecropia,spp.,CECRO
Spanish cedar,Cedrela,odorata,CEOD
pochote,Ceiba,acuminata,CEAC4
pochote,Ceiba,aesculifolia,CEAE2
fei banana,Musa,troglodytarum,MUTR2
Mussaenda frondosa,Mussaenda,frondosa,MUFR3
aloalo vao,Mussaenda,raiateensis,MURA5
Mussaenda,Mussaenda,spp.,MUSSA
naio,Myoporum,sandwicense,MYSA
myoporum,Myoporum,spp.,MYOPO
red rodwood,Myrcia,citrifolia,MYCI
cieneguillo,Myrcia,deflexa,MYDE
curame,Myrcia,fallax,MYFA3
guayabacon,Myrcia,leptoclada,MYLE
ausu,Myrcia,paganii,MYPA
punchberry,Myrcia,splendens,MYSP
rodwood,Myrcia,spp.,MYRCI
twinberry,Myrcianthes,fragrans,MYFR
guavaberry,Myrciaria,floribunda,MYFL
"yamamomo, strawberry tree",Myrica,rubra,MYRU3
sweetgale,Myrica,spp.,MYRIC
atoneulu,Myristica,hypargyraea,MYHY2
adepurot,Myristica,insularis,MYIN3
Myristica,Myristica,spp.,MYRIS
cercipo,Myrospermum,frutescens,MYFR2
Myristica inutilis,Myristica,inutilis,MYIN4
balsam of Tolu,Myroxylon,balsamum,MYBA3
forest colicwood,Myrsine,alyxifolia,MYAL4
leathery colicwood,Myrsine,coriacea,MYCO2
Myrsine cubana,Myrsine,cubana,MYCU2
summit colicwood,Myrsine,degeneri,MYDE2
mountain colicwood,Myrsine,emarginata,MYEM
streambank colicwood,Myrsine,fernseei,MYFE
Koolau Range colicwood,Myrsine,fosbergii,MYFO
Wahiawa Bog colicwood,Myrsine,helleri,MYHE3
Kauai colicwood,Myrsine,kauaiensis,MYKA
Kokee colicwood,Myrsine,knudsenii,MYKN
Lanai colicwood,Myrsine,lanaiensis,MYLA3
kolea lau nui,Myrsine,lessertiana,MYLE2
Hanapepe River colicwood,Myrsine,mezii,MYME2
swamp colicwood,Myrsine,petiolata,MYPE3
Molokai colicwood,Myrsine,pukooensis,MYPU2
kokea lau lii,Myrsine,sandwicensis,MYSA2
colicwood,Myrsine,spp.,MYRSI
Mt. Kahili colicwood,Myrsine,wawraea,MYWA
Nectandra coriacea,Nectandra,coriacea,NECO
shinglewood,Nectandra,hihua,NEHI2
Nectandra krugii,Nectandra,krugii,NEKR
Nectandra membranacea,Nectandra,membranacea,NEME3
Nectandra patens,Nectandra,patens,NEPA4
Nectandra turbacensis,Nectandra,turbacensis,NETU
saltwood,Neea,buxifolia,NEBU
fao,Neisosperma,oppositifolia,NEOP
kadam,Neolamarckia,cadamba,NECA7
aquilon,Neolaugeria,resinosa,NERE2
afa,Neonauclea,forsteri,NEFO2
Rambutan,Nephelium,lappaceum,NELA7
maaloa,Neraudia,melastomifolia,NEME5
oleander,Nerium,oleander,NEOL
keahi,Nesoluma,polynesicum,NEPO
Hawaii olive,Nestegis,sandwicensis,NESA2
nestegis,Nestegis,spp.,NESTE
"kalm, aralm",Neuburgia,celebica,NECE
tree tobacco,Nicotiana,glauca,NIGL
tobacco,Nicotiana,spp.,NICOT
smallflower aiea,Nothocestrum,breviflorum,NOBR2
broadleaf aiea,Nothocestrum,latifolium,NOLA
longleaf aiea,Nothocestrum,longifolium,NOLO
Oahu aiea,Nothocestrum,peltatum,NOPE
aiea,Nothocestrum,spp.,NOTHO3
kaala rockwort,Nototrichium,humile,NOHU
Hawaii rockwort,Nototrichium,sandwicense,NOSA
"toechel, teuechel",Nypa,fruticans,NYFR2
African bird's-eye bush,Ochna,mossambicensis,OCMO4
kapoktree,Ceiba,pentandra,CEPE2
Celtis paniculata,Celtis,paniculata,CEPA6
almex,Celtis,trinervia,CETR3
St. John's bread,Ceratonia,siliqua,CESI3
chuti,Cerbera,dilatata,CEDI12
emeridech,Cerbera,floribunda,CEFL2
leva,Cerbera,manghas,CEMA20
Cerbera spp,Cerbera,spp,CERBE
lady of the night cactus,Cereus,hexagonus,CEHE3
Cereus hildmannianus,Cereus,hildmannianus,CEHI3
sweetpotato cactus,Cereus,spp.,CEREU
biut,Ceriops,tagal,CETA2
orange jessamine,Cestrum,aurantiacum,CEAU2
day jessamine,Cestrum,diurnum,CEDI6
galen del monte,Cestrum,laurifolium,CELA2
night jessamine,Cestrum,nocturnum,CENO
jessamine,Cestrum,spp.,CESTR
jointed sandmat,Chamaesyce,articulata,CHAR8
koko,Chamaesyce,atrococca,CHAT2
ekoko,Chamaesyce,celastroides,CHCE
Herbsts sandmat,Chamaesyce,herbstii,CHHE3
kokomalei,Chamaesyce,kuwaleana,CHKU
alpine sandmat,Chamaesyce,olowaluana,CHOL3
Koolau Range sandmat,Chamaesyce,rockii,CHRO2
sandmat,Chamaesyce,spp.,CHAMA15
Napali coast papala,Charpentiera,densiflora,CHDE3
ellipticleaf papala,Charpentiera,elliptica,CHEL
broadleaf papala,Charpentiera,obovata,CHOB2
Koolau Range papala,Charpentiera,ovata,CHOV2
papala,Charpentiera,spp.,CHARP
Waianae Range papala,Charpentiera,tomentosa,CHTO3
Domins club,Cheirodendron,dominii,CHDO3
Fauries club,Cheirodendron,fauriei,CHFA
olapa,Cheirodendron,forbesii,CHFO4
lapalapa,Cheirodendron,platyphyllum,CHPL
cheirodendron,Cheirodendron,spp.,CHEIR
olapalapa,Cheirodendron,trigynum,CHTR2
alaweo,Chenopodium,oahuense,CHOA
goosefoot,Chenopodium,spp.,CHENO
hueso,Chionanthus,axilliflorus,CHAX2
bridgotree,Chionanthus,compactus,CHCO12
white rosewood,Chionanthus,domingensis,CHDO4
hueso prieto,Chionanthus,holdridgei,CHHO4
cabra blanca,Chionanthus,ligustrinus,CHLI6
vitiensis,Chionanthus,vitiensis,CHVI22
puntaj jayuya,Chione,seminervis,CHSE5
fatpork,Chione,venosa,CHVE4
african teak,Chlorophora,excelsa,CHEX5
silk-floss tree,Chorisia,speciosa,CHSP13
icaco coco plum,Chrysobalanus,icaco,CHIC
bastard redwood,Chrysophyllum,argenteum,CHAR6
star apple,Chrysophyllum,cainito,CHCA10
satinleaf,Chrysophyllum,oliviforme,CHOL
camito de perro,Chrysophyllum,pauciflorum,CHPA31
Hawaiian tree fern,Cibotium,heleniae,CIHE7
Chamissos manfern,Cibotium,chamissoi,CICH
hapuu,Cibotium,glaucum,CIGL
hapuu li,Cibotium,menziesii,CIME8
manfern,Cibotium,spp.,CIBOT
quinine,Cinchona,pubescens,CIPU
cinchona,Cinchona,spp.,CINCH
cassia,Cinnamomum,aromaticum,CIAR8
Padang cassia,Cinnamomum,burmannii,CIBU2
ochod,Cinnamomum,carolinense,CICA2
laurel avispillo,Cinnamomum,elongatum,CIEL2
avispillo,Cinnamomum,montanum,CIMO3
ochod,Cinnamomum,pedatinervium,CIPE6
ochna,Ochna,spp.,OCHNA
Thomas birds-eye bush,Ochna,thomasiana,OCTH
Ochroma pyramidale,Ochroma,pyramidale,OCPY
holei,Ochrosia,compta,OCCO
island yellowwood,Ochrosia,haleakalae,OCHA
Kauai yellowwood,Ochrosia,kauaiensis,OCKA
Hawaii yellowwood,Ochrosia,kilaueaensis,OCKI
yellowwood,Ochrosia,spp.,OCHRO2
laurel espada,Ocotea,floribunda,OCFL
black sweetwood,Ocotea,foeniculacea,OCFO
loblolly sweetwood,Ocotea,leucoxylon,OCLE
nemoca,Ocotea,moschata,OCMO
laurel sassafras,Ocotea,nemodaphne,OCNE
laurel de paloma,Ocotea,portoricensis,OCPO
nemoca cimarrona,Ocotea,spathulata,OCSP
Wright's laurel canelon,Ocotea,wrightii,OCWR
olive,Olea,europaea,OLEU
olive,Olea,spp.,OLEA
fanuamamala,Homalanthus,acuminatus,HOAC4
fanuamamala,Homalanthus,nutans,HONU3
Homalanthus,Homalanthus,spp.,HOMAL6
cochineal nopal cactus,Opuntia,cochenillifera,OPCO4
tuna cactus,Opuntia,ficus-indica,OPFI
common pricklypear,Opuntia,monacantha,OPMO5
pricklypear,Opuntia,spp.,OPUNT
"amansis, edebsungelked, necklace bead tree",Ormosia,calavensis,ORCA12
peronia,Ormosia,krugii,ORKR
kesiamel,Osmoxylon,oliveri,OSOL
kesiamel,Osmoxylon,pachyphyllum,OSPA
Osmoxylon,Osmoxylon,spp.,OSMOX
pincho palo de rosa,Ottoschulzia,rhodoxylon,OTRH
chicharron amarillo,Ouratea,ilicifolia,OUIL
abey amarillo,Ouratea,littoralis,OULI
guanabanilla,Ouratea,striata,OUST
blacklancewood,Oxandra,lanceolata,OXLA4
haya,Oxandra,laurifolia,OXLA5
"miich era ngebard, guiana chestnut",Pachira,aquatica,PAAQ2
wild chestnut,Pachira,insignis,PAIN7
gasu,Palaquium,stehlinii,PAST24
tafetan,Palicourea,alpina,PAAL9
red cappel,Palicourea,crocea,PACR3
Palicourea croceoides,Palicourea,croceoides,PACR18
showy cappel,Palicourea,guianensis,PAGU
chertochet,Pandanus,aimiriikensis,PAAI
matal,Pandanus,cominsii,PACO51
ongor,Pandanus,compressus,PACO3
silaue,Pandanus,cylindricus,PACY10
kienpel,Pandanus,dilatatus,PADI2
ongor,Pandanus,divergens,PADI29
pahong,Pandanus,dubius,PADU3
ongor,Pandanus,duriocarpus,PADU4
moak,Pandanus,enchabiensis,PAEN
hara,Pandanus,fischerianus,PAFI
aggag,Pandanus,fragrans,PAFR7
nenketak,Pandanus,hosinoi,PAHO6
pacheren,Pandanus,jaluitensis,PAJA3
buuk,Pandanus,kanehirae,PAKA2
siu,Pandanus,korrensis,PAKO2
lakatwa,Pandanus,lakatwa,PALA3
"erwan, jonmouia",Pandanus,laticanaliculatus,PALA4
"intekul, pasyure",Pandanus,macrocephalus,PAMA3
"ongor, ertochet",Pandanus,macrojeanneretia,PAMA32
menne,Pandanus,menne,PAME18
Palaquium karrak,Palaquium,karrak,PAKA
Pandanus odontoides,Pandanus,odontoides,PAOD2
"ongor, ertochet",Pandanus,palawensis,PAPA38
peet,Pandanus,patina,PAPA39
ongor,Pandanus,peliliuensis,PAPE
"alwan, kipal, taip",Pandanus,ponapensis,PAPO2
"deipw, jomineia",Pandanus,pulposus,PAPU18
pathaplip,Pandanus,rectangulatus,PARE2
fasa,Pandanus,reineckei,PARE19
magojokojok,Pandanus,rotundatus,PARO2
matieu,Cinnamomum,sessilifolium,CISE2
cinnamon,Cinnamomum,spp.,CINNA2
cinnamon,Cinnamomum,verum,CIVE2
juniper berry,Citharexylum,caudatum,CICA8
spiny fiddlewood,Citharexylum,spinosum,CISP3
fiddlewood,Citharexylum,spp.,CITHA
threespike fiddlewood,Citharexylum,tristachyum,CITR7
samoensis,Citronella,samoensis,CISA2
Lime (Tipolo),Citrus,aurantifolia,CIAU
key lime,Citrus,xaurantiifolia,CIAU7
sour orange,Citrus,xaurantium,CIAU8
lemon,Citrus,xlimon,CILI5
grapefruit,Citrus,xparadisi,CIPA3
sweet orange,Citrus,xsinensis,CISI3
"grapefruit, kahet magas",Citrus,grandis,CIGR
limon china,Citrus,hystrix,CIHY2
"kahet, wild orange",Citrus,macroptera,CIMA10
Citrus maxima,Citrus,maxima,CIMA5
Citrus medica,Citrus,medica,CIME3
"calamondin, kingkang",Citrus,mitis,CIMI3
Citrus reticulata,Citrus,reticulata,CIRE3
koee,Claoxylon,carolinianum,CLCA15
Claoxylon fallax,Claoxylon,fallax,CLFA6
Claoxylon longiracemosum,Claoxylon,longiracemosum,CLLO5
"katteknau, katot",Claoxylon,marianum,CLMA25
poola,Claoxylon,sandwicense,CLSA
claoxylon,Claoxylon,spp.,CLAOX
Cleistanthus carolinianus,Cleistanthus,carolinianus,CLCA18
Cleistanthus insularis,Cleistanthus,insularis,CLIN8
Cleistanthus,Cleistanthus,spp.,CLEIS5
oha wai nui Clermontia,Clermontia,leptoclada,CLLE3
oha wai nui,Clermontia,arborescens,CLAR4
Kauai clermontia,Clermontia,clermontioides,CLCL
Kohala Mountain clermontia,Clermontia,drepanomorpha,CLDR2
haha aiakamanu,Clermontia,fauriei,CLFA
bog clermontia,Clermontia,grandiflora,CLGR3
oha kepau,Clermontia,hawaiiensis,CLHA4
forest clermontia,Clermontia,kakeana,CLKA
Waipio Valley clermontia,Clermontia,kohalae,CLKO
hillside clermontia,Clermontia,lindseyana,CLLI3
Maui clermontia,Clermontia,micrantha,CLMI3
Mauna Loa clermontia,Clermontia,montis-loa,CLMO5
Oahu clermontia,Clermontia,oblongifolia,CLOB2
Wailai Pali clermontia,Clermontia,pallida,CLPA6
smallflower clermontia,Clermontia,parviflora,CLPA8
pele clermontia,Clermontia,peleana,CLPE2
Waioiani clermontia,Clermontia,persicifolia,CLPE3
Hamakua clermontia,Clermontia,pyrularia,CLPY2
Clermontia singuliflora,Clermontia,singuliflora,CLSI3
clermontia,Clermontia,spp.,CLERM
Haleakala clermontia,Clermontia,tuberculata,CLTU2
swampforest clermontia,Clermontia,waimeae,CLWA2
haggarbush,Clerodendrum,aculeatum,CLAC2
stickbush,Clerodendrum,chinense,CLCH4
Natal glorybower,Clerodendrum,glabrum,CLGL2
turks turbin,Clerodendrum,indicum,CLIN
velvetleaf glorybower,Clerodendrum,macrostegium,CLMA24
glorybower,Clerodendrum,spp.,CLERO2
teta prieta,Cleyera,albopunctata,CLAL4
jackass breadnut,Clibadium,erosum,CLER
Clidemia cymosa,Clidemia,cymosa,CLCY5
soapbush,Clidemia,hirta,CLHI3
Philippine pigeonwings,Clitoria,fairchildiana,CLFA5
cupeillo,Clusia,clusioides,CLCL2
Grundlach's attorney,Clusia,gundlachii,CLGU
cupey de monte,Clusia,minor,CLMI2
Scotch attorney,Clusia,rosea,CLRO
attorney,Clusia,spp.,CLUSI
deepwoods fern,Cnemidaria,horrida,CNHO
screwpine,Pandanus,spp.,PANDA
Tahitian screwpine,Pandanus,tectorius,PATE2
kiparenwel,Pandanus,tolotomensis,PATO6
mojel,Pandanus,trukensis,PATR
common screwpine,Pandanus,utilis,PAUT
berrakelongor,Pandanus,variegatus,PAVA4
rauel,Pangium,edule,PAED4
"lonlin, lajokorer",Pandanus,obliquus,PAOB7
scratchthroat,Parathesis,crenulata,PACR2
sea,Parinari,insularum,PAIN20
ais,Parinari,laurina,PALA5
Parinari,Parinari,spp.,PARIN
parkia,Parkia,spp.,PARKI3
Parkia korom,Parkia,korom,PAKO5
kmekumer,Parkia,parvifoliola,PAPA2
Parkia timoriana,Parkia,timoriana,PATI5
Jerusalem thorn,Parkinsonia,aculeata,PAAC3
paloverde,Parkinsonia,spp.,PARKI2
cuachilote,Parmentiera,aculeata,PAAC13
candle tree,Parmentiera,cereifera,PACE8
Peltophorum pterocarpum,Peltophorum,pterocarpum,PEPT3
ngis,Pemphis,acidula,PEAC6
butter tree,Pentadesma,butyracea,PEBU4
jiqi,Pera,bumeliifolia,PEBU2
Pericopsis mooniana,Pericopsis,mooniana,PEMO13
olomea,Perrottetia,sandwicensis,PESA3
canela,Persea,krugii,PEKR
aquacatillo,Persea,urbaniana,PEUR2
bastard stopper,Petitia,domingensis,PEDO
aquilon prieto,Phialanthus,grandifolius,PHGR11
candlewood,Phialanthus,myrtilloides,PHMY
Canary Island date palm,Phoenix,canariensis,PHCA13
date palm,Phoenix,dactylifera,PHDA4
date palm,Phoenix,spp.,PHOEN2
date palm,Phoenix,sylvestris,PHSY3
Chinese  photinia,Photinia,davidiana,PHDA5
Tahitian gooseberry tree,Phyllanthus,acidus,PHAC3
pamakani mahu,Phyllanthus,distichus,PHDI10
gamo de costa,Phyllanthus,juglandifolius,PHJU2
Phyllanthus orbicularis,Phyllanthus,orbicularis,PHOR10
Florida bitterbush,Picramnia,pentandra,PIPE
bitterwood,Picrasma,excelsa,PIEX
fustic,Pictetia,aculeata,PIAC
aceitillo,Pilocarpus,racemosus,PIRA3
Royen's tree cactus,Pilosocereus,royenii,PIRO6
allspice,Pimenta,dioica,PIDI2
bayrumtree,Pimenta,racemosa,PIRA
bayrumtree,Pimenta,racemosa,PIRAG
Pimenta,Pimenta,spp.,PIMEN
"chebouch, demailei",Pinanga,insignis,PIIN5
Caribbean pine,Pinus,caribaea,PICA18
Chinese red pine,Pinus,massoniana,PIMA11
Merkus pine,Pinus,merkusii,PIME2
ocote chino,Pinus,oocarpa,PIOO2
Mexican weeping pine,Pinus,patula,PIPA13
maritime pine,Pinus,pinaster,PIPI6
higuillo de hoja menuda,Piper,aduncum,PIAD
higuillo de limon,Piper,amalago,PIAM2
moth pepper,Piper,blattarum,PIBL
Pacific silver fir,Abies,amabilis,ABAM
balsam fir,Abies,balsamea,ABBA
Santa Lucia or bristlecone fir,Abies,bracteata,ABBR
white fir,Abies,concolor,ABCO
Fraser fir,Abies,fraseri,ABFR
grand fir,Abies,grandis,ABGR
corkbark fir,Abies,lasiocarpa,ABLAA
subalpine fir,Abies,lasiocarpa,ABLA
California red fir,Abies,magnifica,ABMA
Shasta red fir,Abies,shastensis,ABSH
noble fir,Abies,procera,ABPR
white-cedar spp.,Chamaecyparis,spp.,CHAMA4
Port-Orford-cedar,Chamaecyparis,lawsoniana,CHLA
Alaska yellow-cedar,Chamaecyparis,nootkatensis,CHNO
Atlantic white-cedar,Chamaecyparis,thyoides,CHTH2
cypress,Cupressus,spp.,CUPRE
Arizona cypress,Cupressus,arizonica,CUAR
Baker or Modoc cypress,Cupressus,bakeri,CUBA
Tecate cypress,Cupressus,forbesii,CUFO2
Monterey cypress,Cupressus,macrocarpa,CUMA2
Sargent's cypress,Cupressus,sargentii,CUSA3
MacNab's cypress,Cupressus,macnabiana,CUMA
redcedar/juniper spp.,Juniperus,spp.,JUNIP
Pinchot juniper,Juniperus,pinchotii,JUPI
redberry juniper,Juniperus,coahuilensis,JUCO11
Drooping juniper,Juniperus,flaccida,JUFL
Ashe juniper,Juniperus,ashei,JUAS
California juniper,Juniperus,californica,JUCA7
alligator juniper,Juniperus,deppeana,JUDE2
western juniper,Juniperus,occidentalis,JUOC
Utah juniper,Juniperus,osteosperma,JUOS
Rocky Mountain juniper,Juniperus,scopulorum,JUSC2
southern redcedar,Juniperus,virginiana,JUVIS
eastern redcedar,Juniperus,virginiana,JUVI
oneseed juniper,Juniperus,monosperma,JUMO
larch spp.,Larix,spp.,LARIX
tamarack (native),Larix,laricina,LALA
subalpine larch,Larix,lyallii,LALY
western larch,Larix,occidentalis,LAOC
incense-cedar,Calocedrus,decurrens,CADE27
spruce spp.,Picea,spp.,PICEA
Norway spruce,Picea,abies,PIAB
Brewer spruce,Picea,breweriana,PIBR
Engelmann spruce,Picea,engelmannii,PIEN
white spruce,Picea,glauca,PIGL
black spruce,Picea,mariana,PIMA
blue spruce,Picea,pungens,PIPU
red spruce,Picea,rubens,PIRU
treadsoftly,Cnidoscolus,aconitifolius,CNAC
uvilla,Coccoloba,costata,COCO8
whitewood,Coccoloba,krugii,COKR
puckhout,Coccoloba,microstachya,COMI
pale seagrape,Coccoloba,pallida,COPA24
grandleaf seagrape,Coccoloba,pubescens,COPU
uvera,Coccoloba,pyrifolia,COPY
ortegon,Coccoloba,rugosa,CORU4
uvero de monte,Coccoloba,sintenisii,COSI2
Swartz's pigeonplum,Coccoloba,swartzii,COSW
Bahama pigeonplum,Coccoloba,tenuifolia,COTE9
seagrape,Coccoloba,uvifera,COUV
false chiggergrape,Coccoloba,venosa,COVE
Coccothrinax barbadensis,Coccothrinax,barbadensis,COBA3
silk cottontree,Cochlospermum,vitifolium,COVI
coconut palm,Cocos,spp.,COCOS
garden croton,Codiaeum,variegatum,COVA3
Arabian coffee,Coffea,arabica,COAR2
Coffea liberica,Coffea,liberica,COLI8
coffee,Coffea,spp.,COFFE
Cojoba arborea,Cojoba,arborea,COAR9
abata cola,Cola,acuminata,COAC4
"uab, chuchab",Colona,scabra,COSC13
greenheart,Colubrina,arborescens,COAR3
Asian nakedwood,Colubrina,asiatica,COAS3
kauila,Colubrina,oppositifolia,COOP
nakedwood,Colubrina,spp.,COLUB
Urban's nakedwood,Colubrina,verrucosa,COVE6
ochaol,Combretum,tetralophum,COTE15
Mao,Commersonia,bartramia,COBA17
poison ash,Comocladia,dodonaea,CODO
carrasco,Comocladia,glabra,COGL4
mangrove,Conocarpus,spp.,CONOC
Luquillo Mountain snailwood,Conostegia,rufescens,CORU17
Consolea moniliformis,Consolea,moniliformis,COMO8
Consolea rubescens,Consolea,rubescens,CORU8
copaiba,Copaifera,officinalis,COOF2
forest mirrorplant,Coprosma,foliosa,COFO2
koi,Coprosma,kauensis,COKA
Oahu mirrorplant,Coprosma,longifolia,COLO4
alpine mirrorplant,Coprosma,montana,COMO3
Maui mirrorplant,Coprosma,ochracea,COOC3
pubescent mirrorplant,Coprosma,pubens,COPU8
woodland mirrorplant,Coprosma,rhynchocarpa,CORH
mirrorplant,Coprosma,spp.,COPRO
olena,Coprosma,waimeae,COWA4
Spanish elm,Cordia,alliodora,COAL
Tou,Cordia,aspera,COAS6
muneco,Cordia,borinquensis,COBO3
red manjack,Cordia,collococca,COCO5
fragrant manjack,Cordia,dichotoma,CODI18
smooth manjack,Cordia,laevigata,COLA12
Cordia micronesica,Cordia,micronesica,COMI6
clammy cherry,Cordia,obliqua,COOB3
San Bartolome,Cordia,rickseckeri,CORI
Puerto Rico manjack,Cordia,rupicola,CORU5
cordia,Cordia,spp.,CORDI
kou,Cordia,subcordata,COSU2
Guyanese pepper,Piper,glabrescens,PIGL3
Jamaican pepper,Piper,hispidum,PIHI2
Caracas pepper,Piper,jacquemontianum,PIJA
marigold pepper,Piper,marginatum,PIMA4
spanish elder,Piper,swartzianum,PISW
Waimea pipturus,Pipturus,albidus,PIAL2
soga,Pipturus,argenteus,PIAR8
pipturus,Pipturus,spp.,PIPTU
stinkwood,Piscidia,carthagenensis,PICA5
piscidia,Piscidia,spp.,PISCI
corcho bobo,Pisonia,albida,PIAL3
Australasian catchbirdtree,Pisonia,brunoniana,PIBR3
grand devils-claws,Pisonia,grandis,PIGR6
aulu,Pisonia,sandwicensis,PISA5
catchbirdtree,Pisonia,spp.,PISON
water mampoo,Pisonia,subcordata,PISU
umbrella catchbirdtree,Pisonia,umbellifera,PIUM2
Kauai catchbirdtree,Pisonia,wagneriana,PIWA2
monkeypod,Pithecellobium,dulce,PIDU
catclaw blackbead,Pithecellobium,unguis-cati,PIUN
"Mona cheesewood, Pittosporum",Pittosporum,monae,PIMO4
Hawaii poisonberry tree,Pittosporum,argentifolium,PIAR4
hoawa,Pittosporum,confertiflorum,PICO4
Waianae Range cheesewood,Pittosporum,flocculosum,PIFL4
Waialeale cheesewood,Pittosporum,gayanum,PIGA2
Koolau Range cheesewood,Pittosporum,glabrum,PIGL4
hoawa,Pittosporum,halophilum,PIHA3
Hawaii cheesewood,Pittosporum,hawaiiense,PIHA4
Kona cheesewood,Pittosporum,hosmeri,PIHO
Kauai cheesewood,Pittosporum,kauaiense,PIKA3
royal cheesewood,Pittosporum,napaliense,PINA
Taiwanese cheesewood,Pittosporum,pentandrum,PIPE8
cheesewood,Pittosporum,spp.,PITTO
cream cheesewood,Pittosporum,terminalioides,PITE5
Australian cheesewood,Pittosporum,undulatum,PIUN2
cape cheesewood,Pittosporum,viridiflorum,PIVI5
alaa,Planchonella,garberi,PLGA2
alaa,Planchonella,grayana,PLGR11
alaa,Planchonella,linggensis,PLLI6
mamalava,Planchonella,samoensis,PLSA9
Planchonella,Planchonella,spp.,PLANC
mamalava,Planchonella,torricellensis,PLTO2
Oriental arborvitae,Platycladus,orientalis,PLOR80
Hawaii pilo kea,Platydesma,remyi,PLRE4
Maui pilo kea,Platydesma,spathulata,PLSP3
platydesma,Platydesma,spp.,PLATY
chupa gallo,Pleodendron,macranthum,PLMA6
golden hala pepe,Pleomele,aurea,PLAU2
Maui hala pepe,Pleomele,auwahiensis,PLAU5
Lanai hala pepe,Pleomele,fernaldii,PLFE
Waianae Range hala pepe,Pleomele,forbesii,PLFO2
royal hala pepe,Pleomele,halapepe,PLHA3
Hawaii hala pepe,Pleomele,hawaiiensis,PLHA4
hala pepe,Pleomele,spp.,PLEOM
nosegaytree,Plumeria,alba,PLAL
Singapore graveyard flower,Plumeria,obtusa,PLOB2
Plumeria obtusa,Plumeria,obtusa,PLOBO
templetree,Plumeria,rubra,PLRU2
Plumeria,Plumeria,spp.,PLUME
yucca plum pine,Podocarpus,coriaceus,POCO3
Poitea florida,Poitea,florida,POFL20
Poitea punicea,Poitea,punicea,POPU19
violet tree,Polygala,cowellii,POCO5
crevajosa,Polygala,penaea,POPE13
bungaruau,Polyscias,grandifolia,POGR28
geranium aralia,Polyscias,guilfoylei,POGU
bngei,Polyscias,nodosa,PONO10
tagitagi,Polyscias,samoensis,POSA27
shield aralia,Polyscias,scutellaria,POSC10
Polyscias,Polyscias,spp.,POLYS4
tava,Pometia,pinnata,POPI12
Sitka spruce,Picea,sitchensis,PISI
pine spp.,Pinus,spp.,PINUS
whitebark pine,Pinus,albicaulis,PIAL
Rocky Mountain bristlecone pine,Pinus,aristata,PIAR
knobcone pine,Pinus,attenuata,PIAT
foxtail pine,Pinus,balfouriana,PIBA
jack pine,Pinus,banksiana,PIBA2
common or two-needle pinyon,Pinus,edulis,PIED
sand pine,Pinus,clausa,PICL
lodgepole pine,Pinus,contorta,PICO
Coulter pine,Pinus,coulteri,PICO3
shortleaf pine,Pinus,echinata,PIEC2
slash pine,Pinus,elliottii,PIEL
Apache pine,Pinus,engelmannii,PIEN2
limber pine,Pinus,flexilis,PIFL2
southwestern white pine,Pinus,strobiformis,PIST3
spruce pine,Pinus,glabra,PIGL2
Jeffrey pine,Pinus,jeffreyi,PIJE
sugar pine,Pinus,lambertiana,PILA
Chihuahua pine,Pinus,leiophylla,PILE
western white pine,Pinus,monticola,PIMO3
bishop pine,Pinus,muricata,PIMU
longleaf pine,Pinus,palustris,PIPA2
ponderosa pine,Pinus,ponderosa,PIPO
Table Mountain pine,Pinus,pungens,PIPU5
Monterey pine,Pinus,radiata,PIRA2
red pine,Pinus,resinosa,PIRE
pitch pine,Pinus,rigida,PIRI
gray or California foothill pine,Pinus,sabiniana,PISA2
pond pine,Pinus,serotina,PISE
eastern white pine,Pinus,strobus,PIST
Scotch pine,Pinus,sylvestris,PISY
loblolly pine,Pinus,taeda,PITA
Virginia pine,Pinus,virginiana,PIVI2
singleleaf pinyon,Pinus,monophylla,PIMO
border pinyon,Pinus,discolor,PIDI3
Arizona pine,Pinus,arizonica,PIAR5
Austrian pine,Pinus,nigra,PINI
Washoe pine,Pinus,washoensis,PIWA
four-leaf or Parry pinyon pine,Pinus,quadrifolia,PIQU
Torrey pine,Pinus,torreyana,PITO
Mexican pinyon pine,Pinus,cembroides,PICE
Papershell pinyon pine,Pinus,remota,PIRE5
Great Basin bristlecone pine,Pinus,longaeva,PILO
Arizona pinyon pine,Pinus,monophylla,PIMOF
Honduras pine,Pinus,elliottii,PIELE2
Douglas-fir spp.,Pseudotsuga,spp.,PSEUD7
bigcone Douglas-fir,Pseudotsuga,macrocarpa,PSMA
mucilage manjack,Cordia,sulcata,COSU3
tiplant,Cordyline,fruticosa,COFR2
cordyline,Cordyline,spp.,CORDY2
nigua,Cornutia,obovata,COOB4
azulejo,Cornutia,pyramidata,COPY2
redgum,Corymbia,calophylla,COCA48
Corymbia citriodora,Corymbia,citriodora,COCI4
redflower gum,Corymbia,ficifolia,COFI7
red bloodwood,Corymbia,gummifera,COGU4
karaka nut,Corynocarpus,laevigatus,COLA6
corynocarpus,Corynocarpus,spp.,CORYN2
cannonball tree,Couroupita,guianensis,COGU3
sacred garlic pear,Crateva,religiosa,CRRE12
"houka, calabash",Crescentia,alata,CRAL11
common calabash tree,Crescentia,cujete,CRCU
higuerito,Crescentia,linearifolia,CRLI5
higuero de sierra,Crescentia,portoricensis,CRPO6
Critonia portoricensis,Critonia,portoricensis,CRPO7
maidenberry,Crossopetalum,rhacoma,CRRH
Saitamu,Crossostylis,biflora,CRBI9
longbeak rattlebox,Crotalaria,longirostrata,CRLO3
wild marrow,Croton,astroites,CRAS3
Croton flavens,Croton,flavens,CRFL23
sabinon,Croton,poecilanthus,CRPO4
Cryptocarya oreophila,Cryptocarya,oreophila,CROR5
laulilii,Cryptocarya,elegans,CREL8
holio,Cryptocarya,mannii,CRMA8
cryptocarya,Cryptocarya,spp.,CRYPT2
laulilii,Cryptocarya,turbinata,CRTU4
Japanese cedar,Cryptomeria,japonica,CRJA3
Japanese cedar,Cryptomeria,spp.,CRYPT4
Chinese fir,Cunninghamia,lanceolata,CULA
wild ackee,Cupania,americana,CUAM
guara blanca,Cupania,triquetra,CUTR
cedar-of-Goa,Cupressus,lusitanica,CULU2
Italian cypress,Cupressus,sempervirens,CUSE2
Haleakala cyanea,Cyanea,aculeatiflora,CYAC4
palmtree cyanea,Cyanea,arborea,CYAR10
Kauai cyanea,Cyanea,fissa,CYFI6
Degeners cyanea,Cyanea,floribunda,CYFL4
Kilauea Mauna cyanea,Cyanea,giffardii,CYGI5
wetforest cyanea,Cyanea,hamatiflora,CYHA6
Oahu cyanea,Cyanea,hardyi,CYHA7
prickly cyanea,Cyanea,horrida,CYHO6
Limahuli Valley cyanea,Cyanea,kuhihewa,CYKU3
Kunths cyanea,Cyanea,kunthiana,CYKU
giant kokee cyanea,Cyanea,leptostegia,CYLE5
purple cyanea,Cyanea,macrostegia,CYMA10
Marks cyanea,Cyanea,marksii,CYMA14
hairy cyanea,Cyanea,pilosa,CYPI4
pohaku cyanea,Cyanea,pohaku,CYPO5
Molokai cyanea,Cyanea,procera,CYPR8
manyfruit cyanea,Cyanea,pycnocarpa,CYPY
oakleaf cyanea,Cyanea,quercifolia,CYQU
plateau delissea,Cyanea,rivularis,CYRI4
pua kala,Cyanea,solenocalyx,CYSO2
cyanea,Cyanea,spp.,CYANE
Kaiholena cyanea,Cyanea,stictophylla,CYST5
Mt. Kaala cyanea,Cyanea,superba,CYSU8
aku aku,Cyanea,tritomantha,CYTR6
parrotfeather treefern,Cyathea,andina,CYAN
West Indian treefern,Cyathea,arborea,CYAR
Coopers cyathea,Cyathea,cooperi,CYCO18
olioli,Cyathea,decurrens,CYDE16
Jamaican treefern,Cyathea,furfuracea,CYFU
olioli,Cyathea,lunulata,CYLU5
olioli,Cyathea,medullaris,CYME12
kattar,Cyathea,nigricans,CYNI7
small treefern,Cyathea,parvula,CYPA7
kattar,Cyathea,ponapeana,CYPO11
kattai,Ponapea,hosinoi,POHO
Ponapea ledermanniana,Ponapea,ledermanniana,POLE21
Ponapea,Ponapea,spp.,PONAP
kisaks,Pongamia,pinnata,POPI4
Abiu,Pouteria,caimito,POCA43
"elangel, chelangel",Pouteria,calcarea,POCA6
eggfruit,Pouteria,campechiana,POCA23
cocuyo,Pouteria,dictyoneura,PODI5
redmammee,Pouteria,hotteana,POHO4
bullytree,Pouteria,multiflora,POMU6
lalahag,Pouteria,obovata,POOB8
alaa,Pouteria,sandwicensis,POSA11
mammee sapote,Pouteria,sapota,POSA13
pouteria,Pouteria,spp.,POUTE
ahgao,Premna,obtusifolia,PROB
Premna pubescens,Premna,pubescens,PRPU5
aloalo,Premna,serratifolia,PRSE6
Premna,Premna,spp.,PREMN
Prestoea acuminata,Prestoea,acuminata,PRACM
Hawaii pritchardia,Pritchardia,affinis,PRAF
Maui pritchardia,Pritchardia,arecina,PRAR2
Kilauea pritchardia,Pritchardia,beccariana,PRBE
Mt. Eke pritchardia,Pritchardia,forbesiana,PRFO
Makaleha pritchardia,Pritchardia,hardyi,PRHA2
loulu lelo,Pritchardia,hillebrandii,PRHI
Waianae Range pritchardia,Pritchardia,kaalae,PRKA
Lanai pritchardia,Pritchardia,lanaiensis,PRLA3
loulu,Pritchardia,lanigera,PRLA4
Limahuli Valley pritchardia,Pritchardia,limahuliensis,PRLI2
Molokai pritchardia,Pritchardia,lowreyana,PRLO2
Koolau Range pritchardia,Pritchardia,martii,PRMA5
Alakai Swamp pritchardia,Pritchardia,minor,PRMI3
Kamalo pritchardia,Pritchardia,munroi,PRMU3
fan palm,Pritchardia,pacifica,PRPA11
Waioli Valley pritchardia,Pritchardia,perlmanii,PRPE7
Nihoa pritchardia,Pritchardia,remota,PRRE
lands of papa pritchardia,Pritchardia,schattaueri,PRSC
pritchardia,Pritchardia,spp.,PRITC
stickybud pritchardia,Pritchardia,viscosa,PRVI2
poleline pritchardia,Pritchardia,waialealeana,PRWA
guasimilla,Prockia,crucis,PRCR2
jand,Prosopis,cineraria,PRCI4
mesquite,Prosopis,juliflora,PRJU
kiawe,Prosopis,pallida,PRPA4
West Indian cherry,Prunus,myrtifolia,PRMY
western cherry laurel,Prunus,occidentalis,PROC
Prunus serotina,Prunus,serotina,PRSEC
false breadnut,Pseudolmedia,spuria,PSSP2
Florida cherry palm,Pseudophoenix,sargentii,PSSA
mountain guava,Psidium,amplexicaule,PSAM
strawberry guava,Psidium,cattleianum,PSCA
guava,Psidium,guajava,PSGU
Psidium longipes,Psidium,longipes,PSLOO
Sintenis' guava,Psidium,sintenisii,PSSI2
cachimbo-cumun,Psychotria,berteriana,PSBE
palo de cachimbo,Psychotria,brachiata,PSBR2
Browne's wild coffee,Psychotria,brownei,PSBR3
Psychotria domingensis,Psychotria,domingensis,PSDO2
Koolau Range wild coffee,Psychotria,fauriei,PSFA
largeflower wild coffee,Psychotria,grandiflora,PSGR
cachimbo grande,Psychotria,grandis,PSGR2
Kauai wild coffee,Psychotria,greenwelliae,PSGR3
Waianae Range wild coffee,Psychotria,hathewayi,PSHA2
kopikoula,Psychotria,hawaiiensis,PSHA3
woodland wild coffee,Psychotria,hexandra,PSHE2
Oahu wild coffee,Psychotria,hexandra,PSHEO
milolii kopiwai,Psychotria,hobdyi,PSHO
matalafi,Psychotria,insularum,PSIN10
kopiko kea,Psychotria,kaduana,PSKA
Douglas-fir,Pseudotsuga,menziesii,PSME
redwood,Sequoia,sempervirens,SESE3
giant sequoia,Sequoiadendron,giganteum,SEGI2
baldcypress spp.,Taxodium,spp.,TAXOD
baldcypress,Taxodium,distichum,TADI2
pondcypress,Taxodium,ascendens,TAAS
Montezuma baldcypress,Taxodium,mucronatum,TAMU
yew spp.,Taxus,spp.,TAXUS
Pacific yew,Taxus,brevifolia,TABR2
Florida yew,Taxus,floridana,TAFL
thuja spp.,Thuja,spp.,THUJA
northern white-cedar,Thuja,occidentalis,THOC2
western redcedar,Thuja,plicata,THPL
torreya (nutmeg) spp.,Torreya,spp.,TORRE
California torreya (nutmeg),Torreya,californica,TOCA
Florida torreya (nutmeg),Torreya,taxifolia,TOTA
hemlock spp.,Tsuga,spp.,TSUGA
eastern hemlock,Tsuga,canadensis,TSCA
Carolina hemlock,Tsuga,caroliniana,TSCA2
western hemlock,Tsuga,heterophylla,TSHE
mountain hemlock,Tsuga,mertensiana,TSME
Unknown dead conifer,Tree,evergreen,2TE
acacia spp.,Acacia,spp.,ACACI
sweet acacia,Acacia,farnesiana,ACFA
catclaw acacia,Acacia,greggii,ACGR
maple spp.,Acer,spp.,ACER
Florida maple,Acer,barbatum,ACBA3
bigleaf maple,Acer,macrophyllum,ACMA3
boxelder,Acer,negundo,ACNE2
black maple,Acer,nigrum,ACNI5
striped maple,Acer,pensylvanicum,ACPE
red maple,Acer,rubrum,ACRU
silver maple,Acer,saccharinum,ACSA2
sugar maple,Acer,saccharum,ACSA3
mountain maple,Acer,spicatum,ACSP2
Norway maple,Acer,platanoides,ACPL
Rocky Mountain maple,Acer,glabrum,ACGL
bigtooth maple,Acer,grandidentatum,ACGR3
chalk maple,Acer,leucoderme,ACLE
"buckeye, horsechestnut spp.",Aesculus,spp.,AESCU
Ohio buckeye,Aesculus,glabra,AEGL
yellow buckeye,Aesculus,flava,AEFL
California buckeye,Aesculus,californica,AECA
Texas buckeye,Aesculus,glabra,AEGLA
red buckeye,Aesculus,pavia,AEPA
painted buckeye,Aesculus,sylvatica,AESY
ailanthus,Ailanthus,altissima,AIAL
"mimosa, silktree",Albizia,julibrissin,ALJU
alder spp.,Alnus,spp.,ALNUS
treefern,Cyathea,spp.,CYATH
helecho gigante,Cyathea,tenera,CYTE10
olioli,Cyathea,truncata,CYTR11
Cybianthus sintenisii,Cybianthus,sintenisii,CYSI
queen sago,Cycas,circinalis,CYCI3
remiang,Cycas,revoluta,CYRE11
Cycas,Cycas,spp.,CYCAS
ola,Cyclophyllum,barbatum,CYBA7
oreganillo falso,Cynometra,portoricensis,CYPO2
gulos,Cynometra,ramiflora,CYRA8
tree-tomato,Cyphomandra,betacea,CYBE3
swamp titi,Cyrilla,racemiflora,CYRA
Cyrtandra,Cyrtandra,ramosissima,CYRA3
forest cyrtandra,Cyrtandra,giffardii,CYGI3
cyrtandra,Cyrtandra,spp.,CYRTA
candletree,Dacryodes,excelsa,DAEX
Indian rosewood,Dalbergia,sissoo,DASI
burn nose,Daphnopsis,americana,DAAM2
Heller's cieneguillo,Daphnopsis,helleriana,DAHE2
emajagua de sierra,Daphnopsis,philippiana,DAPH
Hawaii delissea,Delissea,fallax,DEFA
cutleaf delissea,Delissea,laciniata,DELA4
Niihau delissea,Delissea,niihauensis,DENI
smallflower delissea,Delissea,parviflora,DEPA9
delissea,Delissea,spp.,DELIS
leechleaf delissea,Delissea,undulata,DEUN2
royal poinciana,Delonix,regia,DERE
delonix,Delonix,spp.,DELON
salato,Dendrocnide,harveyi,DEHA5
kahtat,Dendrocnide,latifolia,DELA13
Dendrocnide,Dendrocnide,spp.,DENDR16
angelica tree,Dendropanax,arboreus,DEAR
palo de vaca,Dendropanax,laurifolius,DELA3
redpalm,Dictyosperma,album,DIAL13
chulta,Dillenia,indica,DIIN6
shrubby dillenia,Dillenia,suffruticosa,DISU11
Dimocarpus longan,Dimocarpus,longan,DILO7
mabolo,Diospyros,blancoi,DIBL3
Mabolo,Diospyros,discolor,DIDI9
Black sapote,Diospyros,ebenaster,DIEB
anume,Diospyros,elliptica,DIEL3
Diospyros ferrea,Diospyros,ferrea,DIFE5
elama,Diospyros,hillebrandii,DIHI4
persimmon,Diospyros,kaki,DIKA2
black apple,Diospyros,revoluta,DIRE6
auauli,Diospyros,samoensis,DISA16
lama,Diospyros,sandwicensis,DISA10
Chinese persimmon,Diospyros,sintenisii,DISI3
otot,Discocalyx,ponapensis,DIPO
jaboncillo,Ditta,myricoides,DIMY
Florida hopbush,Dodonaea,viscosa,DOVI
rru,Dolichandrone,spathacea,DOSP3
Ceylon gooseberry,Dovyalis,hebecarpa,DOHE2
fragrant dracaena,Dracaena,fragrans,DRFR2
Dracaena multiflora,Dracaena,multiflora,DRMU2
cafeillo,Drypetes,alba,DRAL5
varital,Drypetes,glauca,DRGL2
rosewood,Drypetes,ilicifolia,DRIL
guiana plum,Drypetes,lateriflora,DRLA3
kevert,Drypetes,nitida,DRNI3
Drypetes,Drypetes,spp.,DRYPE
none,Drypetes,vitiensis,DRVI5
Dubautia,Dubautia,demissifolia,DUDE
Dubautia,Dubautia,fallax,DUFA2
Dubautia,Dubautia,montana,DUMO2
Mauna Kea dubautia,Dubautia,arborea,DUAR
forest dubautia,Dubautia,knudsenii,DUKN
Kauai dubautia,Dubautia,microcephala,DUMI
cachimbo de gato,Psychotria,maleolens,PSMA4
aplohkateng,Psychotria,mariana,PSYMAR
cachimbo de maricao,Psychotria,maricaensis,PSMA5
forest wild coffee,Psychotria,mariniana,PSMA6
opiko,Psychotria,mauiensis,PSMA7
thicket wild coffee,Psychotria,microdon,PSMI
floating balsamo,Psychotria,nutans,PSNU2
hairy wild coffee,Psychotria,pubescens,PSPU
Psychotria rhombocarpa,Psychotria,rhombocarpa,PSRH2
Psychotria rotensis,Psychotria,rotensis,PSRO2
wild coffee,Psychotria,spp.,PSYCH
leatherleaf wild coffee,Psychotria,wawrae,PSWA2
alahee,Psydrax,odorata,PSOD
Kauai pteralyxia,Pteralyxia,kauaiensis,PTKA
ridged pteralyxia,Pteralyxia,macrocarpa,PTMA
pteralyxia,Pteralyxia,spp.,PTERA
pterocarpus,Pterocarpus,indicus,PTIN2
Burma padauk,Pterocarpus,macrocarpus,PTMA7
Malabar kino,Pterocarpus,marsupium,PTMA3
dragonsblood tree,Pterocarpus,officinalis,PTOF
Ptychococcus ledermannianus,Ptychococcus,ledermannianus,PTLE3
Macarthur feather palm,Ptychosperma,macarthuri,PTMA8
chesdbuuch,Ptychosperma,palauense,PTPA
Ptychosperma,Ptychosperma,spp.,PTYCH4
pomegranate,Punica,granatum,PUGR2
swizzlestick tree,Quararibea,turbinata,QUTU
cork oak,Quercus,suber,QUSU5
white indigoberry,Randia,aculeata,RAAC
togo vao,Rapanea,myricifolia,RAMY
omechidel,Rauvolfia,insularis,RAIN8
palo amargo,Rauvolfia,nitida,RANI2
devils-pepper,Rauvolfia,sandwicensis,RASA3
devils-pepper,Rauvolfia,spp.,RAUVO
traveler's tree,Ravenala,madagascariensis,RAMA7
tortugo prieto,Ravenia,urbanii,RAUR
vi vao,Reynoldsia,lanutoensis,RELA
ohe makai,Reynoldsia,sandwicensis,RESA
reynoldsia,Reynoldsia,spp.,REYNO
guama,Reynosia,guama,REGU
Krug's darlingplum,Reynosia,krugii,REKR
sloe,Reynosia,uncinata,REUN
Rheeda,Rheedia,edulis,RHED4
mangle,Rhizophora,apiculata,RHAP2
Rhizophora lamarckii,Rhizophora,lamarckii,RHLA12
mangle hembra,Rhizophora,mucronata,RHMU
mangrove,Rhizophora,spp.,RHIZO
Rhizophora stylosa,Rhizophora,stylosa,RHST8
rose myrtle,Rhodomyrtus,spp.,RHODO2
Rhodomyrtus tomentosus,Rhodomyrtus,tomentosa,RHTO10
neneleau,Rhus,sandwicensis,RHSA2
sumac,Rhus,spp.,RHUS
tavai,Rhus,taitensis,RHTA
castorbean,Ricinus,communis,RICO3
ricinus,Ricinus,spp.,RICIN
Rinorea carolinensis,Rinorea,carolinensis,RICA16
greenheart ebony,Rochefortia,acanthophora,ROAC2
Rochefortia spinosa,Rochefortia,spinosa,ROSP8
Rollinia,Rollinia,deliciosa,RODE5
wild sugar apple,Rollinia,mucosa,ROMU3
cordobancillo,Rondeletia,inermis,ROIN4
cordobancillo peludo,Rondeletia,pilosa,ROPI3
Juan Tomas,Rondeletia,portoricensis,ROPO
Puerto Rico royal palm,Roystonea,borinquena,ROBO
Roystonea elata,Roystonea,elata,ROEL
royal palm,Roystonea,oleracea,ROOL
red alder,Alnus,rubra,ALRU2
white alder,Alnus,rhombifolia,ALRH2
Arizona alder,Alnus,oblongifolia,ALOB2
European alder,Alnus,glutinosa,ALGL2
serviceberry spp.,Amelanchier,spp.,AMELA
common serviceberry,Amelanchier,arborea,AMAR3
roundleaf serviceberry,Amelanchier,sanguinea,AMSA
madrone spp.,Arbutus,spp.,ARBUT
Pacific madrone,Arbutus,menziesii,ARME
Arizona madrone,Arbutus,arizonica,ARAR2
Texas madrone,Arbutus,xalapensis,ARXA80
pawpaw,Asimina,triloba,ASTR
birch spp.,Betula,spp.,BETUL
yellow birch,Betula,alleghaniensis,BEAL2
sweet birch,Betula,lenta,BELE
river birch,Betula,nigra,BENI
water birch,Betula,occidentalis,BEOC2
paper birch,Betula,papyrifera,BEPA
Virginia roundleaf birch,Betula,uber,BEUB
northwestern paper birch,Betula,x utahensis,BEUT
gray birch,Betula,populifolia,BEPO
"chittamwood, gum bumelia",Sideroxylon,lanuginosum,SILAL3
"American hornbeam, musclewood",Carpinus,caroliniana,CACA18
hickory spp.,Carya,spp.,CARYA
water hickory,Carya,aquatica,CAAQ2
bitternut hickory,Carya,cordiformis,CACO15
pignut hickory,Carya,glabra,CAGL8
pecan,Carya,illinoinensis,CAIL2
shellbark hickory,Carya,laciniosa,CALA21
nutmeg hickory,Carya,myristiciformis,CAMY
shagbark hickory,Carya,ovata,CAOV2
black hickory,Carya,texana,CATE9
mockernut hickory,Carya,alba,CAAL27
sand hickory,Carya,pallida,CAPA24
scrub hickory,Carya,floridana,CAFL6
red hickory,Carya,ovalis,CAOV3
southern shagbark hickory,Carya,carolinae-septentrionalis,CACA38
chestnut spp.,Castanea,spp.,CASTA
American chestnut,Castanea,dentata,CADE12
Allegheny chinkapin,Castanea,pumila,CAPU9
Ozark chinkapin,Castanea,pumila,CAPUO
Chinese chestnut,Castanea,mollissima,CAMO83
"giant chinkapin, golden chinkapin",Chrysolepis,chrysophylla,CHCHC4
catalpa spp.,Catalpa,spp.,CATAL
southern catalpa,Catalpa,bignonioides,CABI8
northern catalpa,Catalpa,speciosa,CASP8
hackberry spp.,Celtis,spp.,CELTI
sugarberry,Celtis,laevigata,CELA
hackberry,Celtis,occidentalis,CEOC
plantainleaf dubautia,Dubautia,plantaginea,DUPL
netvein dubautia,Dubautia,reticulata,DURE2
dubautia,Dubautia,spp.,DUBAU
golden dewdrops,Duranta,erecta,DUER
Durian,Durio,zibethinus,DUZI
Dypsis lutescens,Dypsis,lutescens,DYLU
maota mea,Dysoxylum,huntii,DYHU2
maota,Dysoxylum,maota,DYMA
mamala,Dysoxylum,samoense,DYSA
Dysoxylum,Dysoxylum,spp.,DYSOX
oil nut palm,Elaeis,guineensis,ELGU
kalia,Elaeocarpus,bifidus,ELBI
syatak,Elaeocarpus,carolinensis,ELCA20
`a`mati`e,Elaeocarpus,floridanus,ELFL6
Elaeocarpus graeffei,Elaeocarpus,graeffei,ELGR
sapatua,Elaeocarpus,grandis,ELGR6
joga,Elaeocarpus,joga,ELJO
Elaeocarpus kerstingianus,Elaeocarpus,kerstingianus,ELKE
"maratte, opop",Elaeocarpus,kusanoi,ELKU
Elaeocarpus,Elaeocarpus,spp.,ELAEO
aamatie,Elaeocarpus,tonganus,ELTO4
Elaeocarpus,Elaeocarpus,ulianus,ELUL
taputoi,Elattostachys,falcata,ELFA3
utuutu,Eleocharis,dulcis,ELDU3
elaeocarpa,Endiandra,elaeocarpa,ENEL
monkeysoap,Enterolobium,cyclocarpum,ENCY
loquat,Eriobotrya,japonica,ERJA3
loquat,Eriobotrya,spp.,ERIOB
blacktorch,Erithalis,fruticosa,ERFR4
machete,Erythrina,berteriana,ERBE3
coral erythrina,Erythrina,corallodendron,ERCO22
crybabytree,Erythrina,crista-galli,ERCR6
cock's spur,Erythrina,eggersii,EREG
bucayo,Erythrina,fusca,ERFU2
mountain immortelle,Erythrina,poeppigiana,ERPO5
wili wili,Erythrina,sandwicensis,ERSA11
erythrina,Erythrina,spp.,ERYTH
gatae palagi,Erythrina,subumbrans,ERSU15
tiger's claw,Erythrina,variegata,ERVA7
tiger's claw,Erythrina,variegata,ERVAO
acuminatissimum,Erythrospermum,acuminatissimum,ERAC10
swamp-redwood,Erythroxylum,areolatum,ERAR17
ratwood,Erythroxylum,rotundifolium,ERRO3
rufous false cocaine,Erythroxylum,rufum,ERRU4
Urban's false cocaine,Erythroxylum,urbanii,ERUR4
southern mahogany,Eucalyptus,botryoides,EUBO2
applebox,Eucalyptus,bridgesiana,EUBR2
argyle apple,Eucalyptus,cinerea,EUCI80
sugargum,Eucalyptus,cladocalyx,EUCL
yate,Eucalyptus,cornuta,EUCO3
narrowleaf red ironbark,Eucalyptus,crebra,EUCR
roundleaf gum,Eucalyptus,deanei,EUDE
Indonesian gum,Eucalyptus,deglupta,EUDE2
tuart,Eucalyptus,gomphocephala,EUGO
mountain graygum,Eucalyptus,goniocalyx,EUGO2
white box,Eucalyptus,hemiphloia,EUHE12
spotted gum,Eucalyptus,maculata,EUMA23
jarrah,Eucalyptus,marginata,EUMA4
Australian tallowwood,Eucalyptus,microcorys,EUMI
gray ironbark,Eucalyptus,paniculata,EUPA
blackbutt,Eucalyptus,pilularis,EUPI
black ironbox,Eucalyptus,raveretiana,EURA4
redmahogany,Eucalyptus,resinifera,EURE2
Western Australian floodedgum,Eucalyptus,rudis,EURU2
black peppermint,Eucalyptus,salicifolia,EUSA17
Sydney bluegum,Eucalyptus,saligna,EUSA
red ironbark,Eucalyptus,sideroxylon,EUSI2
forest redgum,Eucalyptus,tereticornis,EUTE
manna gum,Eucalyptus,viminalis,EUVI
"edebsachel, chedebsachel",Eugenia,aquea,EUAQ
Puerto Rico palmetto,Sabal,causiarum,SACA
white hogwood,Sagraea,umbrosa,SAUM3
Salix humboldtiana,Salix,humboldtiana,SAHU
"etkeam, cheskeam",Samadera,indica,SAIN13
raintree,Samanea,saman,SASA10
raintree,Samanea,spp.,SAMAN
common elderberry,Sambucus,nigra,SANIC4
raintree,Sambucus,spp.,SAMBU
Graves oak,Quercus,gravesii,QUGR2
Mexican white oak,Quercus,polymorpha,QUPO2
Buckley oak,Quercus,buckleyi,QUBU2
Lacey oak,Quercus,laceyi,QULA
coastal sandalwood,Santalum,ellipticum,SAEL2
forest sandalwood,Santalum,freycinetianum,SAFR4
Haleakala sandalwood,Santalum,haleakalae,SAHA3
mountain sandalwood,Santalum,paniculatum,SAPA7
willowleaf sandalwood,Santalum,salicifolium,SASA8
sandalwood,Santalum,spp.,SANTA
lonomea,Sapindus,oahuense,SAOA3
wingleaf soapberry,Sapindus,saponaria,SASA4
soapberry,Sapindus,spp.,SAPIN
vitiensis,Sapindus,vitiensis,SAVI17
gumtree,Sapium,glandulosum,SAGL5
maskerekur,Sapium,indicum,SAIN2
hinchahuevos,Sapium,laurifolium,SALA25
milktree,Sapium,laurocerasus,SALA8
uunu,Sarcopygme,pacifica,SAPA35
amansa guapo,Savia,sessiliflora,SASE6
"Scaevola, naupaka",Scaevola,cerasifolia,SCCE3
naupaka kuahiwi,Scaevola,chamissoniana,SCCH3
mountain naupaka,Scaevola,gaudichaudiana,SCGA2
forest naupaka,Scaevola,procera,SCPR
naupaka,Scaevola,spp.,SCAEV
Florida boxwood,Schaefferia,frutescens,SCFR
schaefferia,Schaefferia,spp.,SCHAE
guayabilla,Samyda,dodecandra,SADO7
yuquilla,Schefflera,gleasonii,SCGL6
matchwood,Schefflera,morototonii,SCMO10
samoensis,Schefflera,samoensis,SCSA10
Toitoi,Scaevola,taccada,SCTA
Peruvian peppertree,Schinus,molle,SCMO
Brazilian peppertree,Schinus,terebinthifolius,SCTE
Brazilian firetree,Schizolobium,parahybum,SCPA23
lac tree,Schleichera,oleosa,SCOL3
arana,Schoepfia,arenaria,SCAR2
white beefwood,Schoepfia,obovata,SCOB
gulf graytwig,Schoepfia,schreberi,SCSC3
kuat,Scyphiphora,hydrophyllacea,SCHY5
poumuli,Securinega,flexuosa,SEFL9
tonget,Semecarpus,venenosa,SEVE4
emperor's candlesticks,Senna,alata,SEAL4
flor de San Jose,Senna,atomaria,SEAT3
Gaudichauds senna,Senna,gaudichaudii,SEGA2
false sicklepod,Senna,multijuga,SEMU5
valamuerto,Senna,pendula,SEPE4
retama prieta,Senna,polyphylla,SEPO5
senna,Senna,septemtrionalis,SESE13
Siamese cassia,Senna,siamea,SESI3
casia amarilla,Senna,spectabilis,SESP9
senna,Senna,spp.,SENNA
Senna sulfurea,Senna,sulfurea,SESU10
netleaf hackberry,Celtis,laevigata,CELAR
eastern redbud,Cercis,canadensis,CECA4
curlleaf mountain-mahogany,Cercocarpus,ledifolius,CELE3
yellowwood,Cladrastis,kentukea,CLKE
dogwood spp.,Cornus,spp.,CORNU
flowering dogwood,Cornus,florida,COFL2
Pacific dogwood,Cornus,nuttallii,CONU4
hawthorn spp.,Crataegus,spp.,CRATA
cockspur hawthorn,Crataegus,crus-galli,CRCR2
downy hawthorn,Crataegus,mollis,CRMO2
Brainerd's hawthorn,Crataegus,brainerdii,CRBR3
pear hawthorn,Crataegus,calpodendron,CRCA
fireberry hawthorn,Crataegus,chrysocarpa,CRCH
broadleaf hawthorn,Crataegus,dilatata,CRDI
fanleaf hawthorn,Crataegus,flabellata,CRFL
oneseed hawthorn,Crataegus,monogyna,CRMO3
scarlet hawthorn,Crataegus,pedicellata,CRPE
eucalyptus spp.,Eucalyptus,spp.,EUCAL
Tasmanian bluegum,Eucalyptus,globulus,EUGL
river redgum,Eucalyptus,camaldulensis,EUCA2
grand eucalyptus,Eucalyptus,grandis,EUGR12
swampmahogany,Eucalyptus,robusta,EURO2
persimmon spp.,Diospyros,spp.,DIOSP
common persimmon,Diospyros,virginiana,DIVI5
Texas persimmon,Diospyros,texana,DITE3
Anacua knockaway,Ehretia,anacua,EHAN
American beech,Fagus,grandifolia,FAGR
ash spp.,Fraxinus,spp.,FRAXI
white ash,Fraxinus,americana,FRAM2
Oregon ash,Fraxinus,latifolia,FRLA
black ash,Fraxinus,nigra,FRNI
green ash,Fraxinus,pennsylvanica,FRPE
pumpkin ash,Fraxinus,profunda,FRPR
blue ash,Fraxinus,quadrangulata,FRQU
velvet ash,Fraxinus,velutina,FRVE2
Carolina ash,Fraxinus,caroliniana,FRCA3
Texas ash,Fraxinus,texensis,FRTE
honeylocust spp.,Gleditsia,spp.,GLEDI
waterlocust,Gleditsia,aquatica,GLAQ
honeylocust,Gleditsia,triacanthos,GLTR
loblolly-bay,Gordonia,lasianthus,GOLA
"ginkgo, maidenhair tree",Ginkgo,biloba,GIBI2
Kentucky coffeetree,Gymnocladus,dioicus,GYDI
silverbell spp.,Halesia,spp.,HALES
Carolina silverbell,Halesia,carolina,HACA3
two-wing silverbell,Halesia,diptera,HADI3
little silverbell,Halesia,parviflora,HAPA2
American holly,Ilex,opaca,ILOP
white stopper,Eugenia,axillaris,EUAX
blackrodwood,Eugenia,biflora,EUBI
Sierra de Cayey stopper,Eugenia,boqueronensis,EUBO3
guayabota de sierra,Eugenia,borinquensis,EUBO4
cloves,Eugenia,caryophyllus,EUCA16
redberry stopper,Eugenia,confusa,EUCO4
lathberry,Eugenia,cordata,EUCO5
lathberry,Eugenia,cordata,EUCOS
sperry guava,Eugenia,corozalensis,EUCO13
serrette guave,Eugenia,domingensis,EUDO
guasabara,Eugenia,eggersii,EUEG
smooth rodwood,Eugenia,glabrata,EUGL6
Luquillo Mountain stopper,Eugenia,haematocarpa,EUHA4
"macupa, wax apple",Eugenia,javanica,EUJA4
nioi,Eugenia,koolauensis,EUKO
privet stopper,Eugenia,ligustrina,EULI
"makupa, malay apple",Eugenia,malaccensis,EUMA5
birdcherry,Eugenia,monticola,EUMO
Eugenia nitida,Eugenia,nitida,EUNI2
orenged,Eugenia,palauensis,EUPA3
agatelang,Eugenia,palumbis,EUPA28
rockmyrtle,Eugenia,procera,EUPR4
Christmas cherry,Eugenia,pseudopsidium,EUPS
mountain stopper,Eugenia,reinwardtiana,EURE7
serrasuela,Eugenia,serrasuela,EUSE9
sessileleaf stopper,Eugenia,sessiliflora,EUSE10
stopper,Eugenia,spp.,EUGEN
Stahl's stopper,Eugenia,stahlii,EUST3
luluhut,Eugenia,stelechantha,EUST24
Stewardson's stopper,Eugenia,stewardsonii,EUST6
rebotel,Eugenia,suzukii,EUSU9
atoto,Eugenia,thompsonii,EUTH4
Underwood's stopper,Eugenia,underwoodii,EUUN
Surinam cherry,Eugenia,uniflora,EUUN2
aridland stopper,Eugenia,xerophytica,EUXE
Mexican shrubby spurge,Euphorbia,cotinifolia,EUCO24
Kauai spurge,Euphorbia,haeleeleana,EUHA2
mottled spurge,Euphorbia,lactea,EULA8
Indian spurgetree,Euphorbia,neriifolia,EUNE4
manchineel berry,Euphorbia,petiolaris,EUPE8
poinsettia,Euphorbia,pulcherrima,EUPU9
spurge,Euphorbia,spp.,EUPHO
Indiantree spurge,Euphorbia,tirucalli,EUTI
Longan,Euphoria,longana,EULO7
anini,Eurya,sandwicensis,EUSA6
eurya,Eurya,spp.,EURYA
Euodia hortensis,Euodia,hortensis,EUHO5
kertub,Euodia,nitida,EUNI8
beror,Euodia,palawensis,EUPA29
Euodia ponapensis,Euodia,ponapensis,EUPO15
Euodia,Euodia,spp.,EUODI
Euodia trichantha,Euodia,trichantha,EUTR13
blinding tree,Excoecaria,agallocha,EXAG
hulumoa,Exocarpos,gaudichaudii,EXGA
exocarpos,Exocarpos,spp.,EXOCA
kotop,Exorrhiza,ponapensis,EXPO2
Caribbean princewood,Exostema,caribaeum,EXCA
plateado,Exostema,ellipticum,EXEL
Exostema sanctae-luciae,Exostema,sanctae-luciae,EXSA2
pualulu,Fagraea,berteroana,FABE
ksid,Fagraea,ksid,FAKS
Fagraea,Fagraea,spp.,FAGRA
peacocksplume,Falcataria,moluccana,FAMO
glossy shower,Senna,surattensis,SESU4
ukall,Serianthes,kanehirae,SEKA2
"hayun lago, trongkon guafi",Serianthes,nelsonii,SENE9
vegetable hummingbird,Sesbania,grandiflora,SEGR5
Egyptian riverhemp,Sesbania,sesban,SESE8
riverhemp,Sesbania,spp.,SESBA
yellow llima,Sida,fallax,SIFA
fanpetals,Sida,spp.,SIDA
espejuelo,Sideroxylon,cubense,SICU7
breakbill,Sideroxylon,obovatum,SIOB
Puerto Rico bully,Sideroxylon,portoricense,SIPO3
simarouba,Simarouba,spp.,SIMAR
aceitillo falso,Simarouba,tulae,SITU
hoja menuda,Siphoneugena,densiflora,SIDE6
bullwood,Sloanea,spp.,SLOAN
motillo,Sloanea,amygdalina,SLAM
bullwood,Sloanea,berteriana,SLBE
Solanum bahamense,Solanum,bahamense,SOBAB
mullein nightshade,Solanum,donianum,SODO3
American black nightshade,Solanum,americanum,SOAM
potatotree,Solanum,erianthum,SOER2
earleaf nightshade,Solanum,mauritianum,SOMA3
forest nightshade,Solanum,nudum,SONU4
cakalaka berry,Solanum,polygamum,SOPO
tabacon aspero,Solanum,rugosum,SORU
nightshade,Solanum,spp.,SOLAN
turkey berry,Solanum,torvum,SOTO4
mangrove,Sonneratia,alba,SOAL10
mamani,Sophora,chrysophylla,SOCH
necklacepod,Sophora,spp.,SOPHO
silver bush,Sophora,tomentosa,SOTO3
African tuliptree,Spathodea,campanulata,SPCA2
spathodea,Spathodea,spp.,SPATH
Spiraeanthemum samoense,Spiraeanthemum,samoense,SPSA7
Spondias dulcis,Spondias,dulcis,SPDU3
yellow mombin,Spondias,mombin,SPMO
Anacahuita Texas Olive,Cordia,boissieri,COBO2
purple mombin,Spondias,purpurea,SPPU
Spondias,Spondias,spp.,SPOND
cobana negra,Stahlia,monosperma,STMO
ngmui,Stemonurus,ammui,STAM10
titmel,Spondias,pinnata,SPPI4
Panama tree,Sterculia,apetala,STAP
fanaio,Sterculia,fanaiho,STFA5
hazel sterculia,Sterculia,foetida,STFO2
Sterculia palauensis,Sterculia,palauensis,STPA20
anthropophagorum,Streblus,anthropophagorum,STAN9
Hawaii roughbush,Streblus,pendulinus,STPE3
streblus,Streblus,spp.,STREB
palo de jazmin,Styrax,portoricensis,STPO3
bay cedar,Suriana,maritima,SUMA2
mahogany,Swietenia,spp.,SWIET
Honduras mahogany,Swietenia,macrophylla,SWMA
nispero cimarron,Symplocos,lanata,SYLA2
Martinique sweetleaf,Symplocos,martinicensis,SYMA
aceitunilla,Symplocos,micrantha,SYMI3
"chebtui, ebtui",Symplocos,racemosa,SYRA6
turpentine tree,Syncarpia,glomulifera,SYGL
turpentine tree,Syncarpia,spp.,SYNCA
Miracle Berry,Synsepalum,dulcificum,SYDU
walnut spp.,Juglans,spp.,JUGLA
butternut,Juglans,cinerea,JUCI
black walnut,Juglans,nigra,JUNI
northern California black walnut,Juglans,hindsii,JUHI
southern California black walnut,Juglans,californica,JUCA
Texas walnut,Juglans,microcarpa,JUMI
Arizona walnut,Juglans,major,JUMA
sweetgum,Liquidambar,styraciflua,LIST2
yellow-poplar,Liriodendron,tulipifera,LITU
tanoak,Lithocarpus,densiflorus,LIDE3
Osage-orange,Maclura,pomifera,MAPO
magnolia spp.,Magnolia,spp.,MAGNO
cucumbertree,Magnolia,acuminata,MAAC
southern magnolia,Magnolia,grandiflora,MAGR4
sweetbay,Magnolia,virginiana,MAVI2
bigleaf magnolia,Magnolia,macrophylla,MAMA2
mountain or Fraser magnolia,Magnolia,fraseri,MAFR
pyramid magnolia,Magnolia,pyramidata,MAPY
umbrella magnolia,Magnolia,tripetala,MATR
apple spp.,Malus,spp.,MALUS
Oregon crab apple,Malus,fusca,MAFU
southern crab apple,Malus,angustifolia,MAAN3
sweet crab apple,Malus,coronaria,MACO5
prairie crab apple,Malus,ioensis,MAIO
mulberry spp.,Morus,spp.,MORUS
white mulberry,Morus,alba,MOAL
red mulberry,Morus,rubra,MORU2
Texas mulberry,Morus,microphylla,MOMI
black mulberry,Morus,nigra,MONI
tupelo spp.,Nyssa,spp.,NYSSA
water tupelo,Nyssa,aquatica,NYAQ2
Ogeechee tupelo,Nyssa,ogeche,NYOG
blackgum,Nyssa,sylvatica,NYSY
swamp tupelo,Nyssa,biflora,NYBI
eastern hophornbeam,Ostrya,virginiana,OSVI
sourwood,Oxydendrum,arboreum,OXAR
"paulownia, empress-tree",Paulownia,tomentosa,PATO2
Maytenus palauica,Maytenus,palauica,MAPA28
kesiamel,Osmoxylon,truncatum,OSTR
bay spp.,Persea,spp.,PERSE
redbay,Persea,borbonia,PEBO
"water-elm, planertree",Planera,aquatica,PLAQ
sycamore spp.,Platanus,spp.,PLATA
California sycamore,Platanus,racemosa,PLRA
American sycamore,Platanus,occidentalis,PLOC
Arizona sycamore,Platanus,wrightii,PLWR2
cottonwood and poplar spp.,Populus,spp.,POPUL
balsam poplar,Populus,balsamifera,POBA2
eastern cottonwood,Populus,deltoides,PODE3
bigtooth aspen,Populus,grandidentata,POGR4
peacocksplume,Falcataria,spp.,FALCA2
false coffee,Faramea,occidentalis,FAOC
Jamaican cherry fig,Ficus,americana,FIAM
Indian banyan,Ficus,benghalensis,FIBE2
weeping fig,Ficus,benjamina,FIBE
edible fig,Ficus,carica,FICA
brown-woolly fig,Ficus,drupacea,FIDR3
Indian rubberplant,Ficus,elastica,FIEL
mati,Ficus,godeffroyi,FIGO
Ficus lutea,Ficus,lutea,FILU
fiddleleaf fig,Ficus,lyrata,FILY
Chinese banyan,Ficus,microcarpa,FIMI2
tibig,Ficus,nota,FINO3
aoa,Ficus,obliqua,FIOB3
amate,Ficus,obtusifolia,FIOB
aoa,Ficus,prolixa,FIPR2
peepul tree,Ficus,religiosa,FIRE3
Port Jackson fig,Ficus,rubiginosa,FIRU4
"lulk, banyan",Ficus,saffordii,FISA
mati vao,Ficus,scabra,FISC3
fig,Ficus,spp.,FICUS
jaguey,Ficus,stahlii,FIST
sycamore fig,Ficus,sycomorus,FISY2
Chinese banyan,Ficus,thonningii,FITH2
mati,Ficus,tinctoria,FITI2
jaguey blanco,Ficus,trigonata,FITR
mati,Ficus,uniauriculata,FIUN
higo,Ficus,virens,FIVI3
Finschia chloroxantha,Finschia,chloroxantha,FICH
burrdaisytree,Fitchia,speciosa,FISP3
governor's plum,Flacourtia,indica,FLIN
batoko plum,Flacourtia,inermis,FLIN3
filimoto,Flacourtia,rukam,FLRU2
Queensland maple,Flindersia,brayleyana,FLBR
Flueggea acidoton,Flueggea,acidoton,FLAC
poumuli,Flueggea,flexuosa,FLFL4
mehamehame,Flueggea,neowawraea,FLNE
bushweed,Flueggea,spp.,FLUEG
inkbush,Forestiera,eggersiana,FOEG
caca ravet,Forestiera,rhamnifolia,FORH
Florida swampprivet,Forestiera,segregata,FOSE
oval kumquat,Fortunella,margarita,FOMA2
California buckthorn,Frangula,californica,FRCA12
West Indian buckthorn,Frangula,sphaerosperma,FRSPL
shamel ash,Fraxinus,uhdei,FRUH
Bolivian fuchsia,Fuchsia,boliviana,FUBO
shrubby fuchsia,Fuchsia,paniculata,FUPA2
fuchsia,Fuchsia,spp.,FUCHS
silkrubber,Funtumia,elastica,FUEL
avocado,Persea,americana,PEAM3
Gourka,Garcinia,dulcis,GADU3
lemon saptree,Garcinia,hessii,GAHE5
mangosteen,Garcinia,mangostana,GAMA10
tilol,Garcinia,matsudai,GAMA8
none,Garcinia,myrtifolia,GAMY
konpuil,Garcinia,ponapensis,GAPO4
palo de cruz,Garcinia,portoricensis,GAPO2
tilol,Garcinia,rumiyo,GARU3
Garcinia,Garcinia,spp.,GARCI
Garcinia xanthochymus,Garcinia,xanthochymus,GAXA
forest gardenia,Gardenia,brighamii,GABR
Oahu gardenia,Gardenia,mannii,GAMA6
Remys gardenia,Gardenia,remyi,GARE
asi,Syzygium,brevifolium,SYBR3
popona,Syzygium,carolinense,SYCA4
asi vai,Syzygium,clusiifolium,SYCL
asi vai,Syzygium,dealatum,SYDE3
asi,Syzygium,inophylloides,SYIN2
Syzygium jambos,Syzygium,jambos,SYJA
Malaysian apple,Syzygium,malaccense,SYMA2
popona,Syzygium,richii,SYRI3
nonu vao,Syzygium,samarangense,SYSA3
fena vao,Syzygium,samoense,SYSA6
ohia ha,Syzygium,sandwicense,SYSA
syzygium,Syzygium,spp.,SYZYG
roble amarillo,Tabebuia,chrysantha,TACH3
primavera,Tabebuia,donnell-smithii,TADO2
roble cimarron,Tabebuia,haemantha,TAHA
white cedar,Tabebuia,heterophylla,TAHE
pink tabebuia,Tabebuia,pallida,TAPA10
roble de sierra,Tabebuia,rigida,TARI
pink trumpet-tree,Tabebuia,rosea,TARO
roble colorado,Tabebuia,schumanniana,TASC2
trumpet-tree,Tabebuia,spp.,TABEB
Tabernaemontana aurantiaca,Tabernaemontana,aurantiaca,TAAU3
milkwood,Tabernaemontana,citrifolia,TACI
Pulu,Tabernaemontana,pandacaqui,TAPA13
Tabernaemontana rotensis,Tabernaemontana,rotensis,TARO3
Athel tamarisk,Tamarix,aphylla,TAAP
manunu,Tarenna,sambucina,TASA2
chestnutleaf trumpetbush,Tecoma,castanifolia,TECA9
yellow trumpetbush,Tecoma,stans,TEST
teak,Tectona,grandis,TEGR
tectona,Tectona,spp.,TECTO
tropical almond,Terminalia,spp.,TERMI
kehma,Terminalia,carolinensis,TECA16
troipical almond,Terminalia,catappa,TECA
"esemiich, chesemiich",Terminalia,crassipes,TECR3
"esemiich, chesemiich",Terminalia,edulis,TEED
Ivory Coast almond,Terminalia,ivorensis,TEIV2
tropical almond,Terminalia,kaernbachii,TEKA4
East Indian almond,Terminalia,myriocarpa,TEMY
Peruvian almond,Terminalia,oblonga,TEOB
malili,Terminalia,richii,TERI3
talie,Terminalia,samoensis,TESA2
superb terminalia,Terminalia,superba,TESU2
saintedwood,Ternstroemia,heptasepala,TEHE3
palo colorado,Ternstroemia,luquillensis,TELU2
copey vera,Ternstroemia,peduncularis,TEPE
mamey de cura,Ternstroemia,stahlii,TEST3
el yunque colorado,Ternstroemia,subsessilis,TESU
masa,Tetragastris,balsamifera,TEBA
Flynnsohe,Tetraplasandra,flynnii,TEFL5
Koolau Rangeohe,Tetraplasandra,gymnocarpa,TEGY
Hawaii ohe,Tetraplasandra,hawaiensis,TEHA2
ohe ohe,Tetraplasandra,kavaiensis,TEKA3
ohe mauka,Tetraplasandra,oahuensis,TEOA
tetraplasandra,Tetraplasandra,spp.,TETRA11
Mt. Waialeale ohe,Tetraplasandra,waialealae,TEWA
ohe kiko ola,Tetraplasandra,waimeae,TEWA3
stinkingfish,Tetrazygia,angustifolia,TEAN2
Florida clover ash,Tetrazygia,bicolor,TEBI
Puerto Rico clover ash,Tetrazygia,biflora,TEBI2
krekre,Tetrazygia,elaeagnoides,TEEL
cenizo,Tetrazygia,urbanii,TEUR
cacao,Theobroma,cacao,THCA
swamp cottonwood,Populus,heterophylla,POHE4
plains cottonwood,Populus,deltoides,PODEM
quaking aspen,Populus,tremuloides,POTR5
black cottonwood,Populus,balsamifera,POBAT
Fremont cottonwood,Populus,fremontii,POFR2
narrowleaf cottonwood,Populus,angustifolia,POAN3
silver poplar,Populus,alba,POAL7
Lombardy poplar,Populus,nigra,PONI
mesquite spp.,Prosopis,spp.,PROSO
honey mesquite,Prosopis,glandulosa,PRGL2
velvet mesquite,Prosopis,velutina,PRVE
screwbean mesquite,Prosopis,pubescens,PRPU
cherry and plum spp.,Prunus,spp.,PRUNU
pin cherry,Prunus,pensylvanica,PRPE2
black cherry,Prunus,serotina,PRSE2
chokecherry,Prunus,virginiana,PRVI
peach,Prunus,persica,PRPE3
Canada plum,Prunus,nigra,PRNI
American plum,Prunus,americana,PRAM
bitter cherry,Prunus,emarginata,PREM
Allegheny plum,Prunus,alleghaniensis,PRAL5
Chickasaw plum,Prunus,angustifolia,PRAN3
"sweet cherry, domesticated",Prunus,avium,PRAV
"sour cherry, domesticated",Prunus,cerasus,PRCE
"European plum, domesticated",Prunus,domestica,PRDO
"Mahaleb cherry, domesticated",Prunus,mahaleb,PRMA
oak spp,Quercus,spp.,QUERC
California live oak,Quercus,agrifolia,QUAG
white oak,Quercus,alba,QUAL
Arizona white oak,Quercus,arizonica,QUAR
swamp white oak,Quercus,bicolor,QUBI
canyon live oak,Quercus,chrysolepis,QUCH2
scarlet oak,Quercus,coccinea,QUCO2
blue oak,Quercus,douglasii,QUDO
Durand oak,Quercus,sinuata,QUSIS
northern pin oak,Quercus,ellipsoidalis,QUEL
Emory oak,Quercus,emoryi,QUEM
Engelmann oak,Quercus,engelmannii,QUEN
southern red oak,Quercus,falcata,QUFA
cherrybark oak,Quercus,pagoda,QUPA5
Gambel oak,Quercus,gambelii,QUGA
Oregon white oak,Quercus,garryana,QUGA4
scrub oak,Quercus,ilicifolia,QUIL
shingle oak,Quercus,imbricaria,QUIM
California black oak,Quercus,kelloggii,QUKE
turkey oak,Quercus,laevis,QULA2
laurel oak,Quercus,laurifolia,QULA3
California white oak,Quercus,lobata,QULO
gardenia,Gardenia,spp.,GARDE
Tahitian gardenia,Gardenia,taitensis,GATA
manuai vivao,Garuga,floribunda,GAFL8
llume,Gaussia,attenuata,GAAT
taipoipo,Geniostoma,rupestre,GERU3
jagua,Genipa,americana,GEAM
arbol de Navidad,Gesneria,pedunculosa,GEPE4
bastard gregre,Ginoria,rohrii,GIRO
Gironniera celtidifolia,Gironniera,celtidifolia,GICE2
quickstick,Gliricidia,sepium,GLSE2
masame,Glochidion,cuspidatum,GLCU
Glochidion marianum,Glochidion,marianum,GLMA9
masame,Glochidion,ramiflorum,GLRA4
Glochidion,Glochidion,spp.,GLOCH
belau,Gmelina,elliptica,GMEL
blacheos,Gmelina,palawensis,GMPA
Gmelina,Gmelina,spp.,GMELI
Gnetum gnemon,Gnetum,gnemon,GNGN
mata buey,Goetzea,elegans,GOEL
grand merisier,Gomidesia,lindeniana,GOLI
Goniothalamus carolinensis,Goniothalamus,carolinensis,GOCA2
Creole cotton,Gossypium,barbadense,GOBA
Gossypium hirsutum,Gossypium,hirsutum,GOHIH2
Graffenrieda ottoschulzii,Graffenrieda,ottoschulzii,GROT
kahiliflower,Grevillea,banksii,GRBA
silkoak,Grevillea,robusta,GRRO
grevillea,Grevillea,spp.,GREVI
fau ui,Grewia,crenata,GRCR4
lignum-vitae,Guaiacum,officinale,GUOF
holywood,Guajacum,sanctum,GUSA
paipai,Guamia,mariannae,GUMA4
black mampoo,Guapira,fragrans,GUFR
corcho prieto,Guapira,obtusata,GUOB
alligatorwood,Guarea,glabra,GUGL3
American muskwood,Guarea,guidonia,GUGU
haya minga,Guatteria,blainii,GUBL
haya blanca,Guatteria,caribaea,GUCA2
bastardcedar,Guazuma,ulmifolia,GUUL
hammock velvetseed,Guettarda,elliptica,GUEL
frogwood,Guettarda,krugii,GUKR
cucubano de vieques,Guettarda,odorata,GUOD
cucubano,Guettarda,ovalifolia,GUOV
roseta,Guettarda,pungens,GUPU
wild guave,Guettarda,scabra,GUSC
puapua,Guettarda,speciosa,GUSP3
cucubano de monte,Guettarda,valenzuelana,GUVA
rhoifolia,Guioa,rhoifolia,GURH
Guioa,Guioa,spp.,GUIOA
"bochela uchererak, uch",Gulubia,palauensis,GUPA
West Indian false box,Gyminda,latifolia,GYLA
oysterwood,Gymnanthes,lucida,GYLU
vilivili,Gyrocarpus,americanus,GYAM2
bloodwoodtree,Haematoxylum,campechianum,HACA2
palo de hueso,Haenianthus,salicifolius,HASAO
scarletbush,Hamelia,patens,HAPA3
Haplolobus floribundus,Haplolobus,floribundus,HAFL
fa`aili,Harpullia,arborea,HAAR4
false locust,Hebestigma,cubense,HECU10
denticulata,Hedycarya,denticulata,HEDE14
Hedycarya,Hedycarya,spp.,HEDYC2
maga,Thespesia,grandiflora,THGR2
Portia tree,Thespesia,populnea,THPO3
thespesia,Thespesia,spp.,THESP
luckynut,Thevetia,peruviana,THPE3
ceboruquillo,Thouinia,striata,THST2
Puerto Rico ceboruquillo,Thouinia,striata,THSTP
Brazilian glorytree,Tibouchina,granulosa,TIGR3
glorytree,Tibouchina,spp.,TIBOU
princess-flower,Tibouchina,urvilleana,TIUR
Timonius corymbosus,Timonius,corymbosus,TICO7
Timonius mollis,Timonius,mollis,TIMO4
Timonius,Timonius,spp.,TIMON
Timonius subauritus,Timonius,subauritus,TISU3
Timonius timon,Timonius,timon,TITI
redcedar,Toona,spp.,TOONA
Australian redcedar,Toona,ciliata,TOCI
boje,Torralbasia,cuneifolia,TOCU
olona,Touchardia,latifolia,TOLA
touchardia,Touchardia,spp.,TOUCH
velvetleaf soldierbush,Tournefortia,argentea,TOAR2
cold withe,Tournefortia,filiflora,TOFI
soldierbush,Tournefortia,spp.,TOURN
magele,Trema,cannabina,TRCA33
Lamarck's trema,Trema,lamarckianum,TRLA2
Jamaican nettletree,Trema,micranthum,TRMI2
oriental trema,Trema,orientalis,TROR
trema,Trema,spp.,TREMA
broomstick,Trichilia,hirta,TRHI3
gaita,Trichilia,pallida,TRPA2
bariaco,Trichilia,triacantha,TRTR8
Trichospermum ikutai,Trichospermum,ikutai,TRIK
"elsau, oleiulakersus",Trichospermum,ledermannii,TRLE8
maouli,Trichospermum,richii,TRRI9
limeberry,Triphasia,trifolia,TRTR7
Triplaris spp.,Triplaris,spp.,TRIPL5
ant tree,Triplaris,cumingiana,TRCU6
faia,Tristiropsis,obtusangula,TROB7
white ramoon,Trophis,racemosa,TRRA4
muttonwood,Turpinia,occidentalis,TUOC
scratchbush,Urera,baccifera,URBA
flameberry,Urera,caracasana,URCA2
ortiga,Urera,chlorocarpa,URCH2
hopue,Urera,glabra,URGL
opuhe,Urera,kaalae,URKA
urera,Urera,spp.,URERA
voa vanga,Vangueria,madagascariensis,VAMA5
Manila palm,Veitchia,merrillii,VEME3
mu oil tree,Vernicia,montana,VEMO3
vernicia,Vernicia,spp.,VERNI
lilac chastetree,Vitex,agnus-castus,VIAG
"bars, beokel",Vitex,cofassus,VICO17
higuerillo,Vitex,divaricata,VIDI2
smallflower chastetree,Vitex,parviflora,VIPA6
chastetree,Vitex,spp.,VITEX
simpleleaf chastetree,Vitex,trifolia,VITR7
Wallenia lamarckiana,Wallenia,lamarckiana,WALA
ateate,Wedelia,biflora,WEBI
Weinmannia affinis,Weinmannia,affinis,WEAF
bastard briziletto,Weinmannia,pinnata,WEPI
alpine false ohelo,Wikstroemia,bicornuta,WIBI
forest false ohelo,Wikstroemia,furcata,WIFU
montane false ohelo,Wikstroemia,monticola,WIMO
Oahu false ohelo,Wikstroemia,oahuensis,WIOA
Hawaii false ohelo,Wikstroemia,phillyreifolia,WIPH2
Kohala false ohelo,Wikstroemia,pulcherrima,WIPU
variableleaf false ohelo,Wikstroemia,sandwicensis,WISA
overcup oak,Quercus,lyrata,QULY
bur oak,Quercus,macrocarpa,QUMA2
blackjack oak,Quercus,marilandica,QUMA3
swamp chestnut oak,Quercus,michauxii,QUMI
chinkapin oak,Quercus,muehlenbergii,QUMU
water oak,Quercus,nigra,QUNI
Texas red oak,Quercus,texana,QUTE
Mexican blue oak,Quercus,oblongifolia,QUOB
pin oak,Quercus,palustris,QUPA2
willow oak,Quercus,phellos,QUPH
chestnut oak,Quercus,prinus,QUPR2
northern red oak,Quercus,rubra,QURU
Shumard oak,Quercus,shumardii,QUSH
post oak,Quercus,stellata,QUST
Delta post oak,Quercus,similis,QUSI2
black oak,Quercus,velutina,QUVE
live oak,Quercus,virginiana,QUVI
interior live oak,Quercus,wislizeni,QUWI2
dwarf post oak,Quercus,margarettiae,QUMA6
dwarf live oak,Quercus,minima,QUMI2
bluejack oak,Quercus,incana,QUIN
silverleaf oak,Quercus,hypoleucoides,QUHY
Oglethorpe oak,Quercus,oglethorpensis,QUOG
dwarf chinkapin oak,Quercus,prinoides,QUPR
gray oak,Quercus,grisea,QUGR3
netleaf oak,Quercus,rugosa,QURU4
Chisos oak,Quercus,graciliformis,QUGR
sea torchwood,Amyris,elemifera,AMEL
pond-apple,Annona,glabra,ANGL4
gumbo limbo,Bursera,simaruba,BUSI
sheoak spp.,Casuarina,spp.,CASUA
gray sheoak,Casuarina,glauca,CAGL11
belah,Casuarina,lepidophloia,CALE28
camphortree,Cinnamomum,camphora,CICA
Florida fiddlewood,Citharexylum,fruticosum,CIFR
citrus spp.,Citrus,spp.,CITRU2
"tietongue, pigeon-plum",Coccoloba,diversifolia,CODI8
soldierwood,Colubrina,elliptica,COEL2
largeleaf geigertree,Cordia,sebestena,COSE2
carrotwood,Cupaniopsis,anacardioides,CUAN4
Bluewood,Condalia,hookeri,COHO
Blackbead ebony,Ebenopsis,ebano,EBEB
Great leucaene,Leucaena,pulverulenta,LEPU3
Texas sophora,Sophora,affinis,SOAF
red stopper,Eugenia,rhombea,EURH
"butterbough, inkwood",Exothea,paniculata,EXPA
Florida strangler fig,Ficus,aurea,FIAU
"wild banyantree, shortleaf fig",Ficus,citrifolia,FICI
"beeftree, longleaf blolly",Guapira,discolor,GUDI
cigarbush,Hedyosmum,arborescens,HEAR
Fosbergs starviolet,Hedyotis,fosbergii,HEFO5
manono,Hedyotis,hillebrandii,HEHI8
starviolet,Hedyotis,spp.,HEDYO2
variable starviolet,Hedyotis,terminalis,HETE21
screwtree,Helicteres,jamaicensis,HEJA
white moho,Heliocarpus,popayanensis,HEPO4
heliocarpus,Heliocarpus,spp.,HELIO
camasey peludo,Henriettea,fascicularis,HEFA5
MacFadyen's camasey,Henriettea,macfadyenii,HEMA11
thinleaf camasey,Henriettea,membranifolia,HEME5
jusillo,Henriettea,squamulosum,HESQ
ufa,Heritiera,littoralis,HELI9
ufa halemtano,Heritiera,longipetiolata,HELO12
Heritiera,Heritiera,spp.,HERIT2
pipi,Hernandia,moerenhoutiana,HEMO13
"pua, Chinese lantern tree",Hernandia,nymphaeifolia,HENY
Hernandia ovigera,Hernandia,ovigera,HEOV4
mago,Hernandia,sonora,HESO
Hernandia,Hernandia,spp.,HERNA
Lanai island-aster,Hesperomannia,arborescens,HEAR9
Maui island-aster,Hesperomannia,arbuscula,HEAR10
Kauai island-aster,Hesperomannia,lydgatei,HELY
island-aster,Hesperomannia,spp.,HESPE8
toyon,Heteromeles,arbutifolia,HEAR5
toyon,Heteromeles,spp.,HETER5
palma brava,Heterospathe,elata,HEEL9
para rubber tree,Hevea,brasiliensis,HEBR8
hau kuahiwi,Hibiscadelphus,bombycinus,HIBO2
lava hau kuahiwi,Hibiscadelphus,crucibracteatus,HICR
Kauai hau kuahiwi,Hibiscadelphus,distans,HIDI
Kilauea hau kuahiwi,Hibiscadelphus,giffardianus,HIGI
Hualalai hau kuahiwi,Hibiscadelphus,hualalaiensis,HIHU
hau kuahiwi,Hibiscadelphus,puakuahiwi,HIPU2
hibiscadelphus,Hibiscadelphus,spp.,HIBIS
Maui hau kuahiwi,Hibiscadelphus,wilderianus,HIWI
Woods hau kuahiwi,Hibiscadelphus,woodii,HIWO
white rosemallow,Hibiscus,arnottianus,HIAR
Brackenridges rosemallow,Hibiscus,brackenridgei,HIBR
lemonyellow rosemallow,Hibiscus,calyphyllus,HICA6
red Kauai rosemallow,Hibiscus,clayi,HICL
mahoe,Hibiscus,elatus,HIEL
red rosemallow,Hibiscus,kokio,HIKO
largeleaf rosemallow,Hibiscus,macrophyllus,HIMA5
Dixie rosemallow,Hibiscus,mutabilis,HIMU3
seaside mahoe,Hibiscus,pernambucensis,HIPE3
shoeblackplant,Hibiscus,rosa-sinensis,HIRO3
rosemallow,Hibiscus,spp.,HIBIS2
sea hibiscus,Hibiscus,tiliaceus,HITI
white Kauai rosemallow,Hibiscus,waimeae,HIWA
teta de burra cinarron,Hirtella,rugosa,HIRU2
pigeonberry,Hirtella,triandra,HITR3
white cogwood,Homalium,racemosum,HORA
Homalium whitmeeanum,Homalium,whitmeeanum,HOWH
"chemeklachel, eumail",Horsfieldia,amklaal,HOAM2
ersachel,Horsfieldia,novoguineensis,HONO2
Horsfieldia nunu,Horsfieldia,nunu,HONU2
chersachel,Horsfieldia,palauensis,HOPA10
Horsfieldia,Horsfieldia,spp.,HORSF2
sandbox tree,Hura,crepitans,HUCR
cedro macho,Hyeronima,clusioides,HYCL
nightblooming cactus,Hylocereus,spp.,HYLOC
nightblooming cactus,Hylocereus,undatus,HYUN3
stinkingtoe,Hymenaea,courbaril,HYCO
inkwood,Hypelate,trifoliata,HYTR
limestone snakevine,Hyperbaena,laurifolia,HYLA8
Canary Island St. Johnswort,Hypericum,canariense,HYCA11
Hawaii holly,Ilex,anomala,ILAN
English holly,Ilex,aquifolium,ILAQ80
dahoon,Ilex,cassine,ILCA
te,Ilex,cookii,ILCO3
Skottsbergs false ohelo,Wikstroemia,skottsbergiana,WISK
false ohelo,Wikstroemia,spp.,WIKST
hairy false ohelo,Wikstroemia,villosa,WIVI
tallow wood,Ximenia,americana,XIAM
lalanyog,Xylocarpus,granatum,XYGR
leilei,Xylocarpus,moluccensis,XYMO2
Xylocarpus,Xylocarpus,spp.,XYLOC2
mucha-gente,Xylosma,buxifolia,XYBU
sawtooth logwood,Xylosma,crenata,XYCR
Hawaii brushholly,Xylosma,hawaiiensis,XYHA
Xylosma nelsonii,Xylosma,nelsonii,XYNE2
spiny logwood,Xylosma,pachyphylla,XYPA2
Xylosma samoensis,Xylosma,samoensis,XYSA
white logwood,Xylosma,schaefferioides,XYSC2
Schwaneck's logwood,Xylosma,schwaneckeana,XYSC3
xylosma,Xylosma,spp.,XYLOS
aloe yucca,Yucca,aloifolia,YUAL
moundlily yucca,Yucca,gloriosa,YUGL2
bluestem yucca,Yucca,guatemalensis,YUGU
Maricao pricklyash,Zanthoxylum,bifoliolatum,ZABI
prickly yellow,Zanthoxylum,caribaeum,ZACA3
kawau,Zanthoxylum,dipetalum,ZADI
West Indian satinwood,Zanthoxylum,flavum,ZAFL
Hawaii pricklyash,Zanthoxylum,hawaiiense,ZAHA
Kauai pricklyash,Zanthoxylum,kauaense,ZAKA
white pricklyash,Zanthoxylum,martinicense,ZAMA
yellow prickle,Zanthoxylum,monophyllum,ZAMO
Oahu pricklyash,Zanthoxylum,oahuense,ZAOA
dotted pricklyash,Zanthoxylum,punctatum,ZAPU2
niaragato,Zanthoxylum,spinifex,ZASP
pricklyash,Zanthoxylum,spp.,ZANTH
St. Thomas pricklyash,Zanthoxylum,thomasianum,ZATH
Zapoteca portoricensis,Zapoteca,portoricensis,ZAPO2
Indian jujube,Ziziphus,mauritiana,ZIMA
cacao rojo,Ziziphus,reticulata,ZIRE
soana,Ziziphus,rignonii,ZIRI
Taylor's jujube,Ziziphus,taylorii,ZITA
manchineel,Hippomane,mancinella,HIMA2
false tamarind,Lysiloma,latisiliquum,LYLA3
mango,Mangifera,indica,MAIN3
Florida poisontree,Metopium,toxiferum,METO3
fishpoison tree,Piscidia,piscipula,PIPI3
"octopus tree, schefflera",Schefflera,actinophylla,SCAC2
false mastic,Sideroxylon,foetidissimum,SIFO
"white bully, willow bustic",Sideroxylon,salicifolium,SISA6
paradisetree,Simarouba,glauca,SIGL3
Java plum,Syzygium,cumini,SYCU
tamarind,Tamarindus,indica,TAIN2
black locust,Robinia,pseudoacacia,ROPS
New Mexico locust,Robinia,neomexicana,RONE
"Everglades palm, paurotis-palm",Acoelorraphe,wrightii,ACWR4
Florida silver palm,Coccothrinax,argentata,COAR
coconut palm,Cocos,nucifera,CONU
royal palm spp.,Roystonea,spp.,ROYST
Mexican palmetto,Sabal,mexicana,SAME8
cabbage palmetto,Sabal,palmetto,SAPA
key thatch palm,Thrinax,morrisii,THMO4
Florida thatch palm,Thrinax,radiata,THRA2
other palms,Family Arecaceae,not listed above,ARECA
western soapberry,Sapindus,saponaria,SASAD
willow spp.,Salix,spp.,SALIX
peachleaf willow,Salix,amygdaloides,SAAM2
black willow,Salix,nigra,SANI
Bebb willow,Salix,bebbiana,SABE2
Bonpland willow,Salix,bonplandiana,SABO
coastal plain willow,Salix,caroliniana,SACA5
balsam willow,Salix,pyrifolia,SAPY
white willow,Salix,alba,SAAL2
Scouler's willow,Salix,scouleriana,SASC
weeping willow,Salix,sepulcralis,SASE10
sassafras,Sassafras,albidum,SAAL5
mountain-ash spp.,Sorbus,spp.,SORBU
American mountain-ash,Sorbus,americana,SOAM3
European mountain-ash,Sorbus,aucuparia,SOAU
northern mountain-ash,Sorbus,decora,SODE3
West Indian mahogany,Swietenia,mahagoni,SWMA2
basswood spp.,Tilia,spp.,TILIA
American basswood,Tilia,americana,TIAM
white basswood,Tilia,americana,TIAMH
Carolina basswood,Tilia,americana,TIAMC
elm spp.,Ulmus,spp.,ULMUS
winged elm,Ulmus,alata,ULAL
American elm,Ulmus,americana,ULAM
cedar elm,Ulmus,crassifolia,ULCR
Siberian elm,Ulmus,pumila,ULPU
fir spp.,Abies,spp.,ABIES
oak spp.,Quercus,spp.,QUERC
pond-apple,Annona,glabra,ANGL4
gumbo limbo,Bursera,simaruba,BUSI
coconut palm,Cocos,nucifera,CONU
tropical almond,Terminalia,catappa,TECA
southern catalpa,Catalpa,bignonioides,CABI8
weeping fig,Ficus,benjamina,FIBE
pink trumpet-tree,Tabebuia,rosea,TARO
black wattle,Acacia,mangium,ACMA12
common snakebark,Colubrina,arborescens,COAR3
fan palm,Pritchardia,pacifica,PRPA11
Waioli Valley pritchardia,Pritchardia,perlmanii,PRPE7
Nihoa pritchardia,Pritchardia,remota,PRRE
lands of papa pritchardia,Pritchardia,schattaueri,PRSC
pritchardia,Pritchardia,spp.,PRITC
stickybud pritchardia,Pritchardia,viscosa,PRVI2
poleline pritchardia,Pritchardia,waialealeana,PRWA
fua lole,Procris,pedunculata,PRPE6
mesquite,Prosopis,juliflora,PRJU
cherry plum,Prunus,cerasifera,PRCE2
strawberry guava,Psidium,cattleianum,PSCA
Yoshino flowering cherry,Prunus,x yedoensis,PRYE
Koolau Range wild coffee,Psychotria,fauriei,PSFA
largeflower wild coffee,Psychotria,grandiflora,PSGR
Kauai wild coffee,Psychotria,greenwelliae,PSGR3
Waianae Range wild coffee,Psychotria,hathewayi,PSHA2
kopikoula,Psychotria,hawaiiensis,PSHA3
woodland wild coffee,Psychotria,hexandra,PSHE2
Oahu wild coffee,Psychotria,hexandra,PSHEO
milolii kopiwai,Psychotria,hobdyi,PSHO
matalafi,Psychotria,insularum,PSIN10
kopiko kea,Psychotria,kaduana,PSKA
aplohkateng,Psychotria,mariana,PSYMAR
forest wild coffee,Psychotria,mariniana,PSMA6
opiko,Psychotria,mauiensis,PSMA7
Maytenus palauica,Maytenus,palauica,MAPA28
kesiamel,Osmoxylon,truncatum,OSTR
Dysoxylum,Dysoxylum,spp.,DYSOX
oil nut palm,Elaeis,guineensis,ELGU
kalia,Elaeocarpus,bifidus,ELBI
syatak,Elaeocarpus,carolinensis,ELCA20
`a`mati`e,Elaeocarpus,floridanus,ELFL6
Elaeocarpus graeffei,Elaeocarpus,graeffei,ELGR
sapatua,Elaeocarpus,grandis,ELGR6
joga,Elaeocarpus,joga,ELJO
Elaeocarpus kerstingianus,Elaeocarpus,kerstingianus,ELKE
"maratte, opop",Elaeocarpus,kusanoi,ELKU
Elaeocarpus,Elaeocarpus,spp.,ELAEO
aamatie,Elaeocarpus,tonganus,ELTO4
Elaeocarpus,Elaeocarpus,ulianus,ELUL
taputoi,Elattostachys,falcata,ELFA3
red elderberry,Sambucus,racemosa,SARA2
utuutu,Eleocharis,dulcis,ELDU3
elaeocarpa,Endiandra,elaeocarpa,ENEL
loquat,Eriobotrya,spp.,ERIOB
wili wili,Erythrina,sandwicensis,ERSA11
erythrina,Erythrina,spp.,ERYTH
gatae palagi,Erythrina,subumbrans,ERSU15
acuminatissimum,Erythrospermum,acuminatissimum,ERAC10
Argentine senna,Senna,corymbosa,SECO9
southern mahogany,Eucalyptus,botryoides,EUBO2
applebox,Eucalyptus,bridgesiana,EUBR2
argyle apple,Eucalyptus,cinerea,EUCI80
Carolina poplar,Populus,x canadensis,POCA19
gray poplar,Populus,x canescens,POCA14
Hawaii pritchardia,Pritchardia,affinis,PRAF
Maui pritchardia,Pritchardia,arecina,PRAR2
Kilauea pritchardia,Pritchardia,beccariana,PRBE
Mt. Eke pritchardia,Pritchardia,forbesiana,PRFO
Makaleha pritchardia,Pritchardia,hardyi,PRHA2
loulu lelo,Pritchardia,hillebrandii,PRHI
Waianae Range pritchardia,Pritchardia,kaalae,PRKA
Lanai pritchardia,Pritchardia,lanaiensis,PRLA3
loulu,Pritchardia,lanigera,PRLA4
Limahuli Valley pritchardia,Pritchardia,limahuliensis,PRLI2
Molokai pritchardia,Pritchardia,lowreyana,PRLO2
Koolau Range pritchardia,Pritchardia,martii,PRMA5
Alakai Swamp pritchardia,Pritchardia,minor,PRMI3
Kamalo pritchardia,Pritchardia,munroi,PRMU3
sugargum,Eucalyptus,cladocalyx,EUCL
yate,Eucalyptus,cornuta,EUCO3
narrowleaf red ironbark,Eucalyptus,crebra,EUCR
roundleaf gum,Eucalyptus,deanei,EUDE
tuart,Eucalyptus,gomphocephala,EUGO
mountain graygum,Eucalyptus,goniocalyx,EUGO2
white box,Eucalyptus,hemiphloia,EUHE12
jarrah,Eucalyptus,marginata,EUMA4
Australian tallowwood,Eucalyptus,microcorys,EUMI
blackbutt,Eucalyptus,pilularis,EUPI
black ironbox,Eucalyptus,raveretiana,EURA4
Western Australian floodedgum,Eucalyptus,rudis,EURU2
black peppermint,Eucalyptus,salicifolia,EUSA17
red ironbark,Eucalyptus,sideroxylon,EUSI2
forest redgum,Eucalyptus,tereticornis,EUTE
manna gum,Eucalyptus,viminalis,EUVI
"edebsachel, chedebsachel",Eugenia,aquea,EUAQ
Psychotria rhombocarpa,Psychotria,rhombocarpa,PSRH2
Psychotria rotensis,Psychotria,rotensis,PSRO2
wild coffee,Psychotria,spp.,PSYCH
leatherleaf wild coffee,Psychotria,wawrae,PSWA2
alahee,Psydrax,odorata,PSOD
common hoptree,Ptelea,trifoliata,PTTR
Kauai pteralyxia,Pteralyxia,kauaiensis,PTKA
ridged pteralyxia,Pteralyxia,macrocarpa,PTMA
pteralyxia,Pteralyxia,spp.,PTERA
Chinese wingnut,Pterocarya,stenoptera,PTST80
Ptychococcus ledermannianus,Ptychococcus,ledermannianus,PTLE3
Macarthur feather palm,Ptychosperma,macarthuri,PTMA8
chesdbuuch,Ptychosperma,palauense,PTPA
Ptychosperma,Ptychosperma,spp.,PTYCH4
pear,Pyrus,Spp.,PYRUS
cork oak,Quercus,suber,QUSU5
Chinese pear,Pyrus,pyrifolia,PYPY2
sawtooth oak,Quercus,acutissima,QUAC80
bastard white oak,Quercus,austrina,QUAU
togo vao,Rapanea,myricifolia,RAMY
poison devils-pepper,Rauvolfia,vomitoria,RAVO
omechidel,Rauvolfia,insularis,RAIN8
devils-pepper,Rauvolfia,sandwicensis,RASA3
devils-pepper,Rauvolfia,spp.,RAUVO
European turkey oak,Quercus,cerris,QUCE
vi vao,Reynoldsia,lanutoensis,RELA
sand live oak,Quercus,geminata,QUGE2
ohe makai,Reynoldsia,sandwicensis,RESA
reynoldsia,Reynoldsia,spp.,REYNO
Darlington oak,Quercus,hemisphaerica,QUHE2
holly oak,Quercus,ilex,QUIL2
pungent oak,Quercus,pungens,QUPU
lateleaf oak,Quercus,tardifolia,QUTA
Rheeda,Rheedia,edulis,RHED4
Toumey oak,Quercus,toumeyi,QUTO2
mangle,Rhizophora,apiculata,RHAP2
Sonoran scrub oak,Quercus,turbinella,QUTU2
Rhizophora lamarckii,Rhizophora,lamarckii,RHLA12
sandpaper oak,Quercus,vaseyana,QUVA5
mangle hembra,Rhizophora,mucronata,RHMU
mangrove,Rhizophora,spp.,RHIZO
Rhizophora stylosa,Rhizophora,stylosa,RHST8
rose myrtle,Rhodomyrtus,spp.,RHODO2
Rhodomyrtus tomentosus,Rhodomyrtus,tomentosa,RHTO10
neneleau,Rhus,sandwicensis,RHSA2
sumac,Rhus,spp.,RHUS
tavai,Rhus,taitensis,RHTA
Catawba rosebay,Rhododendron,catawbiense,RHCA8
cloves,Eugenia,caryophyllus,EUCA16
"macupa, wax apple",Eugenia,javanica,EUJA4
nioi,Eugenia,koolauensis,EUKO
"makupa, malay apple",Eugenia,malaccensis,EUMA5
bigleaf snowbell,Styrax,grandifolius,STGR4
Eugenia nitida,Eugenia,nitida,EUNI2
orenged,Eugenia,palauensis,EUPA3
agatelang,Eugenia,palumbis,EUPA28
mountain stopper,Eugenia,reinwardtiana,EURE7
Japanese tree lilac,Syringa,reticulata,SYRE2
stopper,Eugenia,spp.,EUGEN
luluhut,Eugenia,stelechantha,EUST24
rebotel,Eugenia,suzukii,EUSU9
atoto,Eugenia,thompsonii,EUTH4
Kauai spurge,Euphorbia,haeleeleana,EUHA2
poinsettia,Euphorbia,pulcherrima,EUPU9
spurge,Euphorbia,spp.,EUPHO
Longan,Euphoria,longana,EULO7
anini,Eurya,sandwicensis,EUSA6
eurya,Eurya,spp.,EURYA
Euodia hortensis,Euodia,hortensis,EUHO5
kertub,Euodia,nitida,EUNI8
beror,Euodia,palawensis,EUPA29
Euodia ponapensis,Euodia,ponapensis,EUPO15
Euodia,Euodia,spp.,EUODI
Euodia trichantha,Euodia,trichantha,EUTR13
blinding tree,Excoecaria,agallocha,EXAG
hulumoa,Exocarpos,gaudichaudii,EXGA
exocarpos,Exocarpos,spp.,EXOCA
kotop,Exorrhiza,ponapensis,EXPO2
ricinus,Ricinus,spp.,RICIN
Rinorea carolinensis,Rinorea,carolinensis,RICA16
winged sumac,Rhus,copallinum,RHCO
smooth sumac,Rhus,glabra,RHGL
Rollinia,Rollinia,deliciosa,RODE5
bristly locust,Robinia,hispida,ROHI
bastard oak,Quercus,sinuata,QUSIB
royal palm,Roystonea,oleracea,ROOL
robust oak,Quercus,robusta,QURO3
dwarf palmetto,Sabal,minor,SAMI8
pussy willow,Salix,discolor,SADI
"etkeam, cheskeam",Samadera,indica,SAIN13
raintree,Samanea,spp.,SAMAN
Goodding's willow,Salix,gooddingii,SAGO
raintree,Sambucus,spp.,SAMBU
"santol, kechapi",Sandoricum,koetjape,SAKO4
coastal sandalwood,Santalum,ellipticum,SAEL2
forest sandalwood,Santalum,freycinetianum,SAFR4
yellow willow,Salix,lutea,SALU2
Haleakala sandalwood,Santalum,haleakalae,SAHA3
mountain sandalwood,Santalum,paniculatum,SAPA7
diamondleaf willow,Salix,planifolia,SAPL2
silky willow,Salix,sericea,SASE
willowleaf sandalwood,Santalum,salicifolium,SASA8
sandalwood,Santalum,spp.,SANTA
European black elderberry,Sambucus,nigra,SANIN2
lonomea,Sapindus,oahuense,SAOA3
soapberry,Sapindus,spp.,SAPIN
vitiensis,Sapindus,vitiensis,SAVI17
maskerekur,Sapium,indicum,SAIN2
uunu,Sarcopygme,pacifica,SAPA35
"Scaevola, naupaka",Scaevola,cerasifolia,SCCE3
naupaka kuahiwi,Scaevola,chamissoniana,SCCH3
mountain naupaka,Scaevola,gaudichaudiana,SCGA2
forest naupaka,Scaevola,procera,SCPR
naupaka,Scaevola,spp.,SCAEV
schaefferia,Schaefferia,spp.,SCHAE
pualulu,Fagraea,berteroana,FABE
ksid,Fagraea,ksid,FAKS
Fagraea,Fagraea,spp.,FAGRA
peacocksplume,Falcataria,moluccana,FAMO
peacocksplume,Falcataria,spp.,FALCA2
mati,Ficus,godeffroyi,FIGO
aoa,Ficus,obliqua,FIOB3
aoa,Ficus,prolixa,FIPR2
Port Jackson fig,Ficus,rubiginosa,FIRU4
"lulk, banyan",Ficus,saffordii,FISA
mati vao,Ficus,scabra,FISC3
fig,Ficus,spp.,FICUS
Chinese banyan,Ficus,thonningii,FITH2
mati,Ficus,tinctoria,FITI2
mati,Ficus,uniauriculata,FIUN
higo,Ficus,virens,FIVI3
Finschia chloroxantha,Finschia,chloroxantha,FICH
Chinese parasoltree,Firmiana,simplex,FISI2
burrdaisytree,Fitchia,speciosa,FISP3
filimoto,Flacourtia,rukam,FLRU2
Queensland maple,Flindersia,brayleyana,FLBR
poumuli,Flueggea,flexuosa,FLFL4
mehamehame,Flueggea,neowawraea,FLNE
bushweed,Flueggea,spp.,FLUEG
Chinese chastetree,Vitex,negundo,VINE2
California buckthorn,Frangula,californica,FRCA12
Franklin tree,Franklinia,alatamaha,FRAL
Bolivian fuchsia,Fuchsia,boliviana,FUBO
shrubby fuchsia,Fuchsia,paniculata,FUPA2
fuchsia,Fuchsia,spp.,FUCHS
samoensis,Schefflera,samoensis,SCSA10
Toitoi,Scaevola,taccada,SCTA
Peruvian peppertree,Schinus,molle,SCMO
kuat,Scyphiphora,hydrophyllacea,SCHY5
poumuli,Securinega,flexuosa,SEFL9
tonget,Semecarpus,venenosa,SEVE4
Gaudichauds senna,Senna,gaudichaudii,SEGA2
valamuerto,Senna,pendula,SEPE4
senna,Senna,septemtrionalis,SESE13
senna,Senna,spp.,SENNA
ukall,Serianthes,kanehirae,SEKA2
"hayun lago, trongkon guafi",Serianthes,nelsonii,SENE9
Egyptian riverhemp,Sesbania,sesban,SESE8
riverhemp,Sesbania,spp.,SESBA
Shirakiopsis indica,Shirakiopsis,indica,SHIN
yellow llima,Sida,fallax,SIFA
fanpetals,Sida,spp.,SIDA
saffron plum,Sideroxylon,celastrinum,SICE2
buckthorn bully,Sideroxylon,lycioides,SILY
tough bully,Sideroxylon,tenax,SITE2
Tamaulipan Coma,Sideroxylon,laetevirens,SILA4
American black nightshade,Solanum,americanum,SOAM
earleaf nightshade,Solanum,mauritianum,SOMA3
tilol,Garcinia,matsudai,GAMA8
none,Garcinia,myrtifolia,GAMY
konpuil,Garcinia,ponapensis,GAPO4
tilol,Garcinia,rumiyo,GARU3
Garcinia,Garcinia,spp.,GARCI
forest gardenia,Gardenia,brighamii,GABR
Oahu gardenia,Gardenia,mannii,GAMA6
Remys gardenia,Gardenia,remyi,GARE
gardenia,Gardenia,spp.,GARDE
Tahitian gardenia,Gardenia,taitensis,GATA
manuai vivao,Garuga,floribunda,GAFL8
taipoipo,Geniostoma,rupestre,GERU3
Gironniera celtidifolia,Gironniera,celtidifolia,GICE2
Japanese zelkova,Zelkova,serrata,ZESE80
lotebush,Ziziphus,obtusifolia,ZIOB
masame,Glochidion,cuspidatum,GLCU
Glochidion marianum,Glochidion,marianum,GLMA9
masame,Glochidion,ramiflorum,GLRA4
Glochidion,Glochidion,spp.,GLOCH
belau,Gmelina,elliptica,GMEL
blacheos,Gmelina,palawensis,GMPA
Gmelina,Gmelina,spp.,GMELI
Gnetum gnemon,Gnetum,gnemon,GNGN
flower axistree,Glycosmis,parviflora,GLPA4
Goniothalamus carolinensis,Goniothalamus,carolinensis,GOCA2
kahiliflower,Grevillea,banksii,GRBA
grevillea,Grevillea,spp.,GREVI
fau ui,Grewia,crenata,GRCR4
paipai,Guamia,mariannae,GUMA4
nightshade,Solanum,spp.,SOLAN
mangrove,Sonneratia,alba,SOAL10
mamani,Sophora,chrysophylla,SOCH
necklacepod,Sophora,spp.,SOPHO
silver bush,Sophora,tomentosa,SOTO3
spathodea,Spathodea,spp.,SPATH
Spiraeanthemum samoense,Spiraeanthemum,samoense,SPSA7
Japanese pagoda tree,Styphnolobium,japonicum,STJA9
Spondias,Spondias,spp.,SPOND
ngmui,Stemonurus,ammui,STAM10
titmel,Spondias,pinnata,SPPI4
false spiraea,Sorbaria,spp.,SORBA
Greene's mountain ash,Sorbus,scopulina,SOSC2
western mountain ash,Sorbus,sitchensis,SOSI2
fanaio,Sterculia,fanaiho,STFA5
Sterculia palauensis,Sterculia,palauensis,STPA20
silky camellia,Stewartia,malacodendron,STMA
anthropophagorum,Streblus,anthropophagorum,STAN9
Hawaii roughbush,Streblus,pendulinus,STPE3
streblus,Streblus,spp.,STREB
mountain camellia,Stewartia,ovata,STOV
American snowbell,Styrax,americanus,STAM4
Stewartia,Stewartia,koreana,STKO2
"chebtui, ebtui",Symplocos,racemosa,SYRA6
turpentine tree,Syncarpia,glomulifera,SYGL
turpentine tree,Syncarpia,spp.,SYNCA
Miracle Berry,Synsepalum,dulcificum,SYDU
common lilac,Syringa,vulgaris,SYVU
asi,Syzygium,brevifolium,SYBR3
popona,Syzygium,carolinense,SYCA4
asi vai,Syzygium,clusiifolium,SYCL
asi vai,Syzygium,dealatum,SYDE3
asi,Syzygium,inophylloides,SYIN2
popona,Syzygium,richii,SYRI3
nonu vao,Syzygium,samarangense,SYSA3
fena vao,Syzygium,samoense,SYSA6
ohia ha,Syzygium,sandwicense,SYSA
syzygium,Syzygium,spp.,SYZYG
hedge maple,Acer,campestre,ACCA5
vine maple,Acer,circinatum,ACCI
Amur maple,Acer,ginnala,ACGI
paperbark maple,Acer,griseum,ACGR14
Painted maple,Acer,mono,ACMO10
sycamore maple,Acer,pseudoplatanus,ACPS
tatarian maple,Acer,tataricum,ACTA80
Freeman maple,Acer,x freemanii,ACFR
horse chestnut,Aesculus,hippocastanum,AEHI
bottlebrush buckeye,Aesculus,parviflora,AEPA2
gray alder,Alnus,incana,ALIN2
hazel alder,Alnus,serrulata,ALSE2
green alder,Alnus,viridis,ALVI5
Allegheny serviceberry,Amelanchier,laevis,AMLA
Japanese angelica tree,Aralia,elata,AREL8
devil's walkingstick,Aralia,spinosa,ARSP2
smallflower pawpaw,Asimina,parviflora,ASPA18
silverling,Baccharis,glomeruliflora,BAGL
eastern baccharis,Baccharis,halimifolia,BAHA
European white birch,Betula,pendula,BEPE3
Asian white birch,Betula,platyphylla,BEPL2
downy birch,Betula,pubescens,BEPU5
fountain butterflybush,Buddleja,alternifolia,BUAL
common box,Buxus,sempervirens,BUSE2
camellia,Camellia,japonica,CAJA9
tea,Camellia,sinensis,CASI16
Siberian peashrub,Caragana,arborescens,CAAR18
European hornbeam,Carpinus,betulus,CABE8
Japanese chestnut,Castanea,crenata,CACR27
European chestnut,Castanea,sativa,CASA27
Chinese catalpa,Catalpa,ovata,CAOV5
snowbrush ceanothus,Ceanothus,velutinus,CEVE
Deodar cedar,Cedrus,deodara,CEDE2
common buttonbush,Cephalanthus,occidentalis,CEOC2
katsura tree,Cercidiphyllum,japonicum,CEJA2
California redbud,Cercis,orbiculata,CEOR9
hinoki false cypress,Chamaecyparis,obtusa,CHOB8
desert willow,Chilopsis,linearis,CHLI2
puapua,Guettarda,speciosa,GUSP3
rhoifolia,Guioa,rhoifolia,GURH
Guioa,Guioa,spp.,GUIOA
"bochela uchererak, uch",Gulubia,palauensis,GUPA
vilivili,Gyrocarpus,americanus,GYAM2
mountain silverbell,Halesia,tetraptera,HATE3
Ozark witchhazel,Hamamelis,vernalis,HAVE2
American witchhazel,Hamamelis,virginiana,HAVI4
Haplolobus floribundus,Haplolobus,floribundus,HAFL
fa`aili,Harpullia,arborea,HAAR4
haujillo,Havardia,pallens,HAPA10
denticulata,Hedycarya,denticulata,HEDE14
Hedycarya,Hedycarya,spp.,HEDYC2
Fosbergs starviolet,Hedyotis,fosbergii,HEFO5
manono,Hedyotis,hillebrandii,HEHI8
starviolet,Hedyotis,spp.,HEDYO2
variable starviolet,Hedyotis,terminalis,HETE21
white moho,Heliocarpus,popayanensis,HEPO4
heliocarpus,Heliocarpus,spp.,HELIO
ufa,Heritiera,littoralis,HELI9
ufa halemtano,Heritiera,longipetiolata,HELO12
Heritiera,Heritiera,spp.,HERIT2
pipi,Hernandia,moerenhoutiana,HEMO13
"pua, Chinese lantern tree",Hernandia,nymphaeifolia,HENY
Hernandia ovigera,Hernandia,ovigera,HEOV4
Hernandia,Hernandia,spp.,HERNA
Hernandia labyrinthica,Hernandia,labyrinthica,HELA27
Lanai island-aster,Hesperomannia,arborescens,HEAR9
Maui island-aster,Hesperomannia,arbuscula,HEAR10
Kauai island-aster,Hesperomannia,lydgatei,HELY
island-aster,Hesperomannia,spp.,HESPE8
toyon,Heteromeles,arbutifolia,HEAR5
toyon,Heteromeles,spp.,HETER5
palma brava,Heterospathe,elata,HEEL9
para rubber tree,Hevea,brasiliensis,HEBR8
hau kuahiwi,Hibiscadelphus,bombycinus,HIBO2
lava hau kuahiwi,Hibiscadelphus,crucibracteatus,HICR
Kauai hau kuahiwi,Hibiscadelphus,distans,HIDI
Kilauea hau kuahiwi,Hibiscadelphus,giffardianus,HIGI
Hualalai hau kuahiwi,Hibiscadelphus,hualalaiensis,HIHU
hau kuahiwi,Hibiscadelphus,puakuahiwi,HIPU2
hibiscadelphus,Hibiscadelphus,spp.,HIBIS
Maui hau kuahiwi,Hibiscadelphus,wilderianus,HIWI
Woods hau kuahiwi,Hibiscadelphus,woodii,HIWO
white rosemallow,Hibiscus,arnottianus,HIAR
Brackenridges rosemallow,Hibiscus,brackenridgei,HIBR
lemonyellow rosemallow,Hibiscus,calyphyllus,HICA6
red Kauai rosemallow,Hibiscus,clayi,HICL
red rosemallow,Hibiscus,kokio,HIKO
pink tabebuia,Tabebuia,pallida,TAPA10
trumpet-tree,Tabebuia,spp.,TABEB
Tabernaemontana aurantiaca,Tabernaemontana,aurantiaca,TAAU3
Pulu,Tabernaemontana,pandacaqui,TAPA13
Tabernaemontana rotensis,Tabernaemontana,rotensis,TARO3
five-stamen tamarisk,Tamarix,chinensis,TACH2
saltcedar,Tamarix,ramosissima,TARA
manunu,Tarenna,sambucina,TASA2
English yew,Taxus,baccata,TABA80
Japanese yew,Taxus,cuspidata,TACU
chestnutleaf trumpetbush,Tecoma,castanifolia,TECA9
tectona,Tectona,spp.,TECTO
kehma,Terminalia,carolinensis,TECA16
"esemiich, chesemiich",Terminalia,crassipes,TECR3
"esemiich, chesemiich",Terminalia,edulis,TEED
tropical almond,Terminalia,kaernbachii,TEKA4
malili,Terminalia,richii,TERI3
talie,Terminalia,samoensis,TESA2
Flynnsohe,Tetraplasandra,flynnii,TEFL5
Koolau Rangeohe,Tetraplasandra,gymnocarpa,TEGY
Hawaii ohe,Tetraplasandra,hawaiensis,TEHA2
ohe ohe,Tetraplasandra,kavaiensis,TEKA3
ohe mauka,Tetraplasandra,oahuensis,TEOA
tetraplasandra,Tetraplasandra,spp.,TETRA11
Mt. Waialeale ohe,Tetraplasandra,waialealae,TEWA
ohe kiko ola,Tetraplasandra,waimeae,TEWA3
Florida clover ash,Tetrazygia,bicolor,TEBI
thespesia,Thespesia,spp.,THESP
European ash,Fraxinus,excelsior,FREX80
Caucasian ash,Fraxinus,oxycarpa,FROX
rose glorybower,Clerodendrum,bungei,CLBU
mountain sweetpepperbush,Clethra,acuminata,CLAC3
bladder senna,Colutea,arborescens,COAR6
kousa dogwood,Cornus,kousa,COKO2
American hazelnut,Corylus,americana,COAM3
Turkish hazelnut,Corylus,colurna,COCO30
European smoketree,Cotinus,coggygria,COCO10
storehousebush,Cudrania,tricuspidata,CUTR2
Leyland cypress,Cupressocyparis,leylandii,CULE2
quince,Cydonia,oblonga,CYOB2
burningbush,Euonymus,alatus,EUAL13
European beech,Fagus,sylvatica,FASY
mulga,Acacia,aneura,ACAN10
auri,Acacia,auriculiformis,ACAU
small Philippine acacia,Acacia,confusa,ACCO
koa,Acacia,koa,ACKO
koaoha,Acacia,koaia,ACKO2
black wattle,Acacia,mearnsii,ACME80
blackwood,Acacia,melanoxylon,ACME
South Wales wattle,Acacia,parramattensis,ACPA81
beadtree,Adenanthera,spp.,ADENA
Titimel,Aglaia,mariannensis,AGMA14
mesecheues,Aglaia,palauensis,AGPA19
"karasyu, marasau",Aglaia,ponapensis,AGPO4
laga ali,Aglaia,samoensis,AGSA9
Aglaia,Aglaia,spp.,AGLAI
Olomea,Aidia,cochinchinensis,AICO2
Aidia racemosa,Aidia,racemosa,AIRA2
ailanthus,Ailanthus,spp.,AILAN
Chinese albizia,Albizia,chinensis,ALCH2
ukall ra ngebard,Albizia,falcataria,ALFA5
ukall ra ngebard,Albizia,retusa,ALRE
whiteflower albizia,Albizia,saponaria,ALSA10
albizia,Albizia,spp.,ALBIZ
Hawaii alectryon,Alectryon,macrococcus,ALMA
alectryon,Alectryon,spp.,ALECT
aleurites,Aleurites,spp.,ALEUR
lumbang,Aleurites,trisperma,ALTR11
largeleaf rosemallow,Hibiscus,macrophyllus,HIMA5
Dixie rosemallow,Hibiscus,mutabilis,HIMU3
rosemallow,Hibiscus,spp.,HIBIS2
white Kauai rosemallow,Hibiscus,waimeae,HIWA
Homalium whitmeeanum,Homalium,whitmeeanum,HOWH
"chemeklachel, eumail",Horsfieldia,amklaal,HOAM2
ersachel,Horsfieldia,novoguineensis,HONO2
Horsfieldia nunu,Horsfieldia,nunu,HONU2
chersachel,Horsfieldia,palauensis,HOPA10
Horsfieldia,Horsfieldia,spp.,HORSF2
Japanese raisintree,Hovenia,dulcis,HODU2
nightblooming cactus,Hylocereus,spp.,HYLOC
nightblooming cactus,Hylocereus,undatus,HYUN3
Canary Island St. Johnswort,Hypericum,canariense,HYCA11
Hawaii holly,Ilex,anomala,ILAN
English holly,Ilex,aquifolium,ILAQ80
mate,Ilex,paraguariensis,ILPA3
ifi,Inocarpus,fagifer,INFA3
ifilele,Intsia,bijuga,INBI
jacaranda,Jacaranda,spp.,JACAR
Molokai treecotton,Kokia,cookei,KOCO2
Hawaii treecotton,Kokia,drynarioides,KODR
Kauai treecotton,Kokia,kauaiensis,KOKA
Wailupe Valley treecotton,Kokia,lanceolata,KOLA2
treecotton,Kokia,spp.,KOKIA
burgan,Kunzea,ericoides,KUER
Kunzea,Kunzea,spp.,KUNZE
summit labordia,Labordia,fagraeoidea,LAFA2
bog labordia,Labordia,hedyosmifolia,LAHE2
mountain labordia,Labordia,hirtella,LAHI5
Waianae Range labordia,Labordia,kaalae,LAKA
Wahiawa Mountain labordia,Labordia,lydgatei,LALY2
glorytree,Tibouchina,spp.,TIBOU
princess-flower,Tibouchina,urvilleana,TIUR
Timonius corymbosus,Timonius,corymbosus,TICO7
Timonius mollis,Timonius,mollis,TIMO4
Timonius,Timonius,spp.,TIMON
Timonius subauritus,Timonius,subauritus,TISU3
Timonius timon,Timonius,timon,TITI
littleleaf linden,Tilia,cordata,TICO2
Silver linden,Tilia,tomentosa,TITO
olona,Touchardia,latifolia,TOLA
touchardia,Touchardia,spp.,TOUCH
velvetleaf soldierbush,Tournefortia,argentea,TOAR2
soldierbush,Tournefortia,spp.,TOURN
magele,Trema,cannabina,TRCA33
poison sumac,Toxicodendron,vernix,TOVE
oriental trema,Trema,orientalis,TROR
trema,Trema,spp.,TREMA
Trichospermum ikutai,Trichospermum,ikutai,TRIK
"elsau, oleiulakersus",Trichospermum,ledermannii,TRLE8
maouli,Trichospermum,richii,TRRI9
faia,Tristiropsis,obtusangula,TROB7
English elm,Ulmus,procera,ULPR
hopue,Urera,glabra,URGL
opuhe,Urera,kaalae,URKA
urera,Urera,spp.,URERA
Mexican buckeye,Ungnadia,speciosa,UNSP
Manila palm,Veitchia,merrillii,VEME3
mu oil tree,Vernicia,montana,VEMO3
vernicia,Vernicia,spp.,VERNI
"bars, beokel",Vitex,cofassus,VICO17
smallflower chastetree,Vitex,parviflora,VIPA6
chastetree,Vitex,spp.,VITEX
simpleleaf chastetree,Vitex,trifolia,VITR7
nannyberry,Viburnum,lentago,VILE
blackhaw,Viburnum,prunifolium,VIPR
Siebold's arrowwood,Viburnum,sieboldii,VISI
Allophylus,Allophylus,spp.,ALLOP
chebeludes,Allophylus,ternatus,ALTE13
"ebeludes, chebeludes",Allophylus,timorensis,ALTI2
Nepal alder,Alnus,nepalensis,ALNE2
"chelebiob, elebiong",Alphitonia,carolinensis,ALCA21
Hawaii kauilatree,Alphitonia,ponderosa,ALPO3
Alphitonia,Alphitonia,spp.,ALPHI
toi,Alphitonia,zizyphoides,ALZI
deviltree,Alstonia,macrophylla,ALMA16
Alstonia pacifica,Alstonia,pacifica,ALPA22
alstonia,Alstonia,spp.,ALSTO
Anacolosa insularis,Anacolosa,insularis,ANIN13
dermarm,Angiopteris,evecta,ANEV
Annona,Annona,spp.,ANNON
Kapua china laurel,Antidesma,kapuae,ANKA
Antidesma kusaiense,Antidesma,kusaiense,ANKU3
ha a,Antidesma,platyphyllum,ANPL2
Antidesma ponapense,Antidesma,ponapense,ANPO8
hame,Antidesma,pulvinatum,ANPU2
Antidesma sphaerocarpum,Antidesma,sphaerocarpum,ANSP14
chinalaurel,Antidesma,spp.,ANTID
Antirhea inconspicua,Antirhea,inconspicua,ANIN2
New Caledonia pine,Araucaria,columnaris,ARCO32
Norfolk Island Pine,Araucaria,excelsa,AREX4
Araucaria,Araucaria,spp.,ARAUC2
Alexandra palm,Archontophoenix,alexandrae,ARAL
shoebutton,Ardisia,elliptica,AREL4
nettlespurge,Jatropha,spp.,JATRO
English walnut,Juglans,regia,JURE80
ketoguit,Kayea,pacifica,KAPA4
labordia,Labordia,spp.,LABOR
paleflower labordia,Labordia,tinifolia,LATI2
Lanai labordia,Labordia,triflora,LATR4
Nevada peavine,Labordia,waiolani,LAWA3
golden chain tree,Laburnum,anagyroides,LAAN2
Langsat,Lansium,domesticum,LADO2
bluelatan,Latania,loddigesii,LALO
large-leaf yellow teatree,Leptospermum,morrisonii,LEMO20
common teatree,Leptospermum,petersonii,LEPE23
common teatree,Leptospermum,polygalifolim,LEPO22
broom teatree,Leptospermum,scoparium,LESC2
teatree,Leptospermum,spp.,LEPTO4
Leucaena insularum,Leucaena,insularum,LEIN31
leadtree,Leucaena,spp.,LEUCA
littleleaf leadtree,Leucaena,retusa,LERE5
privet,Ligustrum,spp.,LIGUS2
California privet,Ligustrum,ovalifolium,LIOV
southern spicebush,Lindera,melissifolia,LIME7
Lychee,Litchi,chinensis,LICH4
papaono,Litsea,samoensis,LISA8
Litsea,Litsea,spp.,LITSE
fountain palm,Livistona,chinensis,LICH3
California fan palm,Washingtonia,filifera,WAFI
ateate,Wedelia,biflora,WEBI
Washington fan palm,Washingtonia,robusta,WARO
Weinmannia affinis,Weinmannia,affinis,WEAF
alpine false ohelo,Wikstroemia,bicornuta,WIBI
forest false ohelo,Wikstroemia,furcata,WIFU
montane false ohelo,Wikstroemia,monticola,WIMO
Oahu false ohelo,Wikstroemia,oahuensis,WIOA
Hawaii false ohelo,Wikstroemia,phillyreifolia,WIPH2
Kohala false ohelo,Wikstroemia,pulcherrima,WIPU
variableleaf false ohelo,Wikstroemia,sandwicensis,WISA
Skottsbergs false ohelo,Wikstroemia,skottsbergiana,WISK
false ohelo,Wikstroemia,spp.,WIKST
hairy false ohelo,Wikstroemia,villosa,WIVI
lalanyog,Xylocarpus,granatum,XYGR
leilei,Xylocarpus,moluccensis,XYMO2
Xylocarpus,Xylocarpus,spp.,XYLOC2
sawtooth logwood,Xylosma,crenata,XYCR
Hawaii brushholly,Xylosma,hawaiiensis,XYHA
Xylosma nelsonii,Xylosma,nelsonii,XYNE2
Xylosma samoensis,Xylosma,samoensis,XYSA
mission manzanita,Xylococcus,bicolor,XYBI
xylosma,Xylosma,spp.,XYLOS
kawau,Zanthoxylum,dipetalum,ZADI
Hawaii pricklyash,Zanthoxylum,hawaiiense,ZAHA
Kauai pricklyash,Zanthoxylum,kauaense,ZAKA
Oahu pricklyash,Zanthoxylum,oahuense,ZAOA
pricklyash,Zanthoxylum,spp.,ZANTH
common pricklyash,Zanthoxylum,americanum,ZAAM
common jujube,Ziziphus,zizyphus,ZIZI
marlberry,Ardisia,spp.,ARDIS
betelnut,Areca,catechu,ARCA41
cabo-negro,Arenga,pinnata,ARPI6
"dugdug, Marianas breadfruit",Artocarpus,mariannensis,ARMA28
Artocarpus nobilis,Artocarpus,nobilis,ARNO
Marang,Artocarpus,odoratissimus,AROD2
meduu,Artocarpus,spp.,ARTOC
taputoi,Arytera,brackenridgei,ARBR11
afia,Ascarina,diffusa,ASDI14
Astronidium navigatorum,Astronidium,navigatorum,ASNA10
meskui,Astronidium,palauense,ASPA37
Astronidium pickeringii,Astronidium,pickeringii,ASPI11
Astronidium samoense,Astronidium,samoense,ASSA23
Astronidium,Astronidium,spp.,ASTRO4
Astronidium subcordata,Astronidium,subcordata,ASSU31
ifi ifi,Atuna,racemosa,ATRA2
Bilimbi,Averrhoa,bilimbi,AVBI
Averrhoa,Averrhoa,spp.,AVERR
biut,Avicennia,alba,AVAL
Avicennia marina,Avicennia,marina,AVMA3
Avicennia,Avicennia,spp.,AVICE
Saitamu,Baccaurea,taitensis,BATA
European larch,Larix,decidua,LADE2
ralm,Badusa,palauensis,BAPA8
bamboo,Bambusa,spp.,BAMBU
langaasag,Barringtonia,racemosa,BARA5
falaga,Barringtonia,samoensis,BASA9
Barringtonia,Barringtonia,spp.,BARRI
Bauhinia binata,Bauhinia,binata,BABI6
bauhinia,Bauhinia,spp.,BAUHI
bog spicebush,Lindera,subcoriacea,LISU8
Javanese bishopwood,Bischofia,javanica,BIJA
bishopwood,Bischofia,spp.,BISCH
bixa,Bixa,spp.,BIXA
Texasplume,Bauhinia,lunarioides,BALU
akupa,Bobea,brevipes,BOBR3
ahakea lau nui,Bobea,elatior,BOEL3
Hawaii dogweed,Bobea,sandwicensis,BOSA2
ahakea,Bobea,spp.,BOBEA
ahakea,Bobea,timonioides,BOTI
bocconia,Bocconia,spp.,BOCCO
virgata,Boehmeria,virgata,BOVI7
Amur honeysuckle,Lonicera,maackii,LOMA6
vinegartree,Lophostemon,confertus,LOCO9
Egg Fruit / Canistel,Lucuma,nervosa,LUNE4
"bakauaine, nana",Lumnitzera,littorea,LULI8
"macadamia nut tree, pengua",Macadamia,integrifolia,MAIN8
Macadamia,Macadamia,spp.,MACAD
Macadamia Nut,Macadamia,tetraphylla,MATE16
bedel,Macaranga,carolinensis,MACA25
Macaranga grayana,Macaranga,grayana,MAGR
lau pata,Macaranga,harveyana,MAHA9
pengua,Macaranga,mappa,MAMA28
macaranga,Macaranga,spp.,MACAR
lau fatu,Macaranga,stipulosa,MAST7
parasol leaf tree,Macaranga,tanarius,MATA3
Macaranga thompsonii,Macaranga,thompsonii,MATH3
Mallotus palauensis,Mallotus,palauensis,MAPA6
kamala tree,Mallotus,philippensis,MAPH4
mallotus,Mallotus,spp.,MALLO
Mallotus tiliifolius,Mallotus,tiliifolius,MATI4
Siberian crab apple,Malus,baccata,MABA
Japanese flowering crab apple,Malus,floribunda,MAFL80
paradise apple,Malus,pumila,MAPU
manapau,Mammea,glauca,MAGL12
chopak,Mammea,odorata,MAOD2
Mammea,Mammea,spp.,MAMME
kanit,Mangifera,minor,MAMI3
saipan mango,Mangifera,odorata,MAOD
mango,Mangifera,spp.,MANGI
ceara rubbertree,Manihot,glaziovii,MAGL5
manihot,Manihot,spp.,MANIH
pani,Manilkara,dissecta,MADI14
kohle,Manilkara,hoshinoi,MAHO5
Manilkara,Manilkara,spp.,MANIL
udeuid,Manilkara,udoido,MAUD
"bkau, apgau",Maranthes,corymbosa,MACO
dermarm,Marattia,fraxinea,MAFR11
kanawao,Broussaisia,arguta,BRAR6
angels-trumpet,Brugmansia,candida,BRCA12
smallflower bruguiera,Bruguiera,parviflora,BRPA15
Oriental mangrove,Bruguiera,sexangula,BRSE11
bruguiera,Bruguiera,spp.,BRUGU
omail,Buchanania,engleriana,BUEN
gasu,Buchanania,merrillii,BUME4
"omail, deuachel",Buchanania,palawensis,BUPA16
Buchanania,Buchanania,spp.,BUCHA
dogtail,Buddleja,asiatica,BUAS
Burckella richii,Burckella,richii,BURI3
vitiensis,Chionanthus,vitiensis,CHVI22
Sakhalin spruce,Picea,glehnii,PIGL7
Serbian spruce,Picea,omorika,PIOM2
French plantain,Musa,paradisiaca,MUPA3
bungeltuu,Musa,coccinea,MUCO8
tama,Musa,nana,MUNA
tuu banana,Musa,sapientum,MUSA
uhiuhi,Caesalpinia,kavaiensis,CAKA5
tamanu,Calophyllum,neo-ebudicum,CANE31
chesemolech,Calophyllum,pelewense,CAPE15
"olebtaches, chesemolech",Calophyllum,soulattri,CASO12
calophyllum,Calophyllum,spp.,CALOP
calotropis,Calotropis,spp.,CALOT
luluhut,Maytenus,thompsonii,MATH4
Medusanthera carolinensis,Medusanthera,carolinensis,MECA21
matamo,Medusanthera,samoensis,MESA11
Medusanthera,Medusanthera,spp.,MEDUS2
melaleuca,Melaleuca,spp.,MELAL
alom,Melanolepis,multiglandulosa,MEMU10
Melastoma candidum,Melastoma,candidum,MECA9
Melastoma sanguineum,Melastoma,sanguineum,MESA3
melia,Melia,spp.,MELIA
mokihana,Melicope,anisata,MEAN3
Ballous melicope,Melicope,balloui,MEBA2
uahiapele,Melicope,barbigera,MEBA3
Waianae Range melicope,Melicope,christophersenii,MECH2
manena,Melicope,cinerea,MECI6
kukaemoa,Melicope,clusiifolia,MECL
piloula,Melicope,cruciata,MECR5
leiohiiaka,Melicope,elliptica,MEEL2
Haleakala melicope,Melicope,haleakalae,MEHA7
Haupa Mountain melicope,Melicope,haupuensis,MEHA3
mokihana kukae moa,Melicope,hawaiensis,MEHA4
Monoa melicope,Melicope,hiiakae,MEHI6
Honolulu melicope,Melicope,hosakae,MEHO2
Kaala melicope,Melicope,kaalaensis,MEKA2
Olokele Valley melicope,Melicope,knudsenii,MEKN
Kaholuamanu melicope,Melicope,macropus,MEMA6
Makaha Valley melicope,Melicope,makahae,MEMA7
Molokai melicope,Melicope,molokaiensis,MEMO6
alani,Melicope,mucronulata,MEMU4
Oahu melicope,Melicope,oahuensis,MEOA
Makawao melicope,Melicope,obovata,MEOB4
Honokahua melicope,Melicope,orbicularis,MEOR4
Hana melicope,Melicope,ovalis,MEOV
eggshape melicope,Melicope,ovata,MEOV2
pale melicope,Melicope,pallida,MEPA6
Lihue melicope,Melicope,paniculata,MEPA7
boxfruit alani,Melicope,peduncularis,MEPE9
Kohala Summit melicope,Melicope,pseudoanisata,MEPS
hairy melicope,Melicope,puberula,MEPU4
fourangle melicope,Melicope,quadrangularis,MEQU3
kapu melicope,Melicope,radiata,MERA2
soopini,Melicope,latifolia,MERE8
roundleaf melicope,Melicope,rotundifolia,MERO3
St. Johns melicope,Melicope,saint-johnii,MESA4
Mt. Kaala melicope,Melicope,sandwicensis,MESA5
melicope,Melicope,spp.,MELIC3
volcanic melicope,Melicope,volcanica,MEVO
alani wai,Melicope,waialealae,MEWA2
Monoa melicope,Melicope,wawraeana,MEWA4
kipuka piaula,Melicope,zahlbruckneri,MEZA
samoensis,Melicytus,samoensis,MESA9
mao,Melochia,aristata,MEAR16
melochia,Melochia,spp.,MELOC
hierba del soldado,Melochia,umbellata,MEUM3
sayafe,Melochia,villosissima var compacta,MEVIC4
"kelela charm, kiu",Campnosperma,brevipetiolatum,CABR18
mafoa,Canarium,mafoa,CAHA39
mesecheues,Canarium,hirsutum,CAHI14
lukerr,Canarium,indicum,CAIN42
Pili Nut,Canarium,ovatum,CAOV7
Canarium,Canarium,spp.,CANAR2
maali,Canarium,vitiense,CAVI26
Olasina,Psydrax,merrillii,CAME35
papaya,Carica,spp.,CARIC
scorpionbush,Carmona,retusa,CARE22
scorpionbush,Carmona,spp.,CARMO
fish tail palm,Caryota,mitis,CAMI36
Caryota,Caryota,spp.,CARYO
fishtail palm,Caryota,urens,CAUR3
keuert,Casearia,cauliflora,CACA28
Casearia,Casearia,spp.,CASEA
kassod tree,Cassia,siamea,CASI4
Cassia,Cassia,spp.,CASSI
"gagu,australian pine",Casuarina,litorea,CALI8
catberry,Ilex,mucronata,ILMU
trumpet tree,Cecropia,obtusifolia,CEOB
pumpwood,Cecropia,spp.,CECRO
faniok,Merrilliodendron,megacarpum,MEME12
fagufagu,Meryta,macrophylla,MEMA16
omechidel,Meryta,senfftiana,MESE11
Meryta,Meryta,spp.,MERYT
dawn redwood,Metasequoia,glyptostroboides,MEGL8
collina,Metrosideros,collina,MEPOP2
ohia,Metrosideros,macropus,MEMA4
ohia lehua,Metrosideros,polymorpha,MEPO5
lehua papa,Metrosideros,rugosa,MERU2
lehua,Metrosideros,spp.,METRO
lehua ahihi,Metrosideros,tremuloides,METR5
Kauai bottlebrush,Metrosideros,waialealae,MEWA
ivory-nut palm,Metroxylon,amicarum,MEAM4
sago palm,Metroxylon,sagu,MESA7
Metroxylon,Metroxylon,spp.,METRO2
Orange Champak,Michelia,champaca,MICH4
velvet tree,Miconia,calvescens,MICA20
talafulu,Micromelum,minutum,MIMI23
pinnata,Millettia,pinnata,MIPI9
"bulletwood, elengi",Mimusops,elengi,MIEL4
treedaisy,Montanoa,hibiscifolia,MOHI
montanoa,Montanoa,spp.,MONTA
firetree,Morella,faya,MOFA
bayberry,Morella,spp.,MOREL2
ngel,Morinda,latibractea,MOLA12
Morinda pedunculata,Morinda,pedunculata,MOPE2
morinda,Morinda,spp.,MORIN
noni kuahiwi,Morinda,trimera,MOTR
falseohe,Munroidendron,racemosum,MURA3
muntingia,Muntingia,spp.,MUNTI
Celtis paniculata,Celtis,paniculata,CEPA6
chuti,Cerbera,dilatata,CEDI12
emeridech,Cerbera,floribunda,CEFL2
leva,Cerbera,manghas,CEMA20
chiute,Cerbera,odollam,CEOD2
Cerbera spp,Cerbera,spp,CERBE
sweetpotato cactus,Cereus,spp.,CEREU
biut,Ceriops,tagal,CETA2
orange jessamine,Cestrum,aurantiacum,CEAU2
jessamine,Cestrum,spp.,CESTR
Knowlton's hophornbeam,Ostrya,knowltonii,OSKN
koko,Chamaesyce,atrococca,CHAT2
ekoko,Chamaesyce,celastroides,CHCE
Herbsts sandmat,Chamaesyce,herbstii,CHHE3
kokomalei,Chamaesyce,kuwaleana,CHKU
alpine sandmat,Chamaesyce,olowaluana,CHOL3
Koolau Range sandmat,Chamaesyce,rockii,CHRO2
sandmat,Chamaesyce,spp.,CHAMA15
Napali coast papala,Charpentiera,densiflora,CHDE3
ellipticleaf papala,Charpentiera,elliptica,CHEL
broadleaf papala,Charpentiera,obovata,CHOB2
Koolau Range papala,Charpentiera,ovata,CHOV2
papala,Charpentiera,spp.,CHARP
Waianae Range papala,Charpentiera,tomentosa,CHTO3
Domins club,Cheirodendron,dominii,CHDO3
Fauries club,Cheirodendron,fauriei,CHFA
olapa,Cheirodendron,forbesii,CHFO4
lapalapa,Cheirodendron,platyphyllum,CHPL
swamp bay,Persea,palustris,PEPA37
cheirodendron,Cheirodendron,spp.,CHEIR
olapalapa,Cheirodendron,trigynum,CHTR2
Amur corktree,Phellodendron,amurense,PHAM2
alaweo,Chenopodium,oahuense,CHOA
goosefoot,Chenopodium,spp.,CHENO
meia,Musa,spp.,MUSA2
blantalos,Musa,textilis,MUTE6
tikap,Musa,tikap,MUTI
fei banana,Musa,troglodytarum,MUTR2
Mussaenda frondosa,Mussaenda,frondosa,MUFR3
aloalo vao,Mussaenda,raiateensis,MURA5
Mussaenda,Mussaenda,spp.,MUSSA
naio,Myoporum,sandwicense,MYSA
myoporum,Myoporum,spp.,MYOPO
rodwood,Myrcia,spp.,MYRCI
"yamamomo, strawberry tree",Myrica,rubra,MYRU3
sweetgale,Myrica,spp.,MYRIC
atoneulu,Myristica,hypargyraea,MYHY2
adepurot,Myristica,insularis,MYIN3
Myristica,Myristica,spp.,MYRIS
Myristica inutilis,Myristica,inutilis,MYIN4
forest colicwood,Myrsine,alyxifolia,MYAL4
summit colicwood,Myrsine,degeneri,MYDE2
mountain colicwood,Myrsine,emarginata,MYEM
streambank colicwood,Myrsine,fernseei,MYFE
Koolau Range colicwood,Myrsine,fosbergii,MYFO
Wahiawa Bog colicwood,Myrsine,helleri,MYHE3
Kauai colicwood,Myrsine,kauaiensis,MYKA
Kokee colicwood,Myrsine,knudsenii,MYKN
Lanai colicwood,Myrsine,lanaiensis,MYLA3
kolea lau nui,Myrsine,lessertiana,MYLE2
Hanapepe River colicwood,Myrsine,mezii,MYME2
swamp colicwood,Myrsine,petiolata,MYPE3
Molokai colicwood,Myrsine,pukooensis,MYPU2
kokea lau lii,Myrsine,sandwicensis,MYSA2
colicwood,Myrsine,spp.,MYRSI
Mt. Kahili colicwood,Myrsine,wawraea,MYWA
fao,Neisosperma,oppositifolia,NEOP
afa,Neonauclea,forsteri,NEFO2
Rambutan,Nephelium,lappaceum,NELA7
Hawaiian tree fern,Cibotium,heleniae,CIHE7
Chamissos manfern,Cibotium,chamissoi,CICH
hapuu,Cibotium,glaucum,CIGL
hapuu li,Cibotium,menziesii,CIME8
manfern,Cibotium,spp.,CIBOT
quinine,Cinchona,pubescens,CIPU
cinchona,Cinchona,spp.,CINCH
Padang cassia,Cinnamomum,burmannii,CIBU2
ochod,Cinnamomum,carolinense,CICA2
ochod,Cinnamomum,pedatinervium,CIPE6
matieu,Cinnamomum,sessilifolium,CISE2
cinnamon,Cinnamomum,spp.,CINNA2
fiddlewood,Citharexylum,spp.,CITHA
samoensis,Citronella,samoensis,CISA2
Lime (Tipolo),Citrus,aurantifolia,CIAU
"grapefruit, kahet magas",Citrus,grandis,CIGR
limon china,Citrus,hystrix,CIHY2
"kahet, wild orange",Citrus,macroptera,CIMA10
"calamondin, kingkang",Citrus,mitis,CIMI3
koee,Claoxylon,carolinianum,CLCA15
Claoxylon fallax,Claoxylon,fallax,CLFA6
Claoxylon longiracemosum,Claoxylon,longiracemosum,CLLO5
"katteknau, katot",Claoxylon,marianum,CLMA25
poola,Claoxylon,sandwicense,CLSA
claoxylon,Claoxylon,spp.,CLAOX
Cleistanthus carolinianus,Cleistanthus,carolinianus,CLCA18
Cleistanthus insularis,Cleistanthus,insularis,CLIN8
Cleistanthus,Cleistanthus,spp.,CLEIS5
oha wai nui Clermontia,Clermontia,leptoclada,CLLE3
oha wai nui,Clermontia,arborescens,CLAR4
Kauai clermontia,Clermontia,clermontioides,CLCL
Kohala Mountain clermontia,Clermontia,drepanomorpha,CLDR2
haha aiakamanu,Clermontia,fauriei,CLFA
bog clermontia,Clermontia,grandiflora,CLGR3
oha kepau,Clermontia,hawaiiensis,CLHA4
forest clermontia,Clermontia,kakeana,CLKA
Waipio Valley clermontia,Clermontia,kohalae,CLKO
hillside clermontia,Clermontia,lindseyana,CLLI3
Maui clermontia,Clermontia,micrantha,CLMI3
Mauna Loa clermontia,Clermontia,montis-loa,CLMO5
Oahu clermontia,Clermontia,oblongifolia,CLOB2
Wailai Pali clermontia,Clermontia,pallida,CLPA6
smallflower clermontia,Clermontia,parviflora,CLPA8
pele clermontia,Clermontia,peleana,CLPE2
Waioiani clermontia,Clermontia,persicifolia,CLPE3
Hamakua clermontia,Clermontia,pyrularia,CLPY2
Clermontia singuliflora,Clermontia,singuliflora,CLSI3
clermontia,Clermontia,spp.,CLERM
Haleakala clermontia,Clermontia,tuberculata,CLTU2
swampforest clermontia,Clermontia,waimeae,CLWA2
maaloa,Neraudia,melastomifolia,NEME5
keahi,Nesoluma,polynesicum,NEPO
Hawaii olive,Nestegis,sandwicensis,NESA2
nestegis,Nestegis,spp.,NESTE
"kalm, aralm",Neuburgia,celebica,NECE
tree tobacco,Nicotiana,glauca,NIGL
tobacco,Nicotiana,spp.,NICOT
smallflower aiea,Nothocestrum,breviflorum,NOBR2
broadleaf aiea,Nothocestrum,latifolium,NOLA
longleaf aiea,Nothocestrum,longifolium,NOLO
Oahu aiea,Nothocestrum,peltatum,NOPE
aiea,Nothocestrum,spp.,NOTHO3
kaala rockwort,Nototrichium,humile,NOHU
Hawaii rockwort,Nototrichium,sandwicense,NOSA
"toechel, teuechel",Nypa,fruticans,NYFR2
ochna,Ochna,spp.,OCHNA
Thomas birds-eye bush,Ochna,thomasiana,OCTH
holei,Ochrosia,compta,OCCO
island yellowwood,Ochrosia,haleakalae,OCHA
Kauai yellowwood,Ochrosia,kauaiensis,OCKA
Hawaii yellowwood,Ochrosia,kilaueaensis,OCKI
yellowwood,Ochrosia,spp.,OCHRO2
langiti,Ochrosia,mariannensis,OCMA2
oleandra fern,Oleandra,neriiformis,OLNE
olive,Olea,europaea,OLEU
olive,Olea,spp.,OLEA
fanuamamala,Homalanthus,acuminatus,HOAC4
fanuamamala,Homalanthus,nutans,HONU3
Homalanthus,Homalanthus,spp.,HOMAL6
cochineal nopal cactus,Opuntia,cochenillifera,OPCO4
tuna cactus,Opuntia,ficus-indica,OPFI
common pricklypear,Opuntia,monacantha,OPMO5
pricklypear,Opuntia,spp.,OPUNT
"amansis, edebsungelked, necklace bead tree",Ormosia,calavensis,ORCA12
kesiamel,Osmoxylon,oliveri,OSOL
kesiamel,Osmoxylon,pachyphyllum,OSPA
Osmoxylon,Osmoxylon,spp.,OSMOX
"miich era ngebard, guiana chestnut",Pachira,aquatica,PAAQ2
gasu,Palaquium,stehlinii,PAST24
stickbush,Clerodendrum,chinense,CLCH4
Natal glorybower,Clerodendrum,glabrum,CLGL2
turks turbin,Clerodendrum,indicum,CLIN
velvetleaf glorybower,Clerodendrum,macrostegium,CLMA24
glorybower,Clerodendrum,spp.,CLERO2
attorney,Clusia,spp.,CLUSI
coconut palm,Cocos,spp.,COCOS
coffee,Coffea,spp.,COFFE
"uab, chuchab",Colona,scabra,COSC13
Asian nakedwood,Colubrina,asiatica,COAS3
kauila,Colubrina,oppositifolia,COOP
nakedwood,Colubrina,spp.,COLUB
ochaol,Combretum,tetralophum,COTE15
Mao,Commersonia,bartramia,COBA17
Japanese flowering cherry,Prunus,serrulata,PRSE3
mangrove,Conocarpus,spp.,CONOC
chertochet,Pandanus,aimiriikensis,PAAI
matal,Pandanus,cominsii,PACO51
ongor,Pandanus,compressus,PACO3
silaue,Pandanus,cylindricus,PACY10
kienpel,Pandanus,dilatatus,PADI2
ongor,Pandanus,divergens,PADI29
pahong,Pandanus,dubius,PADU3
ongor,Pandanus,duriocarpus,PADU4
moak,Pandanus,enchabiensis,PAEN
hara,Pandanus,fischerianus,PAFI
aggag,Pandanus,fragrans,PAFR7
nenketak,Pandanus,hosinoi,PAHO6
pacheren,Pandanus,jaluitensis,PAJA3
buuk,Pandanus,kanehirae,PAKA2
siu,Pandanus,korrensis,PAKO2
lakatwa,Pandanus,lakatwa,PALA3
"erwan, jonmouia",Pandanus,laticanaliculatus,PALA4
"intekul, pasyure",Pandanus,macrocephalus,PAMA3
"ongor, ertochet",Pandanus,macrojeanneretia,PAMA32
menne,Pandanus,menne,PAME18
Palaquium karrak,Palaquium,karrak,PAKA
Pandanus odontoides,Pandanus,odontoides,PAOD2
"ongor, ertochet",Pandanus,palawensis,PAPA38
peet,Pandanus,patina,PAPA39
ongor,Pandanus,peliliuensis,PAPE
"alwan, kipal, taip",Pandanus,ponapensis,PAPO2
"deipw, jomineia",Pandanus,pulposus,PAPU18
pathaplip,Pandanus,rectangulatus,PARE2
fasa,Pandanus,reineckei,PARE19
magojokojok,Pandanus,rotundatus,PARO2
screwpine,Pandanus,spp.,PANDA
Tahitian screwpine,Pandanus,tectorius,PATE2
kiparenwel,Pandanus,tolotomensis,PATO6
mojel,Pandanus,trukensis,PATR
berrakelongor,Pandanus,variegatus,PAVA4
rauel,Pangium,edule,PAED4
"lonlin, lajokorer",Pandanus,obliquus,PAOB7
sea,Parinari,insularum,PAIN20
ais,Parinari,laurina,PALA5
Parinari,Parinari,spp.,PARIN
Parkia korom,Parkia,korom,PAKO5
kmekumer,Parkia,parvifoliola,PAPA2
paloverde,Parkinsonia,spp.,PARKI2
Texas paloverde,Parkinsonia,texana,PATE10
ngis,Pemphis,acidula,PEAC6
Pericopsis mooniana,Pericopsis,mooniana,PEMO13
olomea,Perrottetia,sandwicensis,PESA3
Phaleria nisidai,Phaleria,nisidai,PHNI11
Canary Island date palm,Phoenix,canariensis,PHCA13
date palm,Phoenix,spp.,PHOEN2
date palm,Phoenix,sylvestris,PHSY3
Chinese  photinia,Photinia,davidiana,PHDA5
forest mirrorplant,Coprosma,foliosa,COFO2
koi,Coprosma,kauensis,COKA
Oahu mirrorplant,Coprosma,longifolia,COLO4
alpine mirrorplant,Coprosma,montana,COMO3
Maui mirrorplant,Coprosma,ochracea,COOC3
pubescent mirrorplant,Coprosma,pubens,COPU8
woodland mirrorplant,Coprosma,rhynchocarpa,CORH
mirrorplant,Coprosma,spp.,COPRO
olena,Coprosma,waimeae,COWA4
Tou,Cordia,aspera,COAS6
fragrant manjack,Cordia,dichotoma,CODI18
Cordia micronesica,Cordia,micronesica,COMI6
cordia,Cordia,spp.,CORDI
kou,Cordia,subcordata,COSU2
tiplant,Cordyline,fruticosa,COFR2
cordyline,Cordyline,spp.,CORDY2
redgum,Corymbia,calophylla,COCA48
redflower gum,Corymbia,ficifolia,COFI7
red bloodwood,Corymbia,gummifera,COGU4
karaka nut,Corynocarpus,laevigatus,COLA6
alaa,Pouteria,sandwicensis,POSA11
pouteria,Pouteria,spp.,POUTE
ahgao,Premna,obtusifolia,PROB
Premna pubescens,Premna,pubescens,PRPU5
aloalo,Premna,serratifolia,PRSE6
Premna,Premna,spp.,PREMN
corynocarpus,Corynocarpus,spp.,CORYN2
sacred garlic pear,Crateva,religiosa,CRRE12
Stansbury cliffrose,Purshia,stansburiana,PUST
"houka, calabash",Crescentia,alata,CRAL11
Arkansas oak,Quercus,arkansana,QUAR2
Saitamu,Crossostylis,biflora,CRBI9
longbeak rattlebox,Crotalaria,longirostrata,CRLO3
Cryptocarya oreophila,Cryptocarya,oreophila,CROR5
laulilii,Cryptocarya,elegans,CREL8
holio,Cryptocarya,mannii,CRMA8
Georgia oak,Quercus,georgiana,QUGE
cryptocarya,Cryptocarya,spp.,CRYPT2
laulilii,Cryptocarya,turbinata,CRTU4
Havard oak,Quercus,havardii,QUHA3
pamakani mahu,Phyllanthus,distichus,PHDI10
Pimenta,Pimenta,spp.,PIMEN
"chebouch, demailei",Pinanga,insignis,PIIN5
maritime pine,Pinus,pinaster,PIPI6
Japanese red pine,Pinus,densiflora,PIDE5
five-needle pine,Pinus,parviflora,PIPA12
Japansese Black pine,Pinus,thunbergii,PITH2
Waimea pipturus,Pipturus,albidus,PIAL2
soga,Pipturus,argenteus,PIAR8
pipturus,Pipturus,spp.,PIPTU
piscidia,Piscidia,spp.,PISCI
Australasian catchbirdtree,Pisonia,brunoniana,PIBR3
grand devils-claws,Pisonia,grandis,PIGR6
aulu,Pisonia,sandwicensis,PISA5
catchbirdtree,Pisonia,spp.,PISON
umbrella catchbirdtree,Pisonia,umbellifera,PIUM2
Kauai catchbirdtree,Pisonia,wagneriana,PIWA2
"Mona cheesewood, Pittosporum",Pittosporum,monae,PIMO4
Hawaii poisonberry tree,Pittosporum,argentifolium,PIAR4
hoawa,Pittosporum,confertiflorum,PICO4
Waianae Range cheesewood,Pittosporum,flocculosum,PIFL4
Waialeale cheesewood,Pittosporum,gayanum,PIGA2
Koolau Range cheesewood,Pittosporum,glabrum,PIGL4
hoawa,Pittosporum,halophilum,PIHA3
Hawaii cheesewood,Pittosporum,hawaiiense,PIHA4
Kona cheesewood,Pittosporum,hosmeri,PIHO
Kauai cheesewood,Pittosporum,kauaiense,PIKA3
Japanese cedar,Cryptomeria,spp.,CRYPT4
myrtle oak,Quercus,myrtifolia,QUMY
durmast oak,Quercus,petraea,QUPE2
English oak,Quercus,robur,QURO2
Haleakala cyanea,Cyanea,aculeatiflora,CYAC4
palmtree cyanea,Cyanea,arborea,CYAR10
Kauai cyanea,Cyanea,fissa,CYFI6
Degeners cyanea,Cyanea,floribunda,CYFL4
Kilauea Mauna cyanea,Cyanea,giffardii,CYGI5
wetforest cyanea,Cyanea,hamatiflora,CYHA6
Oahu cyanea,Cyanea,hardyi,CYHA7
prickly cyanea,Cyanea,horrida,CYHO6
Limahuli Valley cyanea,Cyanea,kuhihewa,CYKU3
Kunths cyanea,Cyanea,kunthiana,CYKU
giant kokee cyanea,Cyanea,leptostegia,CYLE5
purple cyanea,Cyanea,macrostegia,CYMA10
Marks cyanea,Cyanea,marksii,CYMA14
hairy cyanea,Cyanea,pilosa,CYPI4
pohaku cyanea,Cyanea,pohaku,CYPO5
Molokai cyanea,Cyanea,procera,CYPR8
manyfruit cyanea,Cyanea,pycnocarpa,CYPY
oakleaf cyanea,Cyanea,quercifolia,CYQU
plateau delissea,Cyanea,rivularis,CYRI4
pua kala,Cyanea,solenocalyx,CYSO2
cyanea,Cyanea,spp.,CYANE
Kaiholena cyanea,Cyanea,stictophylla,CYST5
Mt. Kaala cyanea,Cyanea,superba,CYSU8
aku aku,Cyanea,tritomantha,CYTR6
Coopers cyathea,Cyathea,cooperi,CYCO18
olioli,Cyathea,decurrens,CYDE16
olioli,Cyathea,lunulata,CYLU5
olioli,Cyathea,medullaris,CYME12
kattar,Cyathea,nigricans,CYNI7
kattar,Cyathea,ponapeana,CYPO11
treefern,Cyathea,spp.,CYATH
olioli,Cyathea,truncata,CYTR11
remiang,Cycas,revoluta,CYRE11
Cycas,Cycas,spp.,CYCAS
ola,Cyclophyllum,barbatum,CYBA7
gulos,Cynometra,ramiflora,CYRA8
tree-tomato,Cyphomandra,betacea,CYBE3
cyrtandra,Cyrtandra,pulchella,CYPU13
Cyrtandra,Cyrtandra,ramosissima,CYRA3
forest cyrtandra,Cyrtandra,giffardii,CYGI3
cyrtandra,Cyrtandra,spp.,CYRTA
royal cheesewood,Pittosporum,napaliense,PINA
Taiwanese cheesewood,Pittosporum,pentandrum,PIPE8
cheesewood,Pittosporum,spp.,PITTO
cream cheesewood,Pittosporum,terminalioides,PITE5
Australian cheesewood,Pittosporum,undulatum,PIUN2
cape cheesewood,Pittosporum,viridiflorum,PIVI5
alaa,Planchonella,garberi,PLGA2
alaa,Planchonella,grayana,PLGR11
alaa,Planchonella,linggensis,PLLI6
mamalava,Planchonella,samoensis,PLSA9
Planchonella,Planchonella,spp.,PLANC
mamalava,Planchonella,torricellensis,PLTO2
Hawaii pilo kea,Platydesma,remyi,PLRE4
Maui pilo kea,Platydesma,spathulata,PLSP3
platydesma,Platydesma,spp.,PLATY
London planetree,Platanus,hybrida,PLHY3
Oriental planetree,Platanus,orientalis,PLOR6
golden hala pepe,Pleomele,aurea,PLAU2
Maui hala pepe,Pleomele,auwahiensis,PLAU5
Lanai hala pepe,Pleomele,fernaldii,PLFE
Waianae Range hala pepe,Pleomele,forbesii,PLFO2
royal hala pepe,Pleomele,halapepe,PLHA3
Hawaii hala pepe,Pleomele,hawaiiensis,PLHA4
hala pepe,Pleomele,spp.,PLEOM
Plumeria,Plumeria,spp.,PLUME
yew plum pine,Podocarpus,macrophyllus,POMA32
bungaruau,Polyscias,grandifolia,POGR28
Polyscias macgillivrayi,Polyscias,macgillivrayi,POMA
bngei,Polyscias,nodosa,PONO10
tagitagi,Polyscias,samoensis,POSA27
shield aralia,Polyscias,scutellaria,POSC10
Polyscias,Polyscias,spp.,POLYS4
tava,Pometia,pinnata,POPI12
kattai,Ponapea,hosinoi,POHO
Ponapea ledermanniana,Ponapea,ledermanniana,POLE21
Ponapea,Ponapea,spp.,PONAP
kisaks,Pongamia,pinnata,POPI4
Abiu,Pouteria,caimito,POCA43
"elangel, chelangel",Pouteria,calcarea,POCA6
eggfruit,Pouteria,campechiana,POCA23
lalahag,Pouteria,obovata,POOB8
Hawaii delissea,Delissea,fallax,DEFA
cutleaf delissea,Delissea,laciniata,DELA4
Niihau delissea,Delissea,niihauensis,DENI
smallflower delissea,Delissea,parviflora,DEPA9
delissea,Delissea,spp.,DELIS
leechleaf delissea,Delissea,undulata,DEUN2
delonix,Delonix,spp.,DELON
salato,Dendrocnide,harveyi,DEHA5
kahtat,Dendrocnide,latifolia,DELA13
Dendrocnide,Dendrocnide,spp.,DENDR16
redpalm,Dictyosperma,album,DIAL13
shrubby dillenia,Dillenia,suffruticosa,DISU11
mabolo,Diospyros,blancoi,DIBL3
Mabolo,Diospyros,discolor,DIDI9
Black sapote,Diospyros,ebenaster,DIEB
anume,Diospyros,elliptica,DIEL3
Diospyros ferrea,Diospyros,ferrea,DIFE5
elama,Diospyros,hillebrandii,DIHI4
persimmon,Diospyros,kaki,DIKA2
auauli,Diospyros,samoensis,DISA16
lama,Diospyros,sandwicensis,DISA10
common buckthorn,Rhamnus,cathartica,RHCA3
otot,Discocalyx,ponapensis,DIPO
staghorn sumac,Rhus,typhina,RHTY
rru,Dolichandrone,spathacea,DOSP3
Dracaena multiflora,Dracaena,multiflora,DRMU2
kevert,Drypetes,nitida,DRNI3
Drypetes,Drypetes,spp.,DRYPE
none,Drypetes,vitiensis,DRVI5
Dubautia,Dubautia,demissifolia,DUDE
Dubautia,Dubautia,fallax,DUFA2
Dubautia,Dubautia,montana,DUMO2
Mauna Kea dubautia,Dubautia,arborea,DUAR
forest dubautia,Dubautia,knudsenii,DUKN
Kauai dubautia,Dubautia,microcephala,DUMI
plantainleaf dubautia,Dubautia,plantaginea,DUPL
Elaeagnus willow,Salix,elaeagnos,SAEL
netvein dubautia,Dubautia,reticulata,DURE2
dubautia,Dubautia,spp.,DUBAU
Geyer willow,Salix,geyeriana,SAGE2
red willow,Salix,laevigata,SALA3
Durian,Durio,zibethinus,DUZI
corkscrew willow,Salix,matsudana,SAMA13
maota mea,Dysoxylum,huntii,DYHU2
maota,Dysoxylum,maota,DYMA
mamala,Dysoxylum,samoense,DYSA
lignum-vitae,Guaiacum,officinale,GUOF
holywood,Guaiacum,sanctum,GUSA
Spanish cedar,Cedrela,odorata,CEOD
Chihuahuan pine,Pinus,leiophylla,PILE
stinkingtoe,Hymenaea,courbaril,HYCO
geranium aralia,Polyscias,guilfoylei,POGU
Callery pear,Pyrus,calleryana,PYCA80
common pear,Pyrus,communis,PYCO
Texas live oak,Quercus,fusiformis,QUFU
prairie sumac,Rhus,lanceolata,RHLA3
mescal bean,Sophora,secundiflora,SOSE3
Japanese maple,Acer,palmatum,ACPA2
holly,Ilex,spp.,ILEX
yaupon,Ilex,vomitoria,ILVO
goldenrain tree,Koelreuteria,paniculata,KOPA
Chinese elm,Ulmus,parvifolia,ULPA
farkleberry,Vaccinium,arboreum,VAAR
rusty blackhaw,Viburnum,rufidulum,VIRU
Chinese privet,Ligustrum,sinense,LISI
Japanese privet,Ligustrum,japonicum,LIJA
glossy privet,Ligustrum,lucidum,LILU2
Hercules' club,Zanthoxylum,clava-herculis,ZACL
paper mulberry,Broussonetia,papyrifera,BRPA4
cherry laurel,Prunus,laurocerasus,PRLA5
date palm,Phoenix,dactylifera,PHDA4
roughleaf dogwood,Cornus,drummondii,CODR
Chinese pistache,Pistacia,chinensis,PICH4
bastard oak,Quercus,sinuata,QUSI
Mexican sycamore,Platanus,mexicana,PLME9
hardy orange,Poncirus,trifoliata,POTR4
chimei,Psychotria,carolinensis,PSCA18
Kosrae elaeocarpus,Elaeocarpus,Kaneh,ELKU2
Psychotria cheathamiana,Psychotria,cheathamiana,PSCH4
sandalwood,Santalum,album,SAAL16
Ficus copiosa,Ficus,copiosa,FICO2
poison tree,Semecarpus,kraemeri,SEKR3
Glochidion kanehirae,Glochidion,kanehirae,GLKA
maras,Soulamea,amara,SOAM2
watery roseapple,Syzygium,aqueum,SYAQ
peach palm,Bactris,gasipaes,BAGA2
strand tree,Terminalia,litoralis,TELI7
ice cream bean,Inga,edulis,INED
kehn,Timonius,ledermanii,TILE4
tuhke duwehte kamal,Timonius,ponapensis,TIPO5
Anacolosa glochidiiformis,Anacolosa,glochidiiformis,ANGL5
Oriental mangrove,Bruguiera,gymnorhiza,BRGY3
weeping bottlebrush,Callistemon,viminalis,CAVI23
sayafe,Melochia,villosissima,MEVIV
Campnosperma brevipetiolata,Campnosperma,brevipetiolata,CABR42
Canarium vulgare,Canarium,vulgare,CAVU9
jaboticaba,Myrciaria,cauliflora,MYCA9
Myrsine palauensis,Myrsine,palauensis,MYPA7
pulasan,Nephelium,ramboutan-ake,NERA3
Ophiorrhiza palauensis,Ophiorrhiza,palauensis,OPPA4
palm tree,Clinostigma,carolinense,CLCA21
robusta coffee,Coffea,robusta,CORO8
croton,Croton,croton spp.,CROTO
kamal,Pittosporum,ferrugineum,PIFE3
eeme,Cynometra,yokotae,CYYO
Dalbergia retusa,Dalbergia,retusa,DARE6
cocobolo,Dalbergia,tucurensis,DATU
song of India,Dracaena,reflexa,DRRE6
