"","taxonID","plotID","individualID","tempStemID","tagStatus","growthForm","plantStatus","stemDiameter","measurementHeight","changedMeasurementLocation","height","baseCrownHeight","breakHeight","breakDiameter","maxCrownDiameter","ninetyCrownDiameter","canopyPosition","shape","basalStemDiameter","basalStemDiameterMsrmntHeight","maxBaseCrownDiameter","ninetyBaseCrownDiameter","dendrometerInstallationDate","initialGapMeasurementDate","initialBandStemDiameter","initialDendrometerGap","dendrometerHeight","dendrometerGap","dendrometerCondition","bandStemDiameter","remarks.x","recordedBy","measuredBy","dataQF","uid.y","namedLocation.y","date.y","eventID.y","domainID.y","siteID.y","plotID.y","subplotID","nestedSubplotID","pointID","stemDistance","stemAzimuth","recordType","supportingStemIndividualID","previouslyTaggedAs","samplingProtocolVersion.x","scientificName","taxonRank","identificationReferences","morphospeciesID","morphospeciesIDRemarks","identificationQualifier","remarks.y","measuredBy.y","recordedBy.y","dataQF.y","status","c.w","tree.date","species","SpeciesJenkins","FIACode","FVSCode","PlantsSymbol","CommonName","ScientificName","allom.key","allom.name","allom.region","allom.model","d.stem.max","p1","p2","p3","p4","p5","p6","p7","p8","p9","p10","p11","p12","key.x","uid","namedLocation","date","domainID","siteID","plotType","nlcdClass","decimalLatitude","decimalLongitude","geodeticDatum","coordinateUncertainty","easting","northing","utmZone","elevation","elevationUncertainty","samplingImpractical","eventID","eventType","dataCollected","subplotsSampled","samplingProtocolVersion.y","targetTaxaPresent","woodyTargetTaxaPresent","nonWoodyTargetTaxaPresent","treesPresent","treesAbsentList","shrubsPresent","shrubsAbsentList","lianasPresent","lianasAbsentList","nestedSubplotAreaShrubSapling","nestedSubplotAreaLiana","totalSampledAreaTrees","totalSampledAreaShrubSapling","totalSampledAreaLiana","remarks.y.y","l.date","l.project","key.y"
"1","PSMEM","ABBY_061","NEON.PLA.D16.ABBY.00709",NA,"ok","single bole tree","Live",16.4,130,"noChange",9.6,NA,NA,NA,4.3,3.7,"Partially shaded","",NA,NA,NA,NA,NA,NA,NA,NA,NA,NA,NA,NA,"","0000-0003-0562-3007","0000-0001-8510-4041",NA,"181c16fa-3efa-4452-ac66-87e9c0756c6d","ABBY_061.basePlot.vst","2015-07-29","vst_ABBY_2015","D16","ABBY","ABBY_061",21,1,21,5.9,16.6,"","","","NEON.DOC.000987vE","Pseudotsuga menziesii (Mirb.) Franco var. menziesii","variety",NA,NA,NA,"","","krian@neoninc.org","lwade@field-ops.org",NA,1,4,2020-09-23,"Pseudotsuga menziesii var. menziesii","mh",NA,"PSMEM","","Douglas-fir","Pseudotsuga menziesii var. menziesii",5,"jenkins2003","USA",1,0.56,-2.48,2.4835,0.360458,NA,NA,NA,NA,NA,NA,NA,NA,NA,"ABBY_061_vst_ABBY_2020","11747686-bb34-4a45-8b5c-ce1766d6d657","ABBY_061.basePlot.vst",2020-08-26,"D16","ABBY","tower","evergreenForest",45.762451,-122.331158,"WGS84",20.1,552011.14,5067872.22,"10N",362.8,0.1,"OK","vst_ABBY_2020","towerSubset","allGrowthForms","21 | 39","NEON.DOC.000987vJ","Y","Y","Y","Y","presentInAll","Y","presentInAll","N",NA,100,"noneSelected",800,400,800,"Ferns present but not sampled AY20.",2021,"neon_abby2021","ABBY_061_vst_ABBY_2020"
"2","PSMEM","ABBY_070","NEON.PLA.D16.ABBY.03378",NA,"ok","single bole tree","Live",14.7,130,"noChange",9.7,NA,NA,NA,4,3.2,"Partially shaded","",NA,NA,NA,NA,NA,NA,NA,NA,NA,NA,NA,NA,"","0000-0002-7203-5072","0000-0003-0562-3007",NA,"f0d3dc4a-2bda-41fe-aa93-36f928e9ace9","ABBY_070.basePlot.vst","2018-07-31","vst_ABBY_2018","D16","ABBY","ABBY_070",39,NA,49,3,141.8,"","","","NEON.DOC.000987vG","Pseudotsuga menziesii (Mirb.) Franco var. menziesii","variety",NA,NA,NA,"","","klazarus@battelleecology.org","ccordell@battelleecology.org",NA,1,3.6,2020-09-23,"Pseudotsuga menziesii var. menziesii","mh",NA,"PSMEM","","Douglas-fir","Pseudotsuga menziesii var. menziesii",5,"jenkins2003","USA",1,0.56,-2.48,2.4835,0.360458,NA,NA,NA,NA,NA,NA,NA,NA,NA,"ABBY_070_vst_ABBY_2020","8b88ad30-ba5a-4e07-ac8d-2be764c6c3e0","ABBY_070.basePlot.vst",2020-08-26,"D16","ABBY","tower","evergreenForest",45.761334,-122.330793,"WGS84",20.1,552040.56,5067748.36,"10N",363.1,0.1,"OK","vst_ABBY_2020","towerSubset","allGrowthForms","21 | 39","NEON.DOC.000987vJ","Y","Y","Y","Y","presentInAll","Y","presentInAll","N",NA,100,"noneSelected",800,400,800,"Ferns present but not sampled AY20.",2021,"neon_abby2021","ABBY_070_vst_ABBY_2020"
"3","PSMEM","ABBY_061","NEON.PLA.D16.ABBY.03853",NA,"ok","single bole tree","Live",13.2,130,"noChange",8.2,NA,NA,NA,4.1,3.9,"Partially shaded","",NA,NA,NA,NA,NA,NA,NA,NA,NA,NA,NA,NA,"","0000-0003-0562-3007","0000-0001-8510-4041",NA,"cfe54f38-1ff0-4295-bddd-fc513bd9b041","ABBY_061.basePlot.vst","2019-10-22","vst_ABBY_2019","D16","ABBY","ABBY_061",21,NA,23,2.9,271.5,"map and tag","","","NEON.DOC.000987vH","Pseudotsuga menziesii (Mirb.) Franco var. menziesii","variety",NA,NA,NA,"","","0000-0001-8397-9370","0000-0001-9932-2330",NA,1,4,2020-09-23,"Pseudotsuga menziesii var. menziesii","mh",NA,"PSMEM","","Douglas-fir","Pseudotsuga menziesii var. menziesii",5,"jenkins2003","USA",1,0.56,-2.48,2.4835,0.360458,NA,NA,NA,NA,NA,NA,NA,NA,NA,"ABBY_061_vst_ABBY_2020","11747686-bb34-4a45-8b5c-ce1766d6d657","ABBY_061.basePlot.vst",2020-08-26,"D16","ABBY","tower","evergreenForest",45.762451,-122.331158,"WGS84",20.1,552011.14,5067872.22,"10N",362.8,0.1,"OK","vst_ABBY_2020","towerSubset","allGrowthForms","21 | 39","NEON.DOC.000987vJ","Y","Y","Y","Y","presentInAll","Y","presentInAll","N",NA,100,"noneSelected",800,400,800,"Ferns present but not sampled AY20.",2021,"neon_abby2021","ABBY_061_vst_ABBY_2020"
"4","PSMEM","ABBY_061","NEON.PLA.D16.ABBY.00725",NA,"ok","single bole tree","Live",13.8,130,"noChange",9.8,NA,NA,NA,3.5,3.4,"Mostly shaded","",NA,NA,NA,NA,NA,NA,NA,NA,NA,NA,NA,NA,"","0000-0003-0562-3007","0000-0001-8510-4041",NA,"9c6d9612-c477-4615-8081-317f3ce325a4","ABBY_061.basePlot.vst","2015-07-29","vst_ABBY_2015","D16","ABBY","ABBY_061",21,4,41,7.7,221,"","","","NEON.DOC.000987vE","Pseudotsuga menziesii (Mirb.) Franco var. menziesii","variety",NA,NA,NA,"","","krian@neoninc.org","lwade@field-ops.org",NA,1,3.45,2020-09-23,"Pseudotsuga menziesii var. menziesii","mh",NA,"PSMEM","","Douglas-fir","Pseudotsuga menziesii var. menziesii",5,"jenkins2003","USA",1,0.56,-2.48,2.4835,0.360458,NA,NA,NA,NA,NA,NA,NA,NA,NA,"ABBY_061_vst_ABBY_2020","11747686-bb34-4a45-8b5c-ce1766d6d657","ABBY_061.basePlot.vst",2020-08-26,"D16","ABBY","tower","evergreenForest",45.762451,-122.331158,"WGS84",20.1,552011.14,5067872.22,"10N",362.8,0.1,"OK","vst_ABBY_2020","towerSubset","allGrowthForms","21 | 39","NEON.DOC.000987vJ","Y","Y","Y","Y","presentInAll","Y","presentInAll","N",NA,100,"noneSelected",800,400,800,"Ferns present but not sampled AY20.",2021,"neon_abby2021","ABBY_061_vst_ABBY_2020"
"5","PSMEM","ABBY_061","NEON.PLA.D16.ABBY.00702",NA,"ok","single bole tree","Live",12.7,130,"noChange",10.7,NA,NA,NA,3.7,3.3,"Partially shaded","",NA,NA,NA,NA,NA,NA,NA,NA,NA,NA,NA,NA,"","0000-0003-0562-3007","0000-0001-8510-4041",NA,"5c87e111-1c8e-421d-9ec9-8f650c37bb24","ABBY_061.basePlot.vst","2015-07-29","vst_ABBY_2015","D16","ABBY","ABBY_061",21,1,21,2.2,20.3,"","","","NEON.DOC.000987vE","Pseudotsuga menziesii (Mirb.) Franco var. menziesii","variety",NA,NA,NA,"","","krian@neoninc.org","lwade@field-ops.org",NA,1,3.5,2020-09-23,"Pseudotsuga menziesii var. menziesii","mh",NA,"PSMEM","","Douglas-fir","Pseudotsuga menziesii var. menziesii",5,"jenkins2003","USA",1,0.56,-2.48,2.4835,0.360458,NA,NA,NA,NA,NA,NA,NA,NA,NA,"ABBY_061_vst_ABBY_2020","11747686-bb34-4a45-8b5c-ce1766d6d657","ABBY_061.basePlot.vst",2020-08-26,"D16","ABBY","tower","evergreenForest",45.762451,-122.331158,"WGS84",20.1,552011.14,5067872.22,"10N",362.8,0.1,"OK","vst_ABBY_2020","towerSubset","allGrowthForms","21 | 39","NEON.DOC.000987vJ","Y","Y","Y","Y","presentInAll","Y","presentInAll","N",NA,100,"noneSelected",800,400,800,"Ferns present but not sampled AY20.",2021,"neon_abby2021","ABBY_061_vst_ABBY_2020"
"6","PSMEM","ABBY_070","NEON.PLA.D16.ABBY.00747",NA,"ok","single bole tree","Live",13.4,130,"noChange",9.1,NA,NA,NA,4.2,4.2,"Partially shaded","",NA,NA,NA,NA,NA,NA,NA,NA,NA,NA,NA,NA,"","0000-0002-2759-254X","0000-0001-9521-413X",NA,"08f4fd10-3acb-4b49-82cb-eaeef609b5d3","ABBY_070.basePlot.vst","2018-07-31","vst_ABBY_2018","D16","ABBY","ABBY_070",21,1,21,2.7,70.5,"","","","NEON.DOC.000987vG","Pseudotsuga menziesii (Mirb.) Franco var. menziesii","variety",NA,NA,NA,"","","ccordell@battelleecology.org","klazarus@battelleecology.org",NA,1,4.2,2020-09-24,"Pseudotsuga menziesii var. menziesii","mh",NA,"PSMEM","","Douglas-fir","Pseudotsuga menziesii var. menziesii",5,"jenkins2003","USA",1,0.56,-2.48,2.4835,0.360458,NA,NA,NA,NA,NA,NA,NA,NA,NA,"ABBY_070_vst_ABBY_2020","8b88ad30-ba5a-4e07-ac8d-2be764c6c3e0","ABBY_070.basePlot.vst",2020-08-26,"D16","ABBY","tower","evergreenForest",45.761334,-122.330793,"WGS84",20.1,552040.56,5067748.36,"10N",363.1,0.1,"OK","vst_ABBY_2020","towerSubset","allGrowthForms","21 | 39","NEON.DOC.000987vJ","Y","Y","Y","Y","presentInAll","Y","presentInAll","N",NA,100,"noneSelected",800,400,800,"Ferns present but not sampled AY20.",2021,"neon_abby2021","ABBY_070_vst_ABBY_2020"
"7","PSMEM","ABBY_070","NEON.PLA.D16.ABBY.03372",NA,"ok","single bole tree","Live",17.9,130,"noChange",10.5,NA,NA,NA,5.1,4.8,"Partially shaded","",NA,NA,NA,NA,NA,NA,NA,NA,NA,NA,NA,NA,"","0000-0002-7203-5072","0000-0003-0562-3007",NA,"3ce584db-164d-4cb9-9903-02253e975228","ABBY_070.basePlot.vst","2018-07-31","vst_ABBY_2018","D16","ABBY","ABBY_070",39,NA,41,2.7,343.6,"","","","NEON.DOC.000987vG","Pseudotsuga menziesii (Mirb.) Franco var. menziesii","variety",NA,NA,NA,"","","klazarus@battelleecology.org","ccordell@battelleecology.org",NA,1,4.95,2020-09-23,"Pseudotsuga menziesii var. menziesii","mh",NA,"PSMEM","","Douglas-fir","Pseudotsuga menziesii var. menziesii",5,"jenkins2003","USA",1,0.56,-2.48,2.4835,0.360458,NA,NA,NA,NA,NA,NA,NA,NA,NA,"ABBY_070_vst_ABBY_2020","8b88ad30-ba5a-4e07-ac8d-2be764c6c3e0","ABBY_070.basePlot.vst",2020-08-26,"D16","ABBY","tower","evergreenForest",45.761334,-122.330793,"WGS84",20.1,552040.56,5067748.36,"10N",363.1,0.1,"OK","vst_ABBY_2020","towerSubset","allGrowthForms","21 | 39","NEON.DOC.000987vJ","Y","Y","Y","Y","presentInAll","Y","presentInAll","N",NA,100,"noneSelected",800,400,800,"Ferns present but not sampled AY20.",2021,"neon_abby2021","ABBY_070_vst_ABBY_2020"
"8","PSMEM","ABBY_061","NEON.PLA.D16.ABBY.00531",NA,"ok","single bole tree","Live",13.8,130,"noChange",6.4,NA,NA,NA,4.2,4.2,"Partially shaded","",NA,NA,NA,NA,NA,NA,NA,NA,NA,NA,NA,NA,"","0000-0003-2593-761X","0000-0002-0205-7735",NA,"cc8c30e7-9ec5-4450-8b69-b9a121dc8252","ABBY_061.basePlot.vst","2019-10-22","vst_ABBY_2019","D16","ABBY","ABBY_061",39,NA,39,1.9,34.3,"map and tag","","","NEON.DOC.000987vH","Pseudotsuga menziesii (Mirb.) Franco var. menziesii","variety",NA,NA,NA,"","","0000-0001-8510-4041","0000-0003-2593-761X",NA,1,4.2,2020-09-23,"Pseudotsuga menziesii var. menziesii","mh",NA,"PSMEM","","Douglas-fir","Pseudotsuga menziesii var. menziesii",5,"jenkins2003","USA",1,0.56,-2.48,2.4835,0.360458,NA,NA,NA,NA,NA,NA,NA,NA,NA,"ABBY_061_vst_ABBY_2020","11747686-bb34-4a45-8b5c-ce1766d6d657","ABBY_061.basePlot.vst",2020-08-26,"D16","ABBY","tower","evergreenForest",45.762451,-122.331158,"WGS84",20.1,552011.14,5067872.22,"10N",362.8,0.1,"OK","vst_ABBY_2020","towerSubset","allGrowthForms","21 | 39","NEON.DOC.000987vJ","Y","Y","Y","Y","presentInAll","Y","presentInAll","N",NA,100,"noneSelected",800,400,800,"Ferns present but not sampled AY20.",2021,"neon_abby2021","ABBY_061_vst_ABBY_2020"
"9","PSMEM","ABBY_061","NEON.PLA.D16.ABBY.00728",NA,"ok","single bole tree","Live",14.5,130,"noChange",10.4,NA,NA,NA,4.6,4.4,"Mostly shaded","",NA,NA,NA,NA,NA,NA,NA,NA,NA,NA,NA,NA,"","0000-0003-0562-3007","0000-0001-8510-4041",NA,"df5968e9-d6ad-4b00-b9f3-f0ec6233778e","ABBY_061.basePlot.vst","2015-07-29","vst_ABBY_2015","D16","ABBY","ABBY_061",21,4,41,11.1,214.3,"","","","NEON.DOC.000987vE","Pseudotsuga menziesii (Mirb.) Franco var. menziesii","variety",NA,NA,NA,"","","krian@neoninc.org","lwade@field-ops.org",NA,1,4.5,2020-09-23,"Pseudotsuga menziesii var. menziesii","mh",NA,"PSMEM","","Douglas-fir","Pseudotsuga menziesii var. menziesii",5,"jenkins2003","USA",1,0.56,-2.48,2.4835,0.360458,NA,NA,NA,NA,NA,NA,NA,NA,NA,"ABBY_061_vst_ABBY_2020","11747686-bb34-4a45-8b5c-ce1766d6d657","ABBY_061.basePlot.vst",2020-08-26,"D16","ABBY","tower","evergreenForest",45.762451,-122.331158,"WGS84",20.1,552011.14,5067872.22,"10N",362.8,0.1,"OK","vst_ABBY_2020","towerSubset","allGrowthForms","21 | 39","NEON.DOC.000987vJ","Y","Y","Y","Y","presentInAll","Y","presentInAll","N",NA,100,"noneSelected",800,400,800,"Ferns present but not sampled AY20.",2021,"neon_abby2021","ABBY_061_vst_ABBY_2020"
"10","PSMEM","ABBY_061","NEON.PLA.D16.ABBY.00660",NA,"ok","single bole tree","Dead, broken bole",41.6,130,"noChange",3.4,NA,3.4,10,0.6,0.4,"Full sun","",NA,NA,NA,NA,NA,NA,NA,NA,NA,NA,NA,NA,"Cause of death unknown","0000-0003-2593-761X","0000-0002-0205-7735",NA,"91dac72d-6b44-43a4-834e-223e08d9f00c","ABBY_061.basePlot.vst","2016-08-16","vst_ABBY_2016","D16","ABBY","ABBY_061",39,3,49,9.8,330.2,"","","","NEON.DOC.000987vE","Pseudotsuga menziesii (Mirb.) Franco var. menziesii","variety",NA,NA,NA,"","pointID not recorded in 2015","jzemaitis@neoninc.org","bgorzek@field-ops.org",NA,0,0.5,2020-09-23,"Pseudotsuga menziesii var. menziesii","mh",NA,"PSMEM","","Douglas-fir","Pseudotsuga menziesii var. menziesii",5,"jenkins2003","USA",1,0.56,-2.48,2.4835,0.360458,NA,NA,NA,NA,NA,NA,NA,NA,NA,"ABBY_061_vst_ABBY_2020","11747686-bb34-4a45-8b5c-ce1766d6d657","ABBY_061.basePlot.vst",2020-08-26,"D16","ABBY","tower","evergreenForest",45.762451,-122.331158,"WGS84",20.1,552011.14,5067872.22,"10N",362.8,0.1,"OK","vst_ABBY_2020","towerSubset","allGrowthForms","21 | 39","NEON.DOC.000987vJ","Y","Y","Y","Y","presentInAll","Y","presentInAll","N",NA,100,"noneSelected",800,400,800,"Ferns present but not sampled AY20.",2021,"neon_abby2021","ABBY_061_vst_ABBY_2020"
"11","PSMEM","ABBY_061","NEON.PLA.D16.ABBY.00726",NA,"ok","single bole tree","Live",13.5,130,"noChange",10.7,NA,NA,NA,4.2,3.9,"Mostly shaded","",NA,NA,NA,NA,NA,NA,NA,NA,NA,NA,NA,NA,"","0000-0003-0562-3007","0000-0001-8510-4041",NA,"aceaae3f-18ca-42a0-85a1-66ab1a508f3a","ABBY_061.basePlot.vst","2015-07-29","vst_ABBY_2015","D16","ABBY","ABBY_061",21,4,41,7.3,190.8,"","","","NEON.DOC.000987vE","Pseudotsuga menziesii (Mirb.) Franco var. menziesii","variety",NA,NA,NA,"","","krian@neoninc.org","lwade@field-ops.org",NA,1,4.05,2020-09-23,"Pseudotsuga menziesii var. menziesii","mh",NA,"PSMEM","","Douglas-fir","Pseudotsuga menziesii var. menziesii",5,"jenkins2003","USA",1,0.56,-2.48,2.4835,0.360458,NA,NA,NA,NA,NA,NA,NA,NA,NA,"ABBY_061_vst_ABBY_2020","11747686-bb34-4a45-8b5c-ce1766d6d657","ABBY_061.basePlot.vst",2020-08-26,"D16","ABBY","tower","evergreenForest",45.762451,-122.331158,"WGS84",20.1,552011.14,5067872.22,"10N",362.8,0.1,"OK","vst_ABBY_2020","towerSubset","allGrowthForms","21 | 39","NEON.DOC.000987vJ","Y","Y","Y","Y","presentInAll","Y","presentInAll","N",NA,100,"noneSelected",800,400,800,"Ferns present but not sampled AY20.",2021,"neon_abby2021","ABBY_061_vst_ABBY_2020"
"12","PSMEM","ABBY_070","NEON.PLA.D16.ABBY.01006",NA,"ok","single bole tree","Live",20.4,130,"noChange",11.2,NA,NA,NA,5.1,4.2,"Partially shaded","",NA,NA,NA,NA,NA,NA,NA,NA,NA,NA,NA,NA,"","0000-0002-7203-5072","0000-0003-0562-3007",NA,"309b32a4-51de-4d45-a73e-0d8645f4acdd","ABBY_070.basePlot.vst","2016-10-25","vst_ABBY_2016","D16","ABBY","ABBY_070",39,NA,59,7.3,239.4,"","","","NEON.DOC.000987vE","Pseudotsuga menziesii (Mirb.) Franco var. menziesii","variety",NA,NA,NA,"","","vschmitt@field-ops.org","wsalas@field-ops.org",NA,1,4.65,2020-09-23,"Pseudotsuga menziesii var. menziesii","mh",NA,"PSMEM","","Douglas-fir","Pseudotsuga menziesii var. menziesii",5,"jenkins2003","USA",1,0.56,-2.48,2.4835,0.360458,NA,NA,NA,NA,NA,NA,NA,NA,NA,"ABBY_070_vst_ABBY_2020","8b88ad30-ba5a-4e07-ac8d-2be764c6c3e0","ABBY_070.basePlot.vst",2020-08-26,"D16","ABBY","tower","evergreenForest",45.761334,-122.330793,"WGS84",20.1,552040.56,5067748.36,"10N",363.1,0.1,"OK","vst_ABBY_2020","towerSubset","allGrowthForms","21 | 39","NEON.DOC.000987vJ","Y","Y","Y","Y","presentInAll","Y","presentInAll","N",NA,100,"noneSelected",800,400,800,"Ferns present but not sampled AY20.",2021,"neon_abby2021","ABBY_070_vst_ABBY_2020"
"13","PSMEM","ABBY_061","NEON.PLA.D16.ABBY.03767",NA,"ok","single bole tree","Live",13.5,130,"noChange",10.4,NA,NA,NA,4.7,4.6,"Partially shaded","",NA,NA,NA,NA,NA,NA,NA,NA,NA,NA,NA,NA,"","0000-0003-2593-761X","0000-0002-0205-7735",NA,"dbee6a6a-5286-41e2-90a8-15ba12da383b","ABBY_061.basePlot.vst","2018-07-31","vst_ABBY_2018","D16","ABBY","ABBY_061",39,NA,57,5.8,113.3,"","","","NEON.DOC.000987vG","Pseudotsuga menziesii (Mirb.) Franco var. menziesii","variety",NA,NA,NA,"","","Jzemaitis@battelleecology.org","ccordell@battelleecology.org",NA,1,4.65,2020-09-23,"Pseudotsuga menziesii var. menziesii","mh",NA,"PSMEM","","Douglas-fir","Pseudotsuga menziesii var. menziesii",5,"jenkins2003","USA",1,0.56,-2.48,2.4835,0.360458,NA,NA,NA,NA,NA,NA,NA,NA,NA,"ABBY_061_vst_ABBY_2020","11747686-bb34-4a45-8b5c-ce1766d6d657","ABBY_061.basePlot.vst",2020-08-26,"D16","ABBY","tower","evergreenForest",45.762451,-122.331158,"WGS84",20.1,552011.14,5067872.22,"10N",362.8,0.1,"OK","vst_ABBY_2020","towerSubset","allGrowthForms","21 | 39","NEON.DOC.000987vJ","Y","Y","Y","Y","presentInAll","Y","presentInAll","N",NA,100,"noneSelected",800,400,800,"Ferns present but not sampled AY20.",2021,"neon_abby2021","ABBY_061_vst_ABBY_2020"
"14","PSMEM","ABBY_070","NEON.PLA.D16.ABBY.00672",NA,"ok","single bole tree","Live",17.4,150,"noChange",6.2,NA,NA,NA,5.2,4.7,"","",NA,NA,NA,NA,NA,NA,NA,NA,NA,NA,NA,NA,"","0000-0002-7203-5072","0000-0003-0562-3007",NA,"3fd389e0-b7a7-4960-b9e7-28b029219b49","ABBY_070.basePlot.vst","2015-07-29","vst_ABBY_2015","D16","ABBY","ABBY_070",39,1,39,2.7,58.5,"","","","NEON.DOC.000987vE","Pseudotsuga menziesii (Mirb.) Franco var. menziesii","variety",NA,NA,NA,"","updated taxonID from PSME to PSMEM","kzias@field-ops.org","shiebert@neoninc.org",NA,1,4.95,2020-09-23,"Pseudotsuga menziesii var. menziesii","mh",NA,"PSMEM","","Douglas-fir","Pseudotsuga menziesii var. menziesii",5,"jenkins2003","USA",1,0.56,-2.48,2.4835,0.360458,NA,NA,NA,NA,NA,NA,NA,NA,NA,"ABBY_070_vst_ABBY_2020","8b88ad30-ba5a-4e07-ac8d-2be764c6c3e0","ABBY_070.basePlot.vst",2020-08-26,"D16","ABBY","tower","evergreenForest",45.761334,-122.330793,"WGS84",20.1,552040.56,5067748.36,"10N",363.1,0.1,"OK","vst_ABBY_2020","towerSubset","allGrowthForms","21 | 39","NEON.DOC.000987vJ","Y","Y","Y","Y","presentInAll","Y","presentInAll","N",NA,100,"noneSelected",800,400,800,"Ferns present but not sampled AY20.",2021,"neon_abby2021","ABBY_070_vst_ABBY_2020"
"15","PSMEM","ABBY_061","NEON.PLA.D16.ABBY.03854",NA,"ok","single bole tree","Live",11.2,130,"noChange",8.4,NA,NA,NA,4.1,3.3,"Partially shaded","",NA,NA,NA,NA,NA,NA,NA,NA,NA,NA,NA,NA,"","0000-0002-7203-5072","0000-0001-9521-413X",NA,"98c56fd2-842c-46e9-9f3d-272092861ab0","ABBY_061.basePlot.vst","2019-10-22","vst_ABBY_2019","D16","ABBY","ABBY_061",21,NA,23,10.2,307.7,"map and tag","","","NEON.DOC.000987vH","Pseudotsuga menziesii (Mirb.) Franco var. menziesii","variety",NA,NA,NA,"","","0000-0001-8397-9370","0000-0001-9932-2330",NA,1,3.7,2020-09-23,"Pseudotsuga menziesii var. menziesii","mh",NA,"PSMEM","","Douglas-fir","Pseudotsuga menziesii var. menziesii",5,"jenkins2003","USA",1,0.56,-2.48,2.4835,0.360458,NA,NA,NA,NA,NA,NA,NA,NA,NA,"ABBY_061_vst_ABBY_2020","11747686-bb34-4a45-8b5c-ce1766d6d657","ABBY_061.basePlot.vst",2020-08-26,"D16","ABBY","tower","evergreenForest",45.762451,-122.331158,"WGS84",20.1,552011.14,5067872.22,"10N",362.8,0.1,"OK","vst_ABBY_2020","towerSubset","allGrowthForms","21 | 39","NEON.DOC.000987vJ","Y","Y","Y","Y","presentInAll","Y","presentInAll","N",NA,100,"noneSelected",800,400,800,"Ferns present but not sampled AY20.",2021,"neon_abby2021","ABBY_061_vst_ABBY_2020"
"16","PSMEM","ABBY_061","NEON.PLA.D16.ABBY.00710",NA,"ok","single bole tree","Live",18.9,130,"noChange",10.9,NA,NA,NA,5.1,4.8,"Partially shaded","",NA,NA,NA,NA,NA,NA,NA,NA,NA,NA,NA,NA,"","0000-0003-0562-3007","0000-0001-8510-4041",NA,"50c5a844-021f-4392-a868-cdacde21a421","ABBY_061.basePlot.vst","2015-07-29","vst_ABBY_2015","D16","ABBY","ABBY_061",21,1,21,7.9,2.8,"","","","NEON.DOC.000987vE","Pseudotsuga menziesii (Mirb.) Franco var. menziesii","variety",NA,NA,NA,"","","krian@neoninc.org","lwade@field-ops.org",NA,1,4.95,2020-09-23,"Pseudotsuga menziesii var. menziesii","mh",NA,"PSMEM","","Douglas-fir","Pseudotsuga menziesii var. menziesii",5,"jenkins2003","USA",1,0.56,-2.48,2.4835,0.360458,NA,NA,NA,NA,NA,NA,NA,NA,NA,"ABBY_061_vst_ABBY_2020","11747686-bb34-4a45-8b5c-ce1766d6d657","ABBY_061.basePlot.vst",2020-08-26,"D16","ABBY","tower","evergreenForest",45.762451,-122.331158,"WGS84",20.1,552011.14,5067872.22,"10N",362.8,0.1,"OK","vst_ABBY_2020","towerSubset","allGrowthForms","21 | 39","NEON.DOC.000987vJ","Y","Y","Y","Y","presentInAll","Y","presentInAll","N",NA,100,"noneSelected",800,400,800,"Ferns present but not sampled AY20.",2021,"neon_abby2021","ABBY_061_vst_ABBY_2020"
"17","PSMEM","ABBY_061","NEON.PLA.D16.ABBY.00541",NA,"ok","single bole tree","Live",15.2,130,"noChange",11.4,NA,NA,NA,4.1,3.6,"Mostly shaded","",NA,NA,NA,NA,NA,NA,NA,NA,NA,NA,NA,NA,"","0000-0003-2593-761X","0000-0002-0205-7735",NA,"efb95144-478d-45cb-95e1-504c21e139fd","ABBY_061.basePlot.vst","2019-10-22","vst_ABBY_2019","D16","ABBY","ABBY_061",39,NA,49,4.7,211,"map and tag","","","NEON.DOC.000987vH","Pseudotsuga menziesii (Mirb.) Franco var. menziesii","variety",NA,NA,NA,"","","0000-0001-8510-4041","0000-0003-2593-761X",NA,1,3.85,2020-09-23,"Pseudotsuga menziesii var. menziesii","mh",NA,"PSMEM","","Douglas-fir","Pseudotsuga menziesii var. menziesii",5,"jenkins2003","USA",1,0.56,-2.48,2.4835,0.360458,NA,NA,NA,NA,NA,NA,NA,NA,NA,"ABBY_061_vst_ABBY_2020","11747686-bb34-4a45-8b5c-ce1766d6d657","ABBY_061.basePlot.vst",2020-08-26,"D16","ABBY","tower","evergreenForest",45.762451,-122.331158,"WGS84",20.1,552011.14,5067872.22,"10N",362.8,0.1,"OK","vst_ABBY_2020","towerSubset","allGrowthForms","21 | 39","NEON.DOC.000987vJ","Y","Y","Y","Y","presentInAll","Y","presentInAll","N",NA,100,"noneSelected",800,400,800,"Ferns present but not sampled AY20.",2021,"neon_abby2021","ABBY_061_vst_ABBY_2020"
"18","PSMEM","ABBY_070","NEON.PLA.D16.ABBY.03088",NA,"ok","single bole tree","Live",14.4,130,"noChange",10.2,NA,NA,NA,5,4.4,"Partially shaded","",NA,NA,NA,NA,NA,NA,NA,NA,NA,NA,NA,NA,"","0000-0002-7203-5072","0000-0003-0562-3007",NA,"c10eac7c-0d9a-4a0f-9170-13648e5c684f","ABBY_070.basePlot.vst","2018-07-31","vst_ABBY_2018","D16","ABBY","ABBY_070",39,NA,59,6.9,217.7,"","","","NEON.DOC.000987vG","Pseudotsuga menziesii (Mirb.) Franco var. menziesii","variety",NA,NA,NA,"","","klazarus@battelleecology.org","ccordell@battelleecology.org",NA,1,4.7,2020-09-23,"Pseudotsuga menziesii var. menziesii","mh",NA,"PSMEM","","Douglas-fir","Pseudotsuga menziesii var. menziesii",5,"jenkins2003","USA",1,0.56,-2.48,2.4835,0.360458,NA,NA,NA,NA,NA,NA,NA,NA,NA,"ABBY_070_vst_ABBY_2020","8b88ad30-ba5a-4e07-ac8d-2be764c6c3e0","ABBY_070.basePlot.vst",2020-08-26,"D16","ABBY","tower","evergreenForest",45.761334,-122.330793,"WGS84",20.1,552040.56,5067748.36,"10N",363.1,0.1,"OK","vst_ABBY_2020","towerSubset","allGrowthForms","21 | 39","NEON.DOC.000987vJ","Y","Y","Y","Y","presentInAll","Y","presentInAll","N",NA,100,"noneSelected",800,400,800,"Ferns present but not sampled AY20.",2021,"neon_abby2021","ABBY_070_vst_ABBY_2020"
"19","PSMEM","ABBY_061","NEON.PLA.D16.ABBY.03761",NA,"ok","single bole tree","Live",13.1,130,"noChange",9.6,NA,NA,NA,4.4,4,"Partially shaded","",NA,NA,NA,NA,NA,NA,NA,NA,NA,NA,NA,NA,"","0000-0002-7203-5072","0000-0001-9521-413X",NA,"04d056fa-8b84-403c-a07e-d0ff38253d26","ABBY_061.basePlot.vst","2018-07-31","vst_ABBY_2018","D16","ABBY","ABBY_061",21,NA,31,1.5,113.4,"","","","NEON.DOC.000987vG","Pseudotsuga menziesii (Mirb.) Franco var. menziesii","variety",NA,NA,NA,"","","Jzemaitis@battelleecology.org","ccordell@battelleecology.org",NA,1,4.2,2020-09-23,"Pseudotsuga menziesii var. menziesii","mh",NA,"PSMEM","","Douglas-fir","Pseudotsuga menziesii var. menziesii",5,"jenkins2003","USA",1,0.56,-2.48,2.4835,0.360458,NA,NA,NA,NA,NA,NA,NA,NA,NA,"ABBY_061_vst_ABBY_2020","11747686-bb34-4a45-8b5c-ce1766d6d657","ABBY_061.basePlot.vst",2020-08-26,"D16","ABBY","tower","evergreenForest",45.762451,-122.331158,"WGS84",20.1,552011.14,5067872.22,"10N",362.8,0.1,"OK","vst_ABBY_2020","towerSubset","allGrowthForms","21 | 39","NEON.DOC.000987vJ","Y","Y","Y","Y","presentInAll","Y","presentInAll","N",NA,100,"noneSelected",800,400,800,"Ferns present but not sampled AY20.",2021,"neon_abby2021","ABBY_061_vst_ABBY_2020"
"20","PSMEM","ABBY_070","NEON.PLA.D16.ABBY.09087",NA,"ok","single bole tree","Live",12.2,130,"noChange",10.1,NA,NA,NA,4,3.5,"Partially shaded","",NA,NA,NA,NA,NA,NA,NA,NA,NA,NA,NA,NA,"","0000-0002-2759-254X","0000-0001-9521-413X",NA,"a1d51c3e-94a7-4f76-a74d-f2372866edad","ABBY_070.basePlot.vst","2020-09-24","vst_ABBY_2020","D16","ABBY","ABBY_070",21,NA,23,4.2,302.1,"map and tag","","","NEON.DOC.000987vJ","Pseudotsuga menziesii (Mirb.) Franco var. menziesii","variety",NA,NA,NA,"","","0000-0001-9521-413X","0000-0002-2759-254X",NA,1,3.75,2020-09-24,"Pseudotsuga menziesii var. menziesii","mh",NA,"PSMEM","","Douglas-fir","Pseudotsuga menziesii var. menziesii",5,"jenkins2003","USA",1,0.56,-2.48,2.4835,0.360458,NA,NA,NA,NA,NA,NA,NA,NA,NA,"ABBY_070_vst_ABBY_2020","8b88ad30-ba5a-4e07-ac8d-2be764c6c3e0","ABBY_070.basePlot.vst",2020-08-26,"D16","ABBY","tower","evergreenForest",45.761334,-122.330793,"WGS84",20.1,552040.56,5067748.36,"10N",363.1,0.1,"OK","vst_ABBY_2020","towerSubset","allGrowthForms","21 | 39","NEON.DOC.000987vJ","Y","Y","Y","Y","presentInAll","Y","presentInAll","N",NA,100,"noneSelected",800,400,800,"Ferns present but not sampled AY20.",2021,"neon_abby2021","ABBY_070_vst_ABBY_2020"
"21","PSMEM","ABBY_061","NEON.PLA.D16.ABBY.00711",NA,"ok","single bole tree","Live",14.4,130,"noChange",10.9,NA,NA,NA,4.3,4,"Partially shaded","",NA,NA,NA,NA,NA,NA,NA,NA,NA,NA,NA,NA,"","0000-0003-0562-3007","0000-0001-8510-4041",NA,"a549d558-f22f-4a4d-b091-35a90b974016","ABBY_061.basePlot.vst","2015-07-29","vst_ABBY_2015","D16","ABBY","ABBY_061",21,1,21,3.1,77.9,"","","","NEON.DOC.000987vE","Pseudotsuga menziesii (Mirb.) Franco var. menziesii","variety",NA,NA,NA,"","","krian@neoninc.org","lwade@field-ops.org",NA,1,4.15,2020-09-23,"Pseudotsuga menziesii var. menziesii","mh",NA,"PSMEM","","Douglas-fir","Pseudotsuga menziesii var. menziesii",5,"jenkins2003","USA",1,0.56,-2.48,2.4835,0.360458,NA,NA,NA,NA,NA,NA,NA,NA,NA,"ABBY_061_vst_ABBY_2020","11747686-bb34-4a45-8b5c-ce1766d6d657","ABBY_061.basePlot.vst",2020-08-26,"D16","ABBY","tower","evergreenForest",45.762451,-122.331158,"WGS84",20.1,552011.14,5067872.22,"10N",362.8,0.1,"OK","vst_ABBY_2020","towerSubset","allGrowthForms","21 | 39","NEON.DOC.000987vJ","Y","Y","Y","Y","presentInAll","Y","presentInAll","N",NA,100,"noneSelected",800,400,800,"Ferns present but not sampled AY20.",2021,"neon_abby2021","ABBY_061_vst_ABBY_2020"
"22","PSMEM","ABBY_070","NEON.PLA.D16.ABBY.00664",NA,"ok","single bole tree","Live",15,140,"noChange",8.3,NA,NA,NA,4.9,4.6,"Partially shaded","",NA,NA,NA,NA,NA,NA,NA,NA,NA,NA,NA,NA,"","0000-0002-7203-5072","0000-0003-0562-3007",NA,"af611842-d496-466a-86d1-3f80598036d8","ABBY_070.basePlot.vst","2015-07-29","vst_ABBY_2015","D16","ABBY","ABBY_070",39,3,57,6.9,103,"","","","NEON.DOC.000987vE","Pseudotsuga menziesii (Mirb.) Franco var. menziesii","variety",NA,NA,NA,"","updated taxonID from PSME to PSMEM","kzias@field-ops.org","shiebert@neoninc.org",NA,1,4.75,2020-09-23,"Pseudotsuga menziesii var. menziesii","mh",NA,"PSMEM","","Douglas-fir","Pseudotsuga menziesii var. menziesii",5,"jenkins2003","USA",1,0.56,-2.48,2.4835,0.360458,NA,NA,NA,NA,NA,NA,NA,NA,NA,"ABBY_070_vst_ABBY_2020","8b88ad30-ba5a-4e07-ac8d-2be764c6c3e0","ABBY_070.basePlot.vst",2020-08-26,"D16","ABBY","tower","evergreenForest",45.761334,-122.330793,"WGS84",20.1,552040.56,5067748.36,"10N",363.1,0.1,"OK","vst_ABBY_2020","towerSubset","allGrowthForms","21 | 39","NEON.DOC.000987vJ","Y","Y","Y","Y","presentInAll","Y","presentInAll","N",NA,100,"noneSelected",800,400,800,"Ferns present but not sampled AY20.",2021,"neon_abby2021","ABBY_070_vst_ABBY_2020"
"23","PSMEM","ABBY_061","NEON.PLA.D16.ABBY.03829",NA,"ok","single bole tree","Live",11.9,130,"noChange",9.7,NA,NA,NA,3.8,3.5,"Partially shaded","",NA,NA,NA,NA,NA,NA,NA,NA,NA,NA,NA,NA,"","0000-0003-0562-3007","0000-0001-8510-4041",NA,"fbd2bb2e-a10f-4557-9738-06eee56363bc","ABBY_061.basePlot.vst","2019-10-22","vst_ABBY_2019","D16","ABBY","ABBY_061",21,NA,23,10.4,358.3,"map and tag","","","NEON.DOC.000987vH","Pseudotsuga menziesii (Mirb.) Franco var. menziesii","variety",NA,NA,NA,"","","0000-0002-4213-3632","0000-0001-9932-2330",NA,1,3.65,2020-09-23,"Pseudotsuga menziesii var. menziesii","mh",NA,"PSMEM","","Douglas-fir","Pseudotsuga menziesii var. menziesii",5,"jenkins2003","USA",1,0.56,-2.48,2.4835,0.360458,NA,NA,NA,NA,NA,NA,NA,NA,NA,"ABBY_061_vst_ABBY_2020","11747686-bb34-4a45-8b5c-ce1766d6d657","ABBY_061.basePlot.vst",2020-08-26,"D16","ABBY","tower","evergreenForest",45.762451,-122.331158,"WGS84",20.1,552011.14,5067872.22,"10N",362.8,0.1,"OK","vst_ABBY_2020","towerSubset","allGrowthForms","21 | 39","NEON.DOC.000987vJ","Y","Y","Y","Y","presentInAll","Y","presentInAll","N",NA,100,"noneSelected",800,400,800,"Ferns present but not sampled AY20.",2021,"neon_abby2021","ABBY_061_vst_ABBY_2020"
"24","PSMEM","ABBY_070","NEON.PLA.D16.ABBY.09092",NA,"ok","single bole tree","Live",11.7,130,"noChange",8.4,NA,NA,NA,4.1,3.5,"Partially shaded","",NA,NA,NA,NA,NA,NA,NA,NA,NA,NA,NA,NA,"","0000-0002-7203-5072","0000-0003-0562-3007",NA,"3c350df0-33aa-4c25-95bd-87d9eb47ad53","ABBY_070.basePlot.vst","2020-09-24","vst_ABBY_2020","D16","ABBY","ABBY_070",39,NA,59,8.7,262.3,"map and tag","","","NEON.DOC.000987vJ","Pseudotsuga menziesii (Mirb.) Franco var. menziesii","variety",NA,NA,NA,"","","0000-0003-0562-3007","0000-0002-7203-5072",NA,1,3.8,2020-09-23,"Pseudotsuga menziesii var. menziesii","mh",NA,"PSMEM","","Douglas-fir","Pseudotsuga menziesii var. menziesii",5,"jenkins2003","USA",1,0.56,-2.48,2.4835,0.360458,NA,NA,NA,NA,NA,NA,NA,NA,NA,"ABBY_070_vst_ABBY_2020","8b88ad30-ba5a-4e07-ac8d-2be764c6c3e0","ABBY_070.basePlot.vst",2020-08-26,"D16","ABBY","tower","evergreenForest",45.761334,-122.330793,"WGS84",20.1,552040.56,5067748.36,"10N",363.1,0.1,"OK","vst_ABBY_2020","towerSubset","allGrowthForms","21 | 39","NEON.DOC.000987vJ","Y","Y","Y","Y","presentInAll","Y","presentInAll","N",NA,100,"noneSelected",800,400,800,"Ferns present but not sampled AY20.",2021,"neon_abby2021","ABBY_070_vst_ABBY_2020"
"25","PSMEM","ABBY_061","NEON.PLA.D16.ABBY.03852",NA,"ok","single bole tree","Live",12,130,"noChange",10.5,NA,NA,NA,4.9,4.3,"Mostly shaded","",NA,NA,NA,NA,NA,NA,NA,NA,NA,NA,NA,NA,"","0000-0002-7203-5072","0000-0001-9521-413X",NA,"5ed9f2de-d9bf-487e-b685-f8b24802c20c","ABBY_061.basePlot.vst","2019-10-22","vst_ABBY_2019","D16","ABBY","ABBY_061",21,NA,39,2.3,121.4,"map and tag","","","NEON.DOC.000987vH","Pseudotsuga menziesii (Mirb.) Franco var. menziesii","variety",NA,NA,NA,"","","0000-0001-8397-9370","0000-0001-9932-2330",NA,1,4.6,2020-09-23,"Pseudotsuga menziesii var. menziesii","mh",NA,"PSMEM","","Douglas-fir","Pseudotsuga menziesii var. menziesii",5,"jenkins2003","USA",1,0.56,-2.48,2.4835,0.360458,NA,NA,NA,NA,NA,NA,NA,NA,NA,"ABBY_061_vst_ABBY_2020","11747686-bb34-4a45-8b5c-ce1766d6d657","ABBY_061.basePlot.vst",2020-08-26,"D16","ABBY","tower","evergreenForest",45.762451,-122.331158,"WGS84",20.1,552011.14,5067872.22,"10N",362.8,0.1,"OK","vst_ABBY_2020","towerSubset","allGrowthForms","21 | 39","NEON.DOC.000987vJ","Y","Y","Y","Y","presentInAll","Y","presentInAll","N",NA,100,"noneSelected",800,400,800,"Ferns present but not sampled AY20.",2021,"neon_abby2021","ABBY_061_vst_ABBY_2020"
"26","PSMEM","ABBY_062","NEON.PLA.D16.ABBY.00280",1,"ok","single bole tree","Live",18.2,135,"protocolChange",11.4,NA,NA,NA,5,4.9,"Partially shaded","",NA,NA,NA,NA,NA,NA,NA,NA,NA,NA,NA,NA,"Changed stem diameter measurement height from 125","0000-0002-4816-2610","0000-0003-2593-761X",NA,"a77cfa0c-082a-4d80-9e64-1597027bdb44","ABBY_062.basePlot.vst","2016-10-19","vst_ABBY_2016","D16","ABBY","ABBY_062",39,NA,41,12.6,310.5,"","","","NEON.DOC.000987vE","Pseudotsuga menziesii (Mirb.) Franco var. menziesii","variety",NA,NA,NA,"","","vschmitt@field-ops.org","ndeweese@field-ops.org",NA,1,4.95,2020-09-25,"Pseudotsuga menziesii var. menziesii","mh",NA,"PSMEM","","Douglas-fir","Pseudotsuga menziesii var. menziesii",5,"jenkins2003","USA",1,0.56,-2.48,2.4835,0.360458,NA,NA,NA,NA,NA,NA,NA,NA,NA,"ABBY_062_vst_ABBY_2020","d6adf231-ed45-4c9b-88de-dbdc6282aaa1","ABBY_062.basePlot.vst",2020-08-26,"D16","ABBY","tower","evergreenForest",45.763476,-122.328069,"WGS84",20.1,552250.39,5067988.12,"10N",342.2,0.2,"OK","vst_ABBY_2020","towerSubset","allGrowthForms","39 | 41","NEON.DOC.000987vJ","Y","Y","Y","Y","presentInAll","Y","presentInAll","N",NA,25,"noneSelected",800,100,800,"Ferns present but not sampled AY20.",2021,"neon_abby2021","ABBY_062_vst_ABBY_2020"
"27","PSMEM","ABBY_061","NEON.PLA.D16.ABBY.00652",NA,"ok","single bole tree","Live",14.5,130,"noChange",11.1,NA,NA,NA,4.5,3.8,"Partially shaded","",NA,NA,NA,NA,NA,NA,NA,NA,NA,NA,NA,NA,"","0000-0003-2593-761X","0000-0002-0205-7735",NA,"ea20323a-b553-43a1-99e7-84494f7392fe","ABBY_061.basePlot.vst","2019-10-22","vst_ABBY_2019","D16","ABBY","ABBY_061",39,NA,49,5.4,283,"map and tag","","","NEON.DOC.000987vH","Pseudotsuga menziesii (Mirb.) Franco var. menziesii","variety",NA,NA,NA,"","","0000-0001-8510-4041","0000-0003-2593-761X",NA,1,4.15,2020-09-23,"Pseudotsuga menziesii var. menziesii","mh",NA,"PSMEM","","Douglas-fir","Pseudotsuga menziesii var. menziesii",5,"jenkins2003","USA",1,0.56,-2.48,2.4835,0.360458,NA,NA,NA,NA,NA,NA,NA,NA,NA,"ABBY_061_vst_ABBY_2020","11747686-bb34-4a45-8b5c-ce1766d6d657","ABBY_061.basePlot.vst",2020-08-26,"D16","ABBY","tower","evergreenForest",45.762451,-122.331158,"WGS84",20.1,552011.14,5067872.22,"10N",362.8,0.1,"OK","vst_ABBY_2020","towerSubset","allGrowthForms","21 | 39","NEON.DOC.000987vJ","Y","Y","Y","Y","presentInAll","Y","presentInAll","N",NA,100,"noneSelected",800,400,800,"Ferns present but not sampled AY20.",2021,"neon_abby2021","ABBY_061_vst_ABBY_2020"
"28","PSMEM","ABBY_061","NEON.PLA.D16.ABBY.00713",NA,"ok","single bole tree","Live",14.6,130,"noChange",10.3,NA,NA,NA,4.2,4.1,"Partially shaded","",NA,NA,NA,NA,NA,NA,NA,NA,NA,NA,NA,NA,"","0000-0003-0562-3007","0000-0001-8510-4041",NA,"5fcfa951-7e28-4987-a076-fe34d3eb5043","ABBY_061.basePlot.vst","2015-07-29","vst_ABBY_2015","D16","ABBY","ABBY_061",21,1,21,10.9,61.6,"","","","NEON.DOC.000987vE","Pseudotsuga menziesii (Mirb.) Franco var. menziesii","variety",NA,NA,NA,"","","krian@neoninc.org","lwade@field-ops.org",NA,1,4.15,2020-09-23,"Pseudotsuga menziesii var. menziesii","mh",NA,"PSMEM","","Douglas-fir","Pseudotsuga menziesii var. menziesii",5,"jenkins2003","USA",1,0.56,-2.48,2.4835,0.360458,NA,NA,NA,NA,NA,NA,NA,NA,NA,"ABBY_061_vst_ABBY_2020","11747686-bb34-4a45-8b5c-ce1766d6d657","ABBY_061.basePlot.vst",2020-08-26,"D16","ABBY","tower","evergreenForest",45.762451,-122.331158,"WGS84",20.1,552011.14,5067872.22,"10N",362.8,0.1,"OK","vst_ABBY_2020","towerSubset","allGrowthForms","21 | 39","NEON.DOC.000987vJ","Y","Y","Y","Y","presentInAll","Y","presentInAll","N",NA,100,"noneSelected",800,400,800,"Ferns present but not sampled AY20.",2021,"neon_abby2021","ABBY_061_vst_ABBY_2020"
"29","PSMEM","ABBY_073","NEON.PLA.D16.ABBY.00026A",1,"ok","multi-bole tree","Dead, broken bole",68.4,130,"noChange",12,NA,9.7,44,7.3,5.5,"Full sun","",NA,NA,NA,NA,NA,NA,NA,NA,NA,NA,NA,NA,"","0000-0001-9713-5304","0000-0002-7203-5072",NA,"f0f7d941-75f5-4dce-a33e-9c2787115534","ABBY_073.basePlot.vst","2018-08-01","vst_ABBY_2018","D16","ABBY","ABBY_073",23,NA,NA,NA,NA,"","","","NEON.DOC.000987vG","Pseudotsuga menziesii (Mirb.) Franco var. menziesii","variety",NA,NA,NA,"","","Jzemaitis@battelleecology.org","ccordell@battelleecology.org",NA,0,6.4,2020-09-25,"Pseudotsuga menziesii var. menziesii","mh",NA,"PSMEM","","Douglas-fir","Pseudotsuga menziesii var. menziesii",5,"jenkins2003","USA",1,0.56,-2.48,2.4835,0.360458,NA,NA,NA,NA,NA,NA,NA,NA,NA,"ABBY_073_vst_ABBY_2020","80f00bfb-76b5-448e-b0a5-bd28fb04583d","ABBY_073.basePlot.vst",2020-08-26,"D16","ABBY","tower","evergreenForest",45.762944,-122.324601,"WGS84",20.1,552520.56,5067931.28,"10N",336.5,0.1,"OK","vst_ABBY_2020","towerSubset","allGrowthForms","23 | 39","NEON.DOC.000987vJ","Y","Y","Y","Y","presentInAll","Y","presentInAll","N",NA,10,"noneSelected",800,40,800,"Ferns present but not sampled AY20.",2021,"neon_abby2021","ABBY_073_vst_ABBY_2020"
"30","PSMEM","ABBY_061","NEON.PLA.D16.ABBY.03151",NA,"ok","single bole tree","Live",14.5,130,"noChange",10,NA,NA,NA,4.4,3.9,"Partially shaded","",NA,NA,NA,NA,NA,NA,NA,NA,NA,NA,NA,NA,"","0000-0003-2593-761X","0000-0002-0205-7735",NA,"c6223070-c6bc-4d52-bee4-5776746a9ec6","ABBY_061.basePlot.vst","2017-07-27","vst_ABBY_2017","D16","ABBY","ABBY_061",39,NA,49,7.4,105.1,"","","","NEON.DOC.000987vG","Pseudotsuga menziesii (Mirb.) Franco var. menziesii","variety",NA,NA,NA,"","","ccordell@battelleecology.org","vschmitt@battelleecology.org",NA,1,4.15,2020-09-23,"Pseudotsuga menziesii var. menziesii","mh",NA,"PSMEM","","Douglas-fir","Pseudotsuga menziesii var. menziesii",5,"jenkins2003","USA",1,0.56,-2.48,2.4835,0.360458,NA,NA,NA,NA,NA,NA,NA,NA,NA,"ABBY_061_vst_ABBY_2020","11747686-bb34-4a45-8b5c-ce1766d6d657","ABBY_061.basePlot.vst",2020-08-26,"D16","ABBY","tower","evergreenForest",45.762451,-122.331158,"WGS84",20.1,552011.14,5067872.22,"10N",362.8,0.1,"OK","vst_ABBY_2020","towerSubset","allGrowthForms","21 | 39","NEON.DOC.000987vJ","Y","Y","Y","Y","presentInAll","Y","presentInAll","N",NA,100,"noneSelected",800,400,800,"Ferns present but not sampled AY20.",2021,"neon_abby2021","ABBY_061_vst_ABBY_2020"
"31","PSMEM","ABBY_070","NEON.PLA.D16.ABBY.00742",NA,"ok","single bole tree","Live",15.8,130,"noChange",9.9,NA,NA,NA,4.1,4,"Partially shaded","",NA,NA,NA,NA,NA,NA,NA,NA,NA,NA,NA,NA,"","0000-0002-2759-254X","0000-0001-9521-413X",NA,"7d6ae112-b3f4-4e91-8fc2-fa882eec8d67","ABBY_070.basePlot.vst","2015-07-29","vst_ABBY_2015","D16","ABBY","ABBY_070",21,1,31,4.9,232.9,"","","","NEON.DOC.000987vE","Pseudotsuga menziesii (Mirb.) Franco var. menziesii","variety",NA,NA,NA,"","updated taxonID from PSME to PSMEM","lwade@field-ops.org","krian@neoninc.org",NA,1,4.05,2020-09-24,"Pseudotsuga menziesii var. menziesii","mh",NA,"PSMEM","","Douglas-fir","Pseudotsuga menziesii var. menziesii",5,"jenkins2003","USA",1,0.56,-2.48,2.4835,0.360458,NA,NA,NA,NA,NA,NA,NA,NA,NA,"ABBY_070_vst_ABBY_2020","8b88ad30-ba5a-4e07-ac8d-2be764c6c3e0","ABBY_070.basePlot.vst",2020-08-26,"D16","ABBY","tower","evergreenForest",45.761334,-122.330793,"WGS84",20.1,552040.56,5067748.36,"10N",363.1,0.1,"OK","vst_ABBY_2020","towerSubset","allGrowthForms","21 | 39","NEON.DOC.000987vJ","Y","Y","Y","Y","presentInAll","Y","presentInAll","N",NA,100,"noneSelected",800,400,800,"Ferns present but not sampled AY20.",2021,"neon_abby2021","ABBY_070_vst_ABBY_2020"
"32","PSMEM","ABBY_061","NEON.PLA.D16.ABBY.00946",NA,"ok","single bole tree","Live",19.5,130,"noChange",10.1,NA,NA,NA,5.3,5.1,"Partially shaded","",NA,NA,NA,NA,NA,NA,NA,NA,NA,NA,NA,NA,"","0000-0003-2593-761X","0000-0002-0205-7735",NA,"14b5efab-d137-4327-a7e1-812a0b15c12f","ABBY_061.basePlot.vst","2016-08-16","vst_ABBY_2016","D16","ABBY","ABBY_061",39,4,49,2.5,49.8,"","","","NEON.DOC.000987vE","Pseudotsuga menziesii (Mirb.) Franco var. menziesii","variety",NA,NA,NA,"","","jzemaitis@neoninc.org","bgorzek@field-ops.org",NA,1,5.2,2020-09-23,"Pseudotsuga menziesii var. menziesii","mh",NA,"PSMEM","","Douglas-fir","Pseudotsuga menziesii var. menziesii",5,"jenkins2003","USA",1,0.56,-2.48,2.4835,0.360458,NA,NA,NA,NA,NA,NA,NA,NA,NA,"ABBY_061_vst_ABBY_2020","11747686-bb34-4a45-8b5c-ce1766d6d657","ABBY_061.basePlot.vst",2020-08-26,"D16","ABBY","tower","evergreenForest",45.762451,-122.331158,"WGS84",20.1,552011.14,5067872.22,"10N",362.8,0.1,"OK","vst_ABBY_2020","towerSubset","allGrowthForms","21 | 39","NEON.DOC.000987vJ","Y","Y","Y","Y","presentInAll","Y","presentInAll","N",NA,100,"noneSelected",800,400,800,"Ferns present but not sampled AY20.",2021,"neon_abby2021","ABBY_061_vst_ABBY_2020"
"33","PSMEM","ABBY_073","NEON.PLA.D16.ABBY.00029",1,"ok","single bole tree","Dead, broken bole",40,130,"noChange",2.2,NA,2.2,21.1,NA,NA,"Partially shaded","",NA,NA,NA,NA,NA,NA,NA,NA,NA,NA,NA,NA,"","0000-0001-9713-5304","0000-0002-7203-5072",NA,"d1a1d604-1aaa-41e8-afd7-85ac8bd4eb4f","ABBY_073.basePlot.vst","2021-09-20","vst_ABBY_2021","D16","ABBY","ABBY_073",23,NA,25,17.9,337.3,"map and tag","","","NEON.DOC.000987vJ","Pseudotsuga menziesii (Mirb.) Franco var. menziesii","variety",NA,NA,NA,"","","0000-0002-0205-7735","0000-0001-8510-4041",NA,0,NA,2020-09-25,"Pseudotsuga menziesii var. menziesii","mh",NA,"PSMEM","","Douglas-fir","Pseudotsuga menziesii var. menziesii",5,"jenkins2003","USA",1,0.56,-2.48,2.4835,0.360458,NA,NA,NA,NA,NA,NA,NA,NA,NA,"ABBY_073_vst_ABBY_2020","80f00bfb-76b5-448e-b0a5-bd28fb04583d","ABBY_073.basePlot.vst",2020-08-26,"D16","ABBY","tower","evergreenForest",45.762944,-122.324601,"WGS84",20.1,552520.56,5067931.28,"10N",336.5,0.1,"OK","vst_ABBY_2020","towerSubset","allGrowthForms","23 | 39","NEON.DOC.000987vJ","Y","Y","Y","Y","presentInAll","Y","presentInAll","N",NA,10,"noneSelected",800,40,800,"Ferns present but not sampled AY20.",2021,"neon_abby2021","ABBY_073_vst_ABBY_2020"
"34","PSMEM","ABBY_073","NEON.PLA.D16.ABBY.02845",1,"ok","single bole tree","Live",12.8,138,"noChange",9.5,NA,NA,NA,4.1,4,"Partially shaded","",NA,NA,NA,NA,NA,NA,NA,NA,NA,NA,NA,NA,"","0000-0001-9521-413X","0000-0002-2759-254X",NA,"a3a3bb75-dfee-48d6-9943-9e327d233665","ABBY_073.basePlot.vst","2018-08-01","vst_ABBY_2018","D16","ABBY","ABBY_073",39,NA,41,16.9,294.8,"","","","NEON.DOC.000987vG","Pseudotsuga menziesii (Mirb.) Franco var. menziesii","variety",NA,NA,NA,"","","ccordell@battelleecology.org","Jzemaitis@battelleecology.org",NA,1,4.05,2020-09-25,"Pseudotsuga menziesii var. menziesii","mh",NA,"PSMEM","","Douglas-fir","Pseudotsuga menziesii var. menziesii",5,"jenkins2003","USA",1,0.56,-2.48,2.4835,0.360458,NA,NA,NA,NA,NA,NA,NA,NA,NA,"ABBY_073_vst_ABBY_2020","80f00bfb-76b5-448e-b0a5-bd28fb04583d","ABBY_073.basePlot.vst",2020-08-26,"D16","ABBY","tower","evergreenForest",45.762944,-122.324601,"WGS84",20.1,552520.56,5067931.28,"10N",336.5,0.1,"OK","vst_ABBY_2020","towerSubset","allGrowthForms","23 | 39","NEON.DOC.000987vJ","Y","Y","Y","Y","presentInAll","Y","presentInAll","N",NA,10,"noneSelected",800,40,800,"Ferns present but not sampled AY20.",2021,"neon_abby2021","ABBY_073_vst_ABBY_2020"
"35","PSMEM","ABBY_070","NEON.PLA.D16.ABBY.00666",NA,"ok","single bole tree","Live",18.5,140,"noChange",12.8,NA,NA,NA,5.4,4.8,"Partially shaded","",NA,NA,NA,NA,NA,NA,NA,NA,NA,NA,NA,NA,"","0000-0002-7203-5072","0000-0003-0562-3007",NA,"d9ed01ad-bfad-44c8-b81a-54e8898b29dc","ABBY_070.basePlot.vst","2015-07-29","vst_ABBY_2015","D16","ABBY","ABBY_070",39,3,49,6.4,295.1,"","","","NEON.DOC.000987vE","Pseudotsuga menziesii (Mirb.) Franco var. menziesii","variety",NA,NA,NA,"","updated taxonID from PSME to PSMEM","kzias@field-ops.org","shiebert@neoninc.org",NA,1,5.1,2020-09-23,"Pseudotsuga menziesii var. menziesii","mh",NA,"PSMEM","","Douglas-fir","Pseudotsuga menziesii var. menziesii",5,"jenkins2003","USA",1,0.56,-2.48,2.4835,0.360458,NA,NA,NA,NA,NA,NA,NA,NA,NA,"ABBY_070_vst_ABBY_2020","8b88ad30-ba5a-4e07-ac8d-2be764c6c3e0","ABBY_070.basePlot.vst",2020-08-26,"D16","ABBY","tower","evergreenForest",45.761334,-122.330793,"WGS84",20.1,552040.56,5067748.36,"10N",363.1,0.1,"OK","vst_ABBY_2020","towerSubset","allGrowthForms","21 | 39","NEON.DOC.000987vJ","Y","Y","Y","Y","presentInAll","Y","presentInAll","N",NA,100,"noneSelected",800,400,800,"Ferns present but not sampled AY20.",2021,"neon_abby2021","ABBY_070_vst_ABBY_2020"
"36","PSMEM","ABBY_070","NEON.PLA.D16.ABBY.01010",NA,"ok","single bole tree","Live",16.4,130,"noChange",10.3,NA,NA,NA,4.2,3.9,"Partially shaded","",NA,NA,NA,NA,NA,NA,NA,NA,NA,NA,NA,NA,"","0000-0002-2759-254X","0000-0001-9521-413X",NA,"4b5c7f34-91a4-4058-afa9-a2149f5f9dda","ABBY_070.basePlot.vst","2016-10-25","vst_ABBY_2016","D16","ABBY","ABBY_070",21,NA,31,7.9,159.9,"","","","NEON.DOC.000987vE","Pseudotsuga menziesii (Mirb.) Franco var. menziesii","variety",NA,NA,NA,"","","vschmitt@field-ops.org","wsalas@field-ops.org",NA,1,4.05,2020-09-24,"Pseudotsuga menziesii var. menziesii","mh",NA,"PSMEM","","Douglas-fir","Pseudotsuga menziesii var. menziesii",5,"jenkins2003","USA",1,0.56,-2.48,2.4835,0.360458,NA,NA,NA,NA,NA,NA,NA,NA,NA,"ABBY_070_vst_ABBY_2020","8b88ad30-ba5a-4e07-ac8d-2be764c6c3e0","ABBY_070.basePlot.vst",2020-08-26,"D16","ABBY","tower","evergreenForest",45.761334,-122.330793,"WGS84",20.1,552040.56,5067748.36,"10N",363.1,0.1,"OK","vst_ABBY_2020","towerSubset","allGrowthForms","21 | 39","NEON.DOC.000987vJ","Y","Y","Y","Y","presentInAll","Y","presentInAll","N",NA,100,"noneSelected",800,400,800,"Ferns present but not sampled AY20.",2021,"neon_abby2021","ABBY_070_vst_ABBY_2020"
"37","PSMEM","ABBY_070","NEON.PLA.D16.ABBY.00745",1,"ok","single bole tree","Live",12.3,130,"noChange",8.8,NA,NA,NA,4.6,4.1,"Partially shaded","",NA,NA,NA,NA,NA,NA,NA,NA,NA,NA,NA,NA,"fix MT to read ABBY and update this record with corrected tagID select. 20201104 TZ.","0000-0002-2759-254X","0000-0001-9521-413X",NA,"af97faf8-5be1-4677-a5b0-03ceeacadf44","ABBY_070.basePlot.vst","2020-09-24","vst_ABBY_2020","D16","ABBY","ABBY_070",21,NA,21,8.4,60.8,"map and tag","","","NEON.DOC.000987vJ","Pseudotsuga menziesii (Mirb.) Franco var. menziesii","variety",NA,NA,NA,"","this tagID should not be at WREF. research and update or submit request for deletion. 20201104 TZ. wrong siteID selected and corrected to ABBY. corrected in AI. 20201104 TZ.","0000-0001-9521-413X","0000-0002-2759-254X",NA,1,4.35,2020-09-24,"Pseudotsuga menziesii var. menziesii","mh",NA,"PSMEM","","Douglas-fir","Pseudotsuga menziesii var. menziesii",5,"jenkins2003","USA",1,0.56,-2.48,2.4835,0.360458,NA,NA,NA,NA,NA,NA,NA,NA,NA,"ABBY_070_vst_ABBY_2020","8b88ad30-ba5a-4e07-ac8d-2be764c6c3e0","ABBY_070.basePlot.vst",2020-08-26,"D16","ABBY","tower","evergreenForest",45.761334,-122.330793,"WGS84",20.1,552040.56,5067748.36,"10N",363.1,0.1,"OK","vst_ABBY_2020","towerSubset","allGrowthForms","21 | 39","NEON.DOC.000987vJ","Y","Y","Y","Y","presentInAll","Y","presentInAll","N",NA,100,"noneSelected",800,400,800,"Ferns present but not sampled AY20.",2021,"neon_abby2021","ABBY_070_vst_ABBY_2020"
"38","PSMEM","ABBY_073","NEON.PLA.D16.ABBY.03096",1,"ok","single bole tree","Live",13.7,135,"noChange",8.9,NA,NA,NA,3.8,3.7,"Partially shaded","",NA,NA,NA,NA,NA,NA,NA,NA,NA,NA,NA,NA,"","0000-0001-9521-413X","0000-0002-2759-254X",NA,"b15f62b4-1c7c-475f-ba2c-72d4148eab4b","ABBY_073.basePlot.vst","2018-08-01","vst_ABBY_2018","D16","ABBY","ABBY_073",39,NA,41,9,316.5,"","","","NEON.DOC.000987vG","Pseudotsuga menziesii (Mirb.) Franco var. menziesii","variety",NA,NA,NA,"","","ccordell@battelleecology.org","Jzemaitis@battelleecology.org",NA,1,3.75,2020-09-25,"Pseudotsuga menziesii var. menziesii","mh",NA,"PSMEM","","Douglas-fir","Pseudotsuga menziesii var. menziesii",5,"jenkins2003","USA",1,0.56,-2.48,2.4835,0.360458,NA,NA,NA,NA,NA,NA,NA,NA,NA,"ABBY_073_vst_ABBY_2020","80f00bfb-76b5-448e-b0a5-bd28fb04583d","ABBY_073.basePlot.vst",2020-08-26,"D16","ABBY","tower","evergreenForest",45.762944,-122.324601,"WGS84",20.1,552520.56,5067931.28,"10N",336.5,0.1,"OK","vst_ABBY_2020","towerSubset","allGrowthForms","23 | 39","NEON.DOC.000987vJ","Y","Y","Y","Y","presentInAll","Y","presentInAll","N",NA,10,"noneSelected",800,40,800,"Ferns present but not sampled AY20.",2021,"neon_abby2021","ABBY_073_vst_ABBY_2020"
"39","PSMEM","ABBY_061","NEON.PLA.D16.ABBY.03579",NA,"ok","single bole tree","Live",11.4,130,"noChange",9.3,NA,NA,NA,4,4,"Partially shaded","",NA,NA,NA,NA,NA,NA,NA,NA,NA,NA,NA,NA,"","0000-0003-2593-761X","0000-0002-0205-7735",NA,"1587ad71-51a0-44b5-93c2-4434783f7262","ABBY_061.basePlot.vst","2019-10-22","vst_ABBY_2019","D16","ABBY","ABBY_061",39,NA,49,10.5,19.8,"map and tag","","","NEON.DOC.000987vH","Pseudotsuga menziesii (Mirb.) Franco var. menziesii","variety",NA,NA,NA,"","","0000-0001-8510-4041","0000-0003-2593-761X",NA,1,4,2020-09-23,"Pseudotsuga menziesii var. menziesii","mh",NA,"PSMEM","","Douglas-fir","Pseudotsuga menziesii var. menziesii",5,"jenkins2003","USA",1,0.56,-2.48,2.4835,0.360458,NA,NA,NA,NA,NA,NA,NA,NA,NA,"ABBY_061_vst_ABBY_2020","11747686-bb34-4a45-8b5c-ce1766d6d657","ABBY_061.basePlot.vst",2020-08-26,"D16","ABBY","tower","evergreenForest",45.762451,-122.331158,"WGS84",20.1,552011.14,5067872.22,"10N",362.8,0.1,"OK","vst_ABBY_2020","towerSubset","allGrowthForms","21 | 39","NEON.DOC.000987vJ","Y","Y","Y","Y","presentInAll","Y","presentInAll","N",NA,100,"noneSelected",800,400,800,"Ferns present but not sampled AY20.",2021,"neon_abby2021","ABBY_061_vst_ABBY_2020"
"40","PSMEM","ABBY_061","NEON.PLA.D16.ABBY.03828",NA,"ok","single bole tree","Live",11.3,130,"noChange",8.2,NA,NA,NA,3.3,2.9,"Mostly shaded","",NA,NA,NA,NA,NA,NA,NA,NA,NA,NA,NA,NA,"","0000-0003-0562-3007","0000-0001-8510-4041",NA,"0c31cd6e-a635-475e-86fb-0f3800c03bc2","ABBY_061.basePlot.vst","2019-10-22","vst_ABBY_2019","D16","ABBY","ABBY_061",21,NA,23,7.6,284.3,"map and tag","","","NEON.DOC.000987vH","Pseudotsuga menziesii (Mirb.) Franco var. menziesii","variety",NA,NA,NA,"","","0000-0002-4213-3632","0000-0001-9932-2330",NA,1,3.1,2020-09-23,"Pseudotsuga menziesii var. menziesii","mh",NA,"PSMEM","","Douglas-fir","Pseudotsuga menziesii var. menziesii",5,"jenkins2003","USA",1,0.56,-2.48,2.4835,0.360458,NA,NA,NA,NA,NA,NA,NA,NA,NA,"ABBY_061_vst_ABBY_2020","11747686-bb34-4a45-8b5c-ce1766d6d657","ABBY_061.basePlot.vst",2020-08-26,"D16","ABBY","tower","evergreenForest",45.762451,-122.331158,"WGS84",20.1,552011.14,5067872.22,"10N",362.8,0.1,"OK","vst_ABBY_2020","towerSubset","allGrowthForms","21 | 39","NEON.DOC.000987vJ","Y","Y","Y","Y","presentInAll","Y","presentInAll","N",NA,100,"noneSelected",800,400,800,"Ferns present but not sampled AY20.",2021,"neon_abby2021","ABBY_061_vst_ABBY_2020"
"41","PSMEM","ABBY_070","NEON.PLA.D16.ABBY.00678",NA,"ok","single bole tree","Live",14.5,140,"noChange",11.5,NA,NA,NA,3.8,3.5,"Mostly shaded","",NA,NA,NA,NA,NA,NA,NA,NA,NA,NA,NA,NA,"","0000-0002-7203-5072","0000-0003-0562-3007",NA,"ba74565e-1111-449a-aeb5-6ade7007d116","ABBY_070.basePlot.vst","2015-07-29","vst_ABBY_2015","D16","ABBY","ABBY_070",39,1,49,2.8,241.7,"","","","NEON.DOC.000987vE","Pseudotsuga menziesii (Mirb.) Franco var. menziesii","variety",NA,NA,NA,"","updated taxonID from PSME to PSMEM","kzias@field-ops.org","shiebert@neoninc.org",NA,1,3.65,2020-09-23,"Pseudotsuga menziesii var. menziesii","mh",NA,"PSMEM","","Douglas-fir","Pseudotsuga menziesii var. menziesii",5,"jenkins2003","USA",1,0.56,-2.48,2.4835,0.360458,NA,NA,NA,NA,NA,NA,NA,NA,NA,"ABBY_070_vst_ABBY_2020","8b88ad30-ba5a-4e07-ac8d-2be764c6c3e0","ABBY_070.basePlot.vst",2020-08-26,"D16","ABBY","tower","evergreenForest",45.761334,-122.330793,"WGS84",20.1,552040.56,5067748.36,"10N",363.1,0.1,"OK","vst_ABBY_2020","towerSubset","allGrowthForms","21 | 39","NEON.DOC.000987vJ","Y","Y","Y","Y","presentInAll","Y","presentInAll","N",NA,100,"noneSelected",800,400,800,"Ferns present but not sampled AY20.",2021,"neon_abby2021","ABBY_070_vst_ABBY_2020"
"42","PSMEM","ABBY_062","NEON.PLA.D16.ABBY.00284",NA,"ok","single bole tree","Live",17.2,130,"noChange",11.2,NA,NA,NA,4.4,4.2,"Partially shaded","",NA,NA,NA,NA,NA,NA,NA,NA,NA,NA,NA,NA,"","0000-0002-4816-2610","0000-0003-2593-761X",NA,"7f93c660-91e9-40cf-bb42-d6fb4ec09c32","ABBY_062.basePlot.vst","2016-10-19","vst_ABBY_2016","D16","ABBY","ABBY_062",39,NA,57,5.7,115.2,"","","","NEON.DOC.000987vE","Pseudotsuga menziesii (Mirb.) Franco var. menziesii","variety",NA,NA,NA,"","","vschmitt@field-ops.org","ndeweese@field-ops.org",NA,1,4.3,2020-09-25,"Pseudotsuga menziesii var. menziesii","mh",NA,"PSMEM","","Douglas-fir","Pseudotsuga menziesii var. menziesii",5,"jenkins2003","USA",1,0.56,-2.48,2.4835,0.360458,NA,NA,NA,NA,NA,NA,NA,NA,NA,"ABBY_062_vst_ABBY_2020","d6adf231-ed45-4c9b-88de-dbdc6282aaa1","ABBY_062.basePlot.vst",2020-08-26,"D16","ABBY","tower","evergreenForest",45.763476,-122.328069,"WGS84",20.1,552250.39,5067988.12,"10N",342.2,0.2,"OK","vst_ABBY_2020","towerSubset","allGrowthForms","39 | 41","NEON.DOC.000987vJ","Y","Y","Y","Y","presentInAll","Y","presentInAll","N",NA,25,"noneSelected",800,100,800,"Ferns present but not sampled AY20.",2021,"neon_abby2021","ABBY_062_vst_ABBY_2020"
"43","PSMEM","ABBY_062","NEON.PLA.D16.ABBY.03385",1,"ok","single bole tree","Live",12.5,135,"protocolChange",9.4,NA,NA,NA,4.5,4.3,"Partially shaded","",NA,NA,NA,NA,NA,NA,NA,NA,NA,NA,NA,NA,"Moved stem diameter measurement from 125. 135 due to branch growth","0000-0002-4816-2610","0000-0003-2593-761X",NA,"d3b30b54-5cdd-4c46-88fa-dcff03678260","ABBY_062.basePlot.vst","2018-07-26","vst_ABBY_2018","D16","ABBY","ABBY_062",39,NA,41,8.1,272.7,"","","","NEON.DOC.000987vG","Pseudotsuga menziesii (Mirb.) Franco var. menziesii","variety",NA,NA,NA,"","","kwells@battelleecology.org","klazarus@battelleecology.org",NA,1,4.4,2020-09-25,"Pseudotsuga menziesii var. menziesii","mh",NA,"PSMEM","","Douglas-fir","Pseudotsuga menziesii var. menziesii",5,"jenkins2003","USA",1,0.56,-2.48,2.4835,0.360458,NA,NA,NA,NA,NA,NA,NA,NA,NA,"ABBY_062_vst_ABBY_2020","d6adf231-ed45-4c9b-88de-dbdc6282aaa1","ABBY_062.basePlot.vst",2020-08-26,"D16","ABBY","tower","evergreenForest",45.763476,-122.328069,"WGS84",20.1,552250.39,5067988.12,"10N",342.2,0.2,"OK","vst_ABBY_2020","towerSubset","allGrowthForms","39 | 41","NEON.DOC.000987vJ","Y","Y","Y","Y","presentInAll","Y","presentInAll","N",NA,25,"noneSelected",800,100,800,"Ferns present but not sampled AY20.",2021,"neon_abby2021","ABBY_062_vst_ABBY_2020"
"44","PSMEM","ABBY_070","NEON.PLA.D16.ABBY.00680",1,"ok","single bole tree","Live",16.1,140,"noChange",11.1,NA,NA,NA,5.5,4.5,"Mostly shaded","",NA,NA,NA,NA,NA,NA,NA,NA,NA,NA,NA,NA,"","0000-0002-7203-5072","0000-0003-0562-3007",NA,"538642d3-19c5-43ac-9179-4ea5828d3f82","ABBY_070.basePlot.vst","2021-01-07","vst_ABBY_2020","D16","ABBY","ABBY_070",39,NA,39,7.6,4.5,"map and tag","","","NEON.DOC.000987vJ","Pseudotsuga menziesii (Mirb.) Franco var. menziesii","variety",NA,NA,NA,"","","0000-0001-8510-4041","0000-0001-6193-1800",NA,1,5,2020-09-23,"Pseudotsuga menziesii var. menziesii","mh",NA,"PSMEM","","Douglas-fir","Pseudotsuga menziesii var. menziesii",5,"jenkins2003","USA",1,0.56,-2.48,2.4835,0.360458,NA,NA,NA,NA,NA,NA,NA,NA,NA,"ABBY_070_vst_ABBY_2020","8b88ad30-ba5a-4e07-ac8d-2be764c6c3e0","ABBY_070.basePlot.vst",2020-08-26,"D16","ABBY","tower","evergreenForest",45.761334,-122.330793,"WGS84",20.1,552040.56,5067748.36,"10N",363.1,0.1,"OK","vst_ABBY_2020","towerSubset","allGrowthForms","21 | 39","NEON.DOC.000987vJ","Y","Y","Y","Y","presentInAll","Y","presentInAll","N",NA,100,"noneSelected",800,400,800,"Ferns present but not sampled AY20.",2021,"neon_abby2021","ABBY_070_vst_ABBY_2020"
"45","PSMEM","ABBY_061","NEON.PLA.D16.ABBY.09753",NA,"ok","single bole tree","Live",10.3,130,"noChange",8.8,NA,NA,NA,3.1,3,"Partially shaded","",NA,NA,NA,NA,NA,NA,NA,NA,NA,NA,NA,NA,"","0000-0003-0562-3007","0000-0001-8510-4041",NA,"120093d8-e59f-4845-bcfc-1e4b39fa23fa","ABBY_061.basePlot.vst","2020-09-23","vst_ABBY_2020","D16","ABBY","ABBY_061",21,NA,31,7.2,95.3,"map and tag","","","NEON.DOC.000987vJ","Pseudotsuga menziesii (Mirb.) Franco var. menziesii","variety",NA,NA,NA,"","","0000-0001-8510-4041","0000-0003-0562-3007",NA,1,3.05,2020-09-23,"Pseudotsuga menziesii var. menziesii","mh",NA,"PSMEM","","Douglas-fir","Pseudotsuga menziesii var. menziesii",5,"jenkins2003","USA",1,0.56,-2.48,2.4835,0.360458,NA,NA,NA,NA,NA,NA,NA,NA,NA,"ABBY_061_vst_ABBY_2020","11747686-bb34-4a45-8b5c-ce1766d6d657","ABBY_061.basePlot.vst",2020-08-26,"D16","ABBY","tower","evergreenForest",45.762451,-122.331158,"WGS84",20.1,552011.14,5067872.22,"10N",362.8,0.1,"OK","vst_ABBY_2020","towerSubset","allGrowthForms","21 | 39","NEON.DOC.000987vJ","Y","Y","Y","Y","presentInAll","Y","presentInAll","N",NA,100,"noneSelected",800,400,800,"Ferns present but not sampled AY20.",2021,"neon_abby2021","ABBY_061_vst_ABBY_2020"
"46","PSMEM","ABBY_061","NEON.PLA.D16.ABBY.03152",NA,"ok","single bole tree","Live",14.6,130,"noChange",9.8,NA,NA,NA,4.6,4.3,"Partially shaded","",NA,NA,NA,NA,NA,NA,NA,NA,NA,NA,NA,NA,"","0000-0003-2593-761X","0000-0002-0205-7735",NA,"d3e813cc-c0f9-47a5-bf4d-86284d2d743a","ABBY_061.basePlot.vst","2017-10-10","vst_ABBY_2017","D16","ABBY","ABBY_061",39,NA,49,9.2,4.7,"","","","NEON.DOC.000987vG","Pseudotsuga menziesii (Mirb.) Franco var. menziesii","variety",NA,NA,NA,"","","ccordell@battelleecology.org","vschmitt@battelleecology.org",NA,1,4.45,2020-09-23,"Pseudotsuga menziesii var. menziesii","mh",NA,"PSMEM","","Douglas-fir","Pseudotsuga menziesii var. menziesii",5,"jenkins2003","USA",1,0.56,-2.48,2.4835,0.360458,NA,NA,NA,NA,NA,NA,NA,NA,NA,"ABBY_061_vst_ABBY_2020","11747686-bb34-4a45-8b5c-ce1766d6d657","ABBY_061.basePlot.vst",2020-08-26,"D16","ABBY","tower","evergreenForest",45.762451,-122.331158,"WGS84",20.1,552011.14,5067872.22,"10N",362.8,0.1,"OK","vst_ABBY_2020","towerSubset","allGrowthForms","21 | 39","NEON.DOC.000987vJ","Y","Y","Y","Y","presentInAll","Y","presentInAll","N",NA,100,"noneSelected",800,400,800,"Ferns present but not sampled AY20.",2021,"neon_abby2021","ABBY_061_vst_ABBY_2020"
"47","PSMEM","ABBY_073","NEON.PLA.D16.ABBY.01855",1,"ok","single bole tree","Live",13.8,130,"noChange",11.5,NA,NA,NA,4.6,4.2,"Partially shaded","",NA,NA,NA,NA,NA,NA,NA,NA,NA,NA,NA,NA,"","0000-0001-9521-413X","0000-0002-2759-254X",NA,"9ae85d8e-8661-49bb-9d50-4abe61df5c32","ABBY_073.basePlot.vst","2017-09-18","vst_ABBY_2017","D16","ABBY","ABBY_073",39,NA,41,4.8,299.9,"","","","NEON.DOC.000987vE","Pseudotsuga menziesii (Mirb.) Franco var. menziesii","variety",NA,NA,NA,"","","Eolsen@battelleecology.org","vschmitt@battelleecology.org",NA,1,4.4,2020-09-25,"Pseudotsuga menziesii var. menziesii","mh",NA,"PSMEM","","Douglas-fir","Pseudotsuga menziesii var. menziesii",5,"jenkins2003","USA",1,0.56,-2.48,2.4835,0.360458,NA,NA,NA,NA,NA,NA,NA,NA,NA,"ABBY_073_vst_ABBY_2020","80f00bfb-76b5-448e-b0a5-bd28fb04583d","ABBY_073.basePlot.vst",2020-08-26,"D16","ABBY","tower","evergreenForest",45.762944,-122.324601,"WGS84",20.1,552520.56,5067931.28,"10N",336.5,0.1,"OK","vst_ABBY_2020","towerSubset","allGrowthForms","23 | 39","NEON.DOC.000987vJ","Y","Y","Y","Y","presentInAll","Y","presentInAll","N",NA,10,"noneSelected",800,40,800,"Ferns present but not sampled AY20.",2021,"neon_abby2021","ABBY_073_vst_ABBY_2020"
"48","PSMEM","ABBY_062","NEON.PLA.D16.ABBY.00779",1,"ok","single bole tree","Live",20,130,"noChange",12.4,NA,NA,NA,4.7,4.5,"Partially shaded","",NA,NA,NA,NA,NA,NA,NA,NA,NA,NA,NA,NA,"","0000-0002-4816-2610","0000-0003-2593-761X",NA,"ba712a06-a3b1-4743-bcfe-ba33b952f05f","ABBY_062.basePlot.vst","2020-11-16","vst_ABBY_2020","D16","ABBY","ABBY_062",39,NA,57,6.6,134.1,"map and tag","","","NEON.DOC.000987vJ","Pseudotsuga menziesii (Mirb.) Franco var. menziesii","variety",NA,NA,NA,"","","0000-0001-9521-413X","0000-0002-2759-254X",NA,1,4.6,2020-09-25,"Pseudotsuga menziesii var. menziesii","mh",NA,"PSMEM","","Douglas-fir","Pseudotsuga menziesii var. menziesii",5,"jenkins2003","USA",1,0.56,-2.48,2.4835,0.360458,NA,NA,NA,NA,NA,NA,NA,NA,NA,"ABBY_062_vst_ABBY_2020","d6adf231-ed45-4c9b-88de-dbdc6282aaa1","ABBY_062.basePlot.vst",2020-08-26,"D16","ABBY","tower","evergreenForest",45.763476,-122.328069,"WGS84",20.1,552250.39,5067988.12,"10N",342.2,0.2,"OK","vst_ABBY_2020","towerSubset","allGrowthForms","39 | 41","NEON.DOC.000987vJ","Y","Y","Y","Y","presentInAll","Y","presentInAll","N",NA,25,"noneSelected",800,100,800,"Ferns present but not sampled AY20.",2021,"neon_abby2021","ABBY_062_vst_ABBY_2020"
"49","PSMEM","ABBY_061","NEON.PLA.D16.ABBY.03578",NA,"ok","single bole tree","Live",12.8,130,"noChange",7.6,NA,NA,NA,4,3.9,"Partially shaded","",NA,NA,NA,NA,NA,NA,NA,NA,NA,NA,NA,NA,"","0000-0003-2593-761X","0000-0002-0205-7735",NA,"92ce961f-6581-448f-b9d8-d35081fd300b","ABBY_061.basePlot.vst","2019-10-22","vst_ABBY_2019","D16","ABBY","ABBY_061",39,NA,49,5.6,55.9,"map and tag","","","NEON.DOC.000987vH","Pseudotsuga menziesii (Mirb.) Franco var. menziesii","variety",NA,NA,NA,"","","0000-0001-8510-4041","0000-0003-2593-761X",NA,1,3.95,2020-09-23,"Pseudotsuga menziesii var. menziesii","mh",NA,"PSMEM","","Douglas-fir","Pseudotsuga menziesii var. menziesii",5,"jenkins2003","USA",1,0.56,-2.48,2.4835,0.360458,NA,NA,NA,NA,NA,NA,NA,NA,NA,"ABBY_061_vst_ABBY_2020","11747686-bb34-4a45-8b5c-ce1766d6d657","ABBY_061.basePlot.vst",2020-08-26,"D16","ABBY","tower","evergreenForest",45.762451,-122.331158,"WGS84",20.1,552011.14,5067872.22,"10N",362.8,0.1,"OK","vst_ABBY_2020","towerSubset","allGrowthForms","21 | 39","NEON.DOC.000987vJ","Y","Y","Y","Y","presentInAll","Y","presentInAll","N",NA,100,"noneSelected",800,400,800,"Ferns present but not sampled AY20.",2021,"neon_abby2021","ABBY_061_vst_ABBY_2020"
"50","PSMEM","ABBY_070","NEON.PLA.D16.ABBY.01011",NA,"ok","single bole tree","Live",18.1,130,"noChange",11.3,NA,NA,NA,5,4.6,"Partially shaded","",NA,NA,NA,NA,NA,NA,NA,NA,NA,NA,NA,NA,"","0000-0002-2759-254X","0000-0001-9521-413X",NA,"44947998-287d-482f-bba4-78eeff123cac","ABBY_070.basePlot.vst","2016-10-25","vst_ABBY_2016","D16","ABBY","ABBY_070",21,NA,31,6.9,314.5,"","","","NEON.DOC.000987vE","Pseudotsuga menziesii (Mirb.) Franco var. menziesii","variety",NA,NA,NA,"","","vschmitt@field-ops.org","wsalas@field-ops.org",NA,1,4.8,2020-09-24,"Pseudotsuga menziesii var. menziesii","mh",NA,"PSMEM","","Douglas-fir","Pseudotsuga menziesii var. menziesii",5,"jenkins2003","USA",1,0.56,-2.48,2.4835,0.360458,NA,NA,NA,NA,NA,NA,NA,NA,NA,"ABBY_070_vst_ABBY_2020","8b88ad30-ba5a-4e07-ac8d-2be764c6c3e0","ABBY_070.basePlot.vst",2020-08-26,"D16","ABBY","tower","evergreenForest",45.761334,-122.330793,"WGS84",20.1,552040.56,5067748.36,"10N",363.1,0.1,"OK","vst_ABBY_2020","towerSubset","allGrowthForms","21 | 39","NEON.DOC.000987vJ","Y","Y","Y","Y","presentInAll","Y","presentInAll","N",NA,100,"noneSelected",800,400,800,"Ferns present but not sampled AY20.",2021,"neon_abby2021","ABBY_070_vst_ABBY_2020"
"51","PSMEM","ABBY_070","NEON.PLA.D16.ABBY.00679",NA,"ok","single bole tree","Live",13.3,150,"noChange",9.8,NA,NA,NA,5.2,4.8,"Partially shaded","",NA,NA,NA,NA,NA,NA,NA,NA,NA,NA,NA,NA,"","0000-0002-7203-5072","0000-0003-0562-3007",NA,"7b353e06-0745-4932-a3c5-9c5d60629a30","ABBY_070.basePlot.vst","2015-07-29","vst_ABBY_2015","D16","ABBY","ABBY_070",39,1,49,7.1,239.7,"","","","NEON.DOC.000987vE","Pseudotsuga menziesii (Mirb.) Franco var. menziesii","variety",NA,NA,NA,"","updated taxonID from PSME to PSMEM","kzias@field-ops.org","shiebert@neoninc.org",NA,1,5,2020-09-23,"Pseudotsuga menziesii var. menziesii","mh",NA,"PSMEM","","Douglas-fir","Pseudotsuga menziesii var. menziesii",5,"jenkins2003","USA",1,0.56,-2.48,2.4835,0.360458,NA,NA,NA,NA,NA,NA,NA,NA,NA,"ABBY_070_vst_ABBY_2020","8b88ad30-ba5a-4e07-ac8d-2be764c6c3e0","ABBY_070.basePlot.vst",2020-08-26,"D16","ABBY","tower","evergreenForest",45.761334,-122.330793,"WGS84",20.1,552040.56,5067748.36,"10N",363.1,0.1,"OK","vst_ABBY_2020","towerSubset","allGrowthForms","21 | 39","NEON.DOC.000987vJ","Y","Y","Y","Y","presentInAll","Y","presentInAll","N",NA,100,"noneSelected",800,400,800,"Ferns present but not sampled AY20.",2021,"neon_abby2021","ABBY_070_vst_ABBY_2020"
"52","PSMEM","ABBY_062","NEON.PLA.D16.ABBY.00281",1,"ok","single bole tree","Live",16.4,135,"protocolChange",10.8,NA,NA,NA,5.2,4.9,"Partially shaded","",NA,NA,NA,NA,NA,NA,NA,NA,NA,NA,NA,NA,"Moved stem diameter measurement height from 123. 135 to avoid captive tag","0000-0002-4816-2610","0000-0003-2593-761X",NA,"2ceb9d16-5e95-4d67-b9b5-dd9dd8f56595","ABBY_062.basePlot.vst","2016-10-19","vst_ABBY_2016","D16","ABBY","ABBY_062",39,NA,41,9.5,327.8,"","","","NEON.DOC.000987vE","Pseudotsuga menziesii (Mirb.) Franco var. menziesii","variety",NA,NA,NA,"","","vschmitt@field-ops.org","ndeweese@field-ops.org",NA,1,5.05,2020-09-25,"Pseudotsuga menziesii var. menziesii","mh",NA,"PSMEM","","Douglas-fir","Pseudotsuga menziesii var. menziesii",5,"jenkins2003","USA",1,0.56,-2.48,2.4835,0.360458,NA,NA,NA,NA,NA,NA,NA,NA,NA,"ABBY_062_vst_ABBY_2020","d6adf231-ed45-4c9b-88de-dbdc6282aaa1","ABBY_062.basePlot.vst",2020-08-26,"D16","ABBY","tower","evergreenForest",45.763476,-122.328069,"WGS84",20.1,552250.39,5067988.12,"10N",342.2,0.2,"OK","vst_ABBY_2020","towerSubset","allGrowthForms","39 | 41","NEON.DOC.000987vJ","Y","Y","Y","Y","presentInAll","Y","presentInAll","N",NA,25,"noneSelected",800,100,800,"Ferns present but not sampled AY20.",2021,"neon_abby2021","ABBY_062_vst_ABBY_2020"
"53","PSMEM","ABBY_061","NEON.PLA.D16.ABBY.03762",NA,"ok","single bole tree","Live",13.5,130,"noChange",9.7,NA,NA,NA,4.5,4.3,"Partially shaded","",NA,NA,NA,NA,NA,NA,NA,NA,NA,NA,NA,NA,"","0000-0003-0562-3007","0000-0001-8510-4041",NA,"033c64b1-a839-43d9-b92e-803748c46972","ABBY_061.basePlot.vst","2018-07-31","vst_ABBY_2018","D16","ABBY","ABBY_061",21,NA,23,4.3,334.1,"","","","NEON.DOC.000987vG","Pseudotsuga menziesii (Mirb.) Franco var. menziesii","variety",NA,NA,NA,"","","Jzemaitis@battelleecology.org","ccordell@battelleecology.org",NA,1,4.4,2020-09-23,"Pseudotsuga menziesii var. menziesii","mh",NA,"PSMEM","","Douglas-fir","Pseudotsuga menziesii var. menziesii",5,"jenkins2003","USA",1,0.56,-2.48,2.4835,0.360458,NA,NA,NA,NA,NA,NA,NA,NA,NA,"ABBY_061_vst_ABBY_2020","11747686-bb34-4a45-8b5c-ce1766d6d657","ABBY_061.basePlot.vst",2020-08-26,"D16","ABBY","tower","evergreenForest",45.762451,-122.331158,"WGS84",20.1,552011.14,5067872.22,"10N",362.8,0.1,"OK","vst_ABBY_2020","towerSubset","allGrowthForms","21 | 39","NEON.DOC.000987vJ","Y","Y","Y","Y","presentInAll","Y","presentInAll","N",NA,100,"noneSelected",800,400,800,"Ferns present but not sampled AY20.",2021,"neon_abby2021","ABBY_061_vst_ABBY_2020"
"54","PSMEM","ABBY_061","NEON.PLA.D16.ABBY.00718",NA,"ok","single bole tree","Live",16.2,130,"noChange",11.4,NA,NA,NA,4.5,4.3,"Partially shaded","",NA,NA,NA,NA,NA,NA,NA,NA,NA,NA,NA,NA,"","0000-0003-0562-3007","0000-0001-8510-4041",NA,"e6758e73-a709-45dd-9d77-4cc52436c0d9","ABBY_061.basePlot.vst","2015-07-29","vst_ABBY_2015","D16","ABBY","ABBY_061",21,4,41,4.7,233.6,"","","","NEON.DOC.000987vE","Pseudotsuga menziesii (Mirb.) Franco var. menziesii","variety",NA,NA,NA,"","","krian@neoninc.org","lwade@field-ops.org",NA,1,4.4,2020-09-23,"Pseudotsuga menziesii var. menziesii","mh",NA,"PSMEM","","Douglas-fir","Pseudotsuga menziesii var. menziesii",5,"jenkins2003","USA",1,0.56,-2.48,2.4835,0.360458,NA,NA,NA,NA,NA,NA,NA,NA,NA,"ABBY_061_vst_ABBY_2020","11747686-bb34-4a45-8b5c-ce1766d6d657","ABBY_061.basePlot.vst",2020-08-26,"D16","ABBY","tower","evergreenForest",45.762451,-122.331158,"WGS84",20.1,552011.14,5067872.22,"10N",362.8,0.1,"OK","vst_ABBY_2020","towerSubset","allGrowthForms","21 | 39","NEON.DOC.000987vJ","Y","Y","Y","Y","presentInAll","Y","presentInAll","N",NA,100,"noneSelected",800,400,800,"Ferns present but not sampled AY20.",2021,"neon_abby2021","ABBY_061_vst_ABBY_2020"
"55","PSMEM","ABBY_061","NEON.PLA.D16.ABBY.03760",NA,"ok","single bole tree","Live",14,130,"noChange",10,NA,NA,NA,4.8,4.4,"Partially shaded","",NA,NA,NA,NA,NA,NA,NA,NA,NA,NA,NA,NA,"","0000-0002-7203-5072","0000-0001-9521-413X",NA,"1b57f325-0f6e-422c-878a-eaea7a133563","ABBY_061.basePlot.vst","2018-07-31","vst_ABBY_2018","D16","ABBY","ABBY_061",21,NA,39,6,96.4,"","","","NEON.DOC.000987vG","Pseudotsuga menziesii (Mirb.) Franco var. menziesii","variety",NA,NA,NA,"","","Jzemaitis@battelleecology.org","ccordell@battelleecology.org",NA,1,4.6,2020-09-23,"Pseudotsuga menziesii var. menziesii","mh",NA,"PSMEM","","Douglas-fir","Pseudotsuga menziesii var. menziesii",5,"jenkins2003","USA",1,0.56,-2.48,2.4835,0.360458,NA,NA,NA,NA,NA,NA,NA,NA,NA,"ABBY_061_vst_ABBY_2020","11747686-bb34-4a45-8b5c-ce1766d6d657","ABBY_061.basePlot.vst",2020-08-26,"D16","ABBY","tower","evergreenForest",45.762451,-122.331158,"WGS84",20.1,552011.14,5067872.22,"10N",362.8,0.1,"OK","vst_ABBY_2020","towerSubset","allGrowthForms","21 | 39","NEON.DOC.000987vJ","Y","Y","Y","Y","presentInAll","Y","presentInAll","N",NA,100,"noneSelected",800,400,800,"Ferns present but not sampled AY20.",2021,"neon_abby2021","ABBY_061_vst_ABBY_2020"
"56","PSMEM","ABBY_070","NEON.PLA.D16.ABBY.00668",NA,"ok","single bole tree","Live",15.9,130,"noChange",8.3,NA,NA,NA,5.3,4.9,"Partially shaded","",NA,NA,NA,NA,NA,NA,NA,NA,NA,NA,NA,NA,"","0000-0002-7203-5072","0000-0003-0562-3007",NA,"fbf20993-33ee-4f75-b4b7-47d3f49bee73","ABBY_070.basePlot.vst","2015-07-29","vst_ABBY_2015","D16","ABBY","ABBY_070",39,3,57,5.4,147.7,"","","","NEON.DOC.000987vE","Pseudotsuga menziesii (Mirb.) Franco var. menziesii","variety",NA,NA,NA,"","updated taxonID from PSME to PSMEM","ccordell@battelleecology.org","jschempf@battelleecology.org",NA,1,5.1,2020-09-23,"Pseudotsuga menziesii var. menziesii","mh",NA,"PSMEM","","Douglas-fir","Pseudotsuga menziesii var. menziesii",5,"jenkins2003","USA",1,0.56,-2.48,2.4835,0.360458,NA,NA,NA,NA,NA,NA,NA,NA,NA,"ABBY_070_vst_ABBY_2020","8b88ad30-ba5a-4e07-ac8d-2be764c6c3e0","ABBY_070.basePlot.vst",2020-08-26,"D16","ABBY","tower","evergreenForest",45.761334,-122.330793,"WGS84",20.1,552040.56,5067748.36,"10N",363.1,0.1,"OK","vst_ABBY_2020","towerSubset","allGrowthForms","21 | 39","NEON.DOC.000987vJ","Y","Y","Y","Y","presentInAll","Y","presentInAll","N",NA,100,"noneSelected",800,400,800,"Ferns present but not sampled AY20.",2021,"neon_abby2021","ABBY_070_vst_ABBY_2020"
"57","PSMEM","ABBY_070","NEON.PLA.D16.ABBY.03087",NA,"ok","single bole tree","Live",15.3,130,"noChange",10.5,NA,NA,NA,4.6,4,"Partially shaded","",NA,NA,NA,NA,NA,NA,NA,NA,NA,NA,NA,NA,"","0000-0002-7203-5072","0000-0003-0562-3007",NA,"1eaf98bf-ba52-4c91-9d10-9a79fc10a22e","ABBY_070.basePlot.vst","2018-07-31","vst_ABBY_2018","D16","ABBY","ABBY_070",39,NA,59,4.9,189.5,"","","","NEON.DOC.000987vG","Pseudotsuga menziesii (Mirb.) Franco var. menziesii","variety",NA,NA,NA,"","","klazarus@battelleecology.org","ccordell@battelleecology.org",NA,1,4.3,2020-09-23,"Pseudotsuga menziesii var. menziesii","mh",NA,"PSMEM","","Douglas-fir","Pseudotsuga menziesii var. menziesii",5,"jenkins2003","USA",1,0.56,-2.48,2.4835,0.360458,NA,NA,NA,NA,NA,NA,NA,NA,NA,"ABBY_070_vst_ABBY_2020","8b88ad30-ba5a-4e07-ac8d-2be764c6c3e0","ABBY_070.basePlot.vst",2020-08-26,"D16","ABBY","tower","evergreenForest",45.761334,-122.330793,"WGS84",20.1,552040.56,5067748.36,"10N",363.1,0.1,"OK","vst_ABBY_2020","towerSubset","allGrowthForms","21 | 39","NEON.DOC.000987vJ","Y","Y","Y","Y","presentInAll","Y","presentInAll","N",NA,100,"noneSelected",800,400,800,"Ferns present but not sampled AY20.",2021,"neon_abby2021","ABBY_070_vst_ABBY_2020"
"58","PSMEM","ABBY_061","NEON.PLA.D16.ABBY.03764",NA,"ok","single bole tree","Live,  other damage",13.5,130,"noChange",9.3,NA,NA,NA,3.7,3.6,"Mostly shaded","",NA,NA,NA,NA,NA,NA,NA,NA,NA,NA,NA,NA,"Oozing sap","0000-0003-0562-3007","0000-0001-8510-4041",NA,"7b2e8039-f39b-4929-8835-1136d4dc5b33","ABBY_061.basePlot.vst","2018-07-31","vst_ABBY_2018","D16","ABBY","ABBY_061",21,NA,31,6,162,"","","","NEON.DOC.000987vG","Pseudotsuga menziesii (Mirb.) Franco var. menziesii","variety",NA,NA,NA,"","","Jzemaitis@battelleecology.org","ccordell@battelleecology.org",NA,1,3.65,2020-09-23,"Pseudotsuga menziesii var. menziesii","mh",NA,"PSMEM","","Douglas-fir","Pseudotsuga menziesii var. menziesii",5,"jenkins2003","USA",1,0.56,-2.48,2.4835,0.360458,NA,NA,NA,NA,NA,NA,NA,NA,NA,"ABBY_061_vst_ABBY_2020","11747686-bb34-4a45-8b5c-ce1766d6d657","ABBY_061.basePlot.vst",2020-08-26,"D16","ABBY","tower","evergreenForest",45.762451,-122.331158,"WGS84",20.1,552011.14,5067872.22,"10N",362.8,0.1,"OK","vst_ABBY_2020","towerSubset","allGrowthForms","21 | 39","NEON.DOC.000987vJ","Y","Y","Y","Y","presentInAll","Y","presentInAll","N",NA,100,"noneSelected",800,400,800,"Ferns present but not sampled AY20.",2021,"neon_abby2021","ABBY_061_vst_ABBY_2020"
"59","PSMEM","ABBY_070","NEON.PLA.D16.ABBY.00733",NA,"ok","single bole tree","Live",17.4,130,"noChange",10.2,NA,NA,NA,5.4,5,"Partially shaded","",NA,NA,NA,NA,NA,NA,NA,NA,NA,NA,NA,NA,"","0000-0002-2759-254X","0000-0001-9521-413X",NA,"fcfa2454-320c-4181-82bf-14d315553823","ABBY_070.basePlot.vst","2015-07-29","vst_ABBY_2015","D16","ABBY","ABBY_070",21,4,41,7.6,236.7,"","","","NEON.DOC.000987vE","Pseudotsuga menziesii (Mirb.) Franco var. menziesii","variety",NA,NA,NA,"","stem now qualifies to be mapped according to 2016 bout data; updated taxonID from PSME to PSMEM; mapped on 20170926","lwade@field-ops.org","krian@neoninc.org",NA,1,5.2,2020-09-24,"Pseudotsuga menziesii var. menziesii","mh",NA,"PSMEM","","Douglas-fir","Pseudotsuga menziesii var. menziesii",5,"jenkins2003","USA",1,0.56,-2.48,2.4835,0.360458,NA,NA,NA,NA,NA,NA,NA,NA,NA,"ABBY_070_vst_ABBY_2020","8b88ad30-ba5a-4e07-ac8d-2be764c6c3e0","ABBY_070.basePlot.vst",2020-08-26,"D16","ABBY","tower","evergreenForest",45.761334,-122.330793,"WGS84",20.1,552040.56,5067748.36,"10N",363.1,0.1,"OK","vst_ABBY_2020","towerSubset","allGrowthForms","21 | 39","NEON.DOC.000987vJ","Y","Y","Y","Y","presentInAll","Y","presentInAll","N",NA,100,"noneSelected",800,400,800,"Ferns present but not sampled AY20.",2021,"neon_abby2021","ABBY_070_vst_ABBY_2020"
"60","PSMEM","ABBY_062","NEON.PLA.D16.ABBY.03383",1,"ok","single bole tree","Live",13.4,130,"noChange",9,NA,NA,NA,4.7,4.5,"Partially shaded","",NA,NA,NA,NA,NA,NA,NA,NA,NA,NA,NA,NA,"","0000-0002-4816-2610","0000-0003-2593-761X",NA,"37d72086-f6ca-47a5-9c2f-21fb91795f60","ABBY_062.basePlot.vst","2018-07-26","vst_ABBY_2018","D16","ABBY","ABBY_062",39,NA,41,7.1,318.7,"","","","NEON.DOC.000987vG","Pseudotsuga menziesii (Mirb.) Franco var. menziesii","variety",NA,NA,NA,"","","klazarus@battelleecology.org","kwells@battelleecology.org",NA,1,4.6,2020-09-25,"Pseudotsuga menziesii var. menziesii","mh",NA,"PSMEM","","Douglas-fir","Pseudotsuga menziesii var. menziesii",5,"jenkins2003","USA",1,0.56,-2.48,2.4835,0.360458,NA,NA,NA,NA,NA,NA,NA,NA,NA,"ABBY_062_vst_ABBY_2020","d6adf231-ed45-4c9b-88de-dbdc6282aaa1","ABBY_062.basePlot.vst",2020-08-26,"D16","ABBY","tower","evergreenForest",45.763476,-122.328069,"WGS84",20.1,552250.39,5067988.12,"10N",342.2,0.2,"OK","vst_ABBY_2020","towerSubset","allGrowthForms","39 | 41","NEON.DOC.000987vJ","Y","Y","Y","Y","presentInAll","Y","presentInAll","N",NA,25,"noneSelected",800,100,800,"Ferns present but not sampled AY20.",2021,"neon_abby2021","ABBY_062_vst_ABBY_2020"
"61","PSMEM","ABBY_070","NEON.PLA.D16.ABBY.02865",NA,"ok","single bole tree","Live",14.7,130,"noChange",9.9,NA,NA,NA,4.9,4.8,"Partially shaded","",NA,NA,NA,NA,NA,NA,NA,NA,NA,NA,NA,NA,"","0000-0002-2759-254X","0000-0001-9521-413X",NA,"30f0f2aa-91b9-44e7-89c3-23fcbcfbe117","ABBY_070.basePlot.vst","2017-09-26","vst_ABBY_2017","D16","ABBY","ABBY_070",21,NA,31,6.6,126.9,"","","","NEON.DOC.000987vG","Pseudotsuga menziesii (Mirb.) Franco var. menziesii","variety",NA,NA,NA,"","","Eolsen@battelleecology.org","Kchilders@battelleecology.org",NA,1,4.85,2020-09-24,"Pseudotsuga menziesii var. menziesii","mh",NA,"PSMEM","","Douglas-fir","Pseudotsuga menziesii var. menziesii",5,"jenkins2003","USA",1,0.56,-2.48,2.4835,0.360458,NA,NA,NA,NA,NA,NA,NA,NA,NA,"ABBY_070_vst_ABBY_2020","8b88ad30-ba5a-4e07-ac8d-2be764c6c3e0","ABBY_070.basePlot.vst",2020-08-26,"D16","ABBY","tower","evergreenForest",45.761334,-122.330793,"WGS84",20.1,552040.56,5067748.36,"10N",363.1,0.1,"OK","vst_ABBY_2020","towerSubset","allGrowthForms","21 | 39","NEON.DOC.000987vJ","Y","Y","Y","Y","presentInAll","Y","presentInAll","N",NA,100,"noneSelected",800,400,800,"Ferns present but not sampled AY20.",2021,"neon_abby2021","ABBY_070_vst_ABBY_2020"
"62","PSMEM","ABBY_073","NEON.PLA.D16.ABBY.03566",1,"ok","single bole tree","Live",13.4,130,"noChange",9.2,NA,NA,NA,4.2,4.1,"Partially shaded","",NA,NA,NA,NA,NA,NA,NA,NA,NA,NA,NA,NA,"","0000-0001-9521-413X","0000-0002-2759-254X",NA,"81bc40d2-1418-4edb-9834-313d39ad72a4","ABBY_073.basePlot.vst","2019-10-28","vst_ABBY_2019","D16","ABBY","ABBY_073",39,NA,57,8.1,149.8,"map and tag","","","NEON.DOC.000987vH","Pseudotsuga menziesii (Mirb.) Franco var. menziesii","variety",NA,NA,NA,"","","0000-0001-8510-4041","0000-0003-2593-761X",NA,1,4.15,2020-09-25,"Pseudotsuga menziesii var. menziesii","mh",NA,"PSMEM","","Douglas-fir","Pseudotsuga menziesii var. menziesii",5,"jenkins2003","USA",1,0.56,-2.48,2.4835,0.360458,NA,NA,NA,NA,NA,NA,NA,NA,NA,"ABBY_073_vst_ABBY_2020","80f00bfb-76b5-448e-b0a5-bd28fb04583d","ABBY_073.basePlot.vst",2020-08-26,"D16","ABBY","tower","evergreenForest",45.762944,-122.324601,"WGS84",20.1,552520.56,5067931.28,"10N",336.5,0.1,"OK","vst_ABBY_2020","towerSubset","allGrowthForms","23 | 39","NEON.DOC.000987vJ","Y","Y","Y","Y","presentInAll","Y","presentInAll","N",NA,10,"noneSelected",800,40,800,"Ferns present but not sampled AY20.",2021,"neon_abby2021","ABBY_073_vst_ABBY_2020"
"63","PSMEM","ABBY_061","NEON.PLA.D16.ABBY.03148",NA,"ok","single bole tree","Live",14.9,130,"noChange",10,NA,NA,NA,4.1,3.8,"Partially shaded","",NA,NA,NA,NA,NA,NA,NA,NA,NA,NA,NA,NA,"","0000-0003-2593-761X","0000-0002-0205-7735",NA,"c702ef1b-a680-4796-a437-b3f9b5047845","ABBY_061.basePlot.vst","2017-10-10","vst_ABBY_2017","D16","ABBY","ABBY_061",39,NA,59,2.3,227.3,"","","","NEON.DOC.000987vG","Pseudotsuga menziesii (Mirb.) Franco var. menziesii","variety",NA,NA,NA,"","","Kchilders@battelleecology.org","Eolsen@battelleecology.org",NA,1,3.95,2020-09-23,"Pseudotsuga menziesii var. menziesii","mh",NA,"PSMEM","","Douglas-fir","Pseudotsuga menziesii var. menziesii",5,"jenkins2003","USA",1,0.56,-2.48,2.4835,0.360458,NA,NA,NA,NA,NA,NA,NA,NA,NA,"ABBY_061_vst_ABBY_2020","11747686-bb34-4a45-8b5c-ce1766d6d657","ABBY_061.basePlot.vst",2020-08-26,"D16","ABBY","tower","evergreenForest",45.762451,-122.331158,"WGS84",20.1,552011.14,5067872.22,"10N",362.8,0.1,"OK","vst_ABBY_2020","towerSubset","allGrowthForms","21 | 39","NEON.DOC.000987vJ","Y","Y","Y","Y","presentInAll","Y","presentInAll","N",NA,100,"noneSelected",800,400,800,"Ferns present but not sampled AY20.",2021,"neon_abby2021","ABBY_061_vst_ABBY_2020"
"64","PSMEM","ABBY_062","NEON.PLA.D16.ABBY.01785",1,"ok","single bole tree","Live",14.1,130,"noChange",9.7,NA,NA,NA,4.8,4.5,"Partially shaded","",NA,NA,NA,NA,NA,NA,NA,NA,NA,NA,NA,NA,"","0000-0002-4816-2610","0000-0003-2593-761X",NA,"fe42001a-1027-4116-bb30-ffd360802d00","ABBY_062.basePlot.vst","2017-09-15","vst_ABBY_2017","D16","ABBY","ABBY_062",39,NA,59,13.2,198.8,"","","","NEON.DOC.000987vE","Pseudotsuga menziesii (Mirb.) Franco var. menziesii","variety",NA,NA,NA,"","","Jbush@battelleecology.org","kwells@battelleecology.org",NA,1,4.65,2020-09-25,"Pseudotsuga menziesii var. menziesii","mh",NA,"PSMEM","","Douglas-fir","Pseudotsuga menziesii var. menziesii",5,"jenkins2003","USA",1,0.56,-2.48,2.4835,0.360458,NA,NA,NA,NA,NA,NA,NA,NA,NA,"ABBY_062_vst_ABBY_2020","d6adf231-ed45-4c9b-88de-dbdc6282aaa1","ABBY_062.basePlot.vst",2020-08-26,"D16","ABBY","tower","evergreenForest",45.763476,-122.328069,"WGS84",20.1,552250.39,5067988.12,"10N",342.2,0.2,"OK","vst_ABBY_2020","towerSubset","allGrowthForms","39 | 41","NEON.DOC.000987vJ","Y","Y","Y","Y","presentInAll","Y","presentInAll","N",NA,25,"noneSelected",800,100,800,"Ferns present but not sampled AY20.",2021,"neon_abby2021","ABBY_062_vst_ABBY_2020"
"65","PSMEM","ABBY_073","NEON.PLA.D16.ABBY.09084",1,"ok","single bole tree","Live",13.5,130,"noChange",9.7,NA,NA,NA,4.2,3.7,"Partially shaded","",NA,NA,NA,NA,NA,NA,NA,NA,NA,NA,NA,NA,"","0000-0001-9713-5304","0000-0002-7203-5072",NA,"0158f43b-0da2-4258-83e6-6831ca0bc68a","ABBY_073.basePlot.vst","2020-09-25","vst_ABBY_2020","D16","ABBY","ABBY_073",23,NA,23,3.5,8.8,"map and tag","","","NEON.DOC.000987vJ","Pseudotsuga menziesii (Mirb.) Franco var. menziesii","variety",NA,NA,NA,"","","0000-0002-7203-5072","0000-0001-9713-5304",NA,1,3.95,2020-09-25,"Pseudotsuga menziesii var. menziesii","mh",NA,"PSMEM","","Douglas-fir","Pseudotsuga menziesii var. menziesii",5,"jenkins2003","USA",1,0.56,-2.48,2.4835,0.360458,NA,NA,NA,NA,NA,NA,NA,NA,NA,"ABBY_073_vst_ABBY_2020","80f00bfb-76b5-448e-b0a5-bd28fb04583d","ABBY_073.basePlot.vst",2020-08-26,"D16","ABBY","tower","evergreenForest",45.762944,-122.324601,"WGS84",20.1,552520.56,5067931.28,"10N",336.5,0.1,"OK","vst_ABBY_2020","towerSubset","allGrowthForms","23 | 39","NEON.DOC.000987vJ","Y","Y","Y","Y","presentInAll","Y","presentInAll","N",NA,10,"noneSelected",800,40,800,"Ferns present but not sampled AY20.",2021,"neon_abby2021","ABBY_073_vst_ABBY_2020"
"66","PSMEM","ABBY_061","NEON.PLA.D16.ABBY.00727",NA,"ok","single bole tree","Live",11.6,130,"noChange",9.5,NA,NA,NA,4.6,4.4,"Mostly shaded","",NA,NA,NA,NA,NA,NA,NA,NA,NA,NA,NA,NA,"","0000-0002-7203-5072","0000-0001-9521-413X",NA,"21094605-aef6-4b10-be45-d910f154acb0","ABBY_061.basePlot.vst","2015-07-29","vst_ABBY_2015","D16","ABBY","ABBY_061",21,4,41,9.1,204.6,"","","","NEON.DOC.000987vE","Pseudotsuga menziesii (Mirb.) Franco var. menziesii","variety",NA,NA,NA,"","","krian@neoninc.org","lwade@field-ops.org",NA,1,4.5,2020-09-23,"Pseudotsuga menziesii var. menziesii","mh",NA,"PSMEM","","Douglas-fir","Pseudotsuga menziesii var. menziesii",5,"jenkins2003","USA",1,0.56,-2.48,2.4835,0.360458,NA,NA,NA,NA,NA,NA,NA,NA,NA,"ABBY_061_vst_ABBY_2020","11747686-bb34-4a45-8b5c-ce1766d6d657","ABBY_061.basePlot.vst",2020-08-26,"D16","ABBY","tower","evergreenForest",45.762451,-122.331158,"WGS84",20.1,552011.14,5067872.22,"10N",362.8,0.1,"OK","vst_ABBY_2020","towerSubset","allGrowthForms","21 | 39","NEON.DOC.000987vJ","Y","Y","Y","Y","presentInAll","Y","presentInAll","N",NA,100,"noneSelected",800,400,800,"Ferns present but not sampled AY20.",2021,"neon_abby2021","ABBY_061_vst_ABBY_2020"
"67","PSMEM","ABBY_061","NEON.PLA.D16.ABBY.00653",1,"ok","multi-bole tree","Live",11.3,130,"boleChange",9.9,NA,NA,NA,4.4,4,"Partially shaded","",NA,NA,NA,NA,NA,NA,NA,NA,NA,NA,NA,NA,"","0000-0003-2593-761X","0000-0002-0205-7735",NA,"0e298355-eea9-41d0-a727-d1d832163282","ABBY_061.basePlot.vst","2019-10-22","vst_ABBY_2019","D16","ABBY","ABBY_061",39,NA,49,1,280.3,"map and tag","","","NEON.DOC.000987vH","Pseudotsuga menziesii (Mirb.) Franco var. menziesii","variety",NA,NA,NA,"","","0000-0001-8510-4041","0000-0003-2593-761X",NA,1,4.2,2020-09-23,"Pseudotsuga menziesii var. menziesii","mh",NA,"PSMEM","","Douglas-fir","Pseudotsuga menziesii var. menziesii",5,"jenkins2003","USA",1,0.56,-2.48,2.4835,0.360458,NA,NA,NA,NA,NA,NA,NA,NA,NA,"ABBY_061_vst_ABBY_2020","11747686-bb34-4a45-8b5c-ce1766d6d657","ABBY_061.basePlot.vst",2020-08-26,"D16","ABBY","tower","evergreenForest",45.762451,-122.331158,"WGS84",20.1,552011.14,5067872.22,"10N",362.8,0.1,"OK","vst_ABBY_2020","towerSubset","allGrowthForms","21 | 39","NEON.DOC.000987vJ","Y","Y","Y","Y","presentInAll","Y","presentInAll","N",NA,100,"noneSelected",800,400,800,"Ferns present but not sampled AY20.",2021,"neon_abby2021","ABBY_061_vst_ABBY_2020"
"68","PSMEM","ABBY_061","NEON.PLA.D16.ABBY.09096",NA,"ok","single bole tree","Live",10.7,130,"noChange",8.3,NA,NA,NA,4,3.9,"Partially shaded","",NA,NA,NA,NA,NA,NA,NA,NA,NA,NA,NA,NA,"","0000-0003-2593-761X","0000-0002-0205-7735",NA,"8cc96408-12e4-4d0a-96c5-72412e828c10","ABBY_061.basePlot.vst","2020-09-24","vst_ABBY_2020","D16","ABBY","ABBY_061",39,NA,41,7.4,282.1,"map and tag","","","NEON.DOC.000987vJ","Pseudotsuga menziesii (Mirb.) Franco var. menziesii","variety",NA,NA,NA,"","","0000-0003-2593-761X","0000-0002-4816-2610",NA,1,3.95,2020-09-23,"Pseudotsuga menziesii var. menziesii","mh",NA,"PSMEM","","Douglas-fir","Pseudotsuga menziesii var. menziesii",5,"jenkins2003","USA",1,0.56,-2.48,2.4835,0.360458,NA,NA,NA,NA,NA,NA,NA,NA,NA,"ABBY_061_vst_ABBY_2020","11747686-bb34-4a45-8b5c-ce1766d6d657","ABBY_061.basePlot.vst",2020-08-26,"D16","ABBY","tower","evergreenForest",45.762451,-122.331158,"WGS84",20.1,552011.14,5067872.22,"10N",362.8,0.1,"OK","vst_ABBY_2020","towerSubset","allGrowthForms","21 | 39","NEON.DOC.000987vJ","Y","Y","Y","Y","presentInAll","Y","presentInAll","N",NA,100,"noneSelected",800,400,800,"Ferns present but not sampled AY20.",2021,"neon_abby2021","ABBY_061_vst_ABBY_2020"
"69","PSMEM","ABBY_070","NEON.PLA.D16.ABBY.00929",NA,"ok","single bole tree","Live",15.1,130,"noChange",10.8,NA,NA,NA,4.6,4,"Partially shaded","",NA,NA,NA,NA,NA,NA,NA,NA,NA,NA,NA,NA,"","0000-0002-7203-5072","0000-0003-0562-3007",NA,"2318b34d-9cd3-4267-9f77-4e20800445c2","ABBY_070.basePlot.vst","2016-10-25","vst_ABBY_2016","D16","ABBY","ABBY_070",39,NA,59,2.1,232.3,"","","","NEON.DOC.000987vE","Pseudotsuga menziesii (Mirb.) Franco var. menziesii","variety",NA,NA,NA,"","","vschmitt@field-ops.org","wsalas@field-ops.org",NA,1,4.3,2020-09-23,"Pseudotsuga menziesii var. menziesii","mh",NA,"PSMEM","","Douglas-fir","Pseudotsuga menziesii var. menziesii",5,"jenkins2003","USA",1,0.56,-2.48,2.4835,0.360458,NA,NA,NA,NA,NA,NA,NA,NA,NA,"ABBY_070_vst_ABBY_2020","8b88ad30-ba5a-4e07-ac8d-2be764c6c3e0","ABBY_070.basePlot.vst",2020-08-26,"D16","ABBY","tower","evergreenForest",45.761334,-122.330793,"WGS84",20.1,552040.56,5067748.36,"10N",363.1,0.1,"OK","vst_ABBY_2020","towerSubset","allGrowthForms","21 | 39","NEON.DOC.000987vJ","Y","Y","Y","Y","presentInAll","Y","presentInAll","N",NA,100,"noneSelected",800,400,800,"Ferns present but not sampled AY20.",2021,"neon_abby2021","ABBY_070_vst_ABBY_2020"
"70","PSMEM","ABBY_070","NEON.PLA.D16.ABBY.03380",NA,"ok","single bole tree","Live",16,130,"noChange",9.9,NA,NA,NA,4.7,4.5,"Partially shaded","",NA,NA,NA,NA,NA,NA,NA,NA,NA,NA,NA,NA,"","0000-0002-7203-5072","0000-0003-0562-3007",NA,"b0cc2e87-a940-4c98-a415-c7e64abebd18","ABBY_070.basePlot.vst","2018-07-31","vst_ABBY_2018","D16","ABBY","ABBY_070",39,NA,49,8.2,98,"","","","NEON.DOC.000987vG","Pseudotsuga menziesii (Mirb.) Franco var. menziesii","variety",NA,NA,NA,"","","klazarus@battelleecology.org","ccordell@battelleecology.org",NA,1,4.6,2020-09-23,"Pseudotsuga menziesii var. menziesii","mh",NA,"PSMEM","","Douglas-fir","Pseudotsuga menziesii var. menziesii",5,"jenkins2003","USA",1,0.56,-2.48,2.4835,0.360458,NA,NA,NA,NA,NA,NA,NA,NA,NA,"ABBY_070_vst_ABBY_2020","8b88ad30-ba5a-4e07-ac8d-2be764c6c3e0","ABBY_070.basePlot.vst",2020-08-26,"D16","ABBY","tower","evergreenForest",45.761334,-122.330793,"WGS84",20.1,552040.56,5067748.36,"10N",363.1,0.1,"OK","vst_ABBY_2020","towerSubset","allGrowthForms","21 | 39","NEON.DOC.000987vJ","Y","Y","Y","Y","presentInAll","Y","presentInAll","N",NA,100,"noneSelected",800,400,800,"Ferns present but not sampled AY20.",2021,"neon_abby2021","ABBY_070_vst_ABBY_2020"
"71","PSMEM","ABBY_061","NEON.PLA.D16.ABBY.00529",NA,"ok","single bole tree","Live",14.3,130,"noChange",9.5,NA,NA,NA,4.1,3.9,"Partially shaded","",NA,NA,NA,NA,NA,NA,NA,NA,NA,NA,NA,NA,"","0000-0003-2593-761X","0000-0002-0205-7735",NA,"5fe65e61-31bd-465b-96af-b53705bd6aab","ABBY_061.basePlot.vst","2019-10-22","vst_ABBY_2019","D16","ABBY","ABBY_061",39,NA,39,3.4,75.1,"map and tag","","","NEON.DOC.000987vH","Pseudotsuga menziesii (Mirb.) Franco var. menziesii","variety",NA,NA,NA,"","","0000-0001-8510-4041","0000-0003-2593-761X",NA,1,4,2020-09-23,"Pseudotsuga menziesii var. menziesii","mh",NA,"PSMEM","","Douglas-fir","Pseudotsuga menziesii var. menziesii",5,"jenkins2003","USA",1,0.56,-2.48,2.4835,0.360458,NA,NA,NA,NA,NA,NA,NA,NA,NA,"ABBY_061_vst_ABBY_2020","11747686-bb34-4a45-8b5c-ce1766d6d657","ABBY_061.basePlot.vst",2020-08-26,"D16","ABBY","tower","evergreenForest",45.762451,-122.331158,"WGS84",20.1,552011.14,5067872.22,"10N",362.8,0.1,"OK","vst_ABBY_2020","towerSubset","allGrowthForms","21 | 39","NEON.DOC.000987vJ","Y","Y","Y","Y","presentInAll","Y","presentInAll","N",NA,100,"noneSelected",800,400,800,"Ferns present but not sampled AY20.",2021,"neon_abby2021","ABBY_061_vst_ABBY_2020"
"72","PSMEM","ABBY_061","NEON.PLA.D16.ABBY.00655",NA,"ok","single bole tree","Live",18.1,130,"noChange",10.4,NA,NA,NA,4.7,4.5,"Partially shaded","",NA,NA,NA,NA,NA,NA,NA,NA,NA,NA,NA,NA,"","0000-0003-2593-761X","0000-0002-0205-7735",NA,"40d91f0f-5cf3-4c0e-8c30-a602bd4dbb86","ABBY_061.basePlot.vst","2019-10-22","vst_ABBY_2019","D16","ABBY","ABBY_061",39,NA,49,8,344.7,"map and tag","","","NEON.DOC.000987vH","Pseudotsuga menziesii (Mirb.) Franco var. menziesii","variety",NA,NA,NA,"","","0000-0001-8510-4041","0000-0003-2593-761X",NA,1,4.6,2020-09-23,"Pseudotsuga menziesii var. menziesii","mh",NA,"PSMEM","","Douglas-fir","Pseudotsuga menziesii var. menziesii",5,"jenkins2003","USA",1,0.56,-2.48,2.4835,0.360458,NA,NA,NA,NA,NA,NA,NA,NA,NA,"ABBY_061_vst_ABBY_2020","11747686-bb34-4a45-8b5c-ce1766d6d657","ABBY_061.basePlot.vst",2020-08-26,"D16","ABBY","tower","evergreenForest",45.762451,-122.331158,"WGS84",20.1,552011.14,5067872.22,"10N",362.8,0.1,"OK","vst_ABBY_2020","towerSubset","allGrowthForms","21 | 39","NEON.DOC.000987vJ","Y","Y","Y","Y","presentInAll","Y","presentInAll","N",NA,100,"noneSelected",800,400,800,"Ferns present but not sampled AY20.",2021,"neon_abby2021","ABBY_061_vst_ABBY_2020"
"73","PSMEM","ABBY_062","NEON.PLA.D16.ABBY.00907",NA,"ok","single bole tree","Live",18.5,140,"noChange",11.3,NA,NA,NA,4.9,4.3,"Partially shaded","",NA,NA,NA,NA,NA,NA,NA,NA,NA,NA,NA,NA,"","0000-0002-0205-7735","0000-0003-0562-3007",NA,"39544d8e-626c-4603-a1da-4889a68a0b2c","ABBY_062.basePlot.vst","2016-10-19","vst_ABBY_2016","D16","ABBY","ABBY_062",41,1,41,6,23.6,"","","00797","NEON.DOC.000987vE","Pseudotsuga menziesii (Mirb.) Franco var. menziesii","variety",NA,NA,NA,"","","wsalas@field-ops.org","bgorzek@field-ops.org",NA,1,4.6,2020-09-25,"Pseudotsuga menziesii var. menziesii","mh",NA,"PSMEM","","Douglas-fir","Pseudotsuga menziesii var. menziesii",5,"jenkins2003","USA",1,0.56,-2.48,2.4835,0.360458,NA,NA,NA,NA,NA,NA,NA,NA,NA,"ABBY_062_vst_ABBY_2020","d6adf231-ed45-4c9b-88de-dbdc6282aaa1","ABBY_062.basePlot.vst",2020-08-26,"D16","ABBY","tower","evergreenForest",45.763476,-122.328069,"WGS84",20.1,552250.39,5067988.12,"10N",342.2,0.2,"OK","vst_ABBY_2020","towerSubset","allGrowthForms","39 | 41","NEON.DOC.000987vJ","Y","Y","Y","Y","presentInAll","Y","presentInAll","N",NA,25,"noneSelected",800,100,800,"Ferns present but not sampled AY20.",2021,"neon_abby2021","ABBY_062_vst_ABBY_2020"
"74","PSMEM","ABBY_061","NEON.PLA.D16.ABBY.00722",NA,"ok","single bole tree","Live",15.4,130,"noChange",11.2,NA,NA,NA,4.4,4.1,"Mostly shaded","",NA,NA,NA,NA,NA,NA,NA,NA,NA,NA,NA,NA,"","0000-0003-0562-3007","0000-0001-8510-4041",NA,"3522f3d7-99cc-4b83-9e12-e2e9842bc0aa","ABBY_061.basePlot.vst","2015-07-29","vst_ABBY_2015","D16","ABBY","ABBY_061",21,4,41,10,229,"","","","NEON.DOC.000987vE","Pseudotsuga menziesii (Mirb.) Franco var. menziesii","variety",NA,NA,NA,"","no transcription errors found","krian@neoninc.org","lwade@field-ops.org",NA,1,4.25,2020-09-23,"Pseudotsuga menziesii var. menziesii","mh",NA,"PSMEM","","Douglas-fir","Pseudotsuga menziesii var. menziesii",5,"jenkins2003","USA",1,0.56,-2.48,2.4835,0.360458,NA,NA,NA,NA,NA,NA,NA,NA,NA,"ABBY_061_vst_ABBY_2020","11747686-bb34-4a45-8b5c-ce1766d6d657","ABBY_061.basePlot.vst",2020-08-26,"D16","ABBY","tower","evergreenForest",45.762451,-122.331158,"WGS84",20.1,552011.14,5067872.22,"10N",362.8,0.1,"OK","vst_ABBY_2020","towerSubset","allGrowthForms","21 | 39","NEON.DOC.000987vJ","Y","Y","Y","Y","presentInAll","Y","presentInAll","N",NA,100,"noneSelected",800,400,800,"Ferns present but not sampled AY20.",2021,"neon_abby2021","ABBY_061_vst_ABBY_2020"
"75","PSMEM","ABBY_070","NEON.PLA.D16.ABBY.02860",NA,"ok","single bole tree","Live",16.8,130,"noChange",10.1,NA,NA,NA,4.6,4.2,"Partially shaded","",NA,NA,NA,NA,NA,NA,NA,NA,NA,NA,NA,NA,"","0000-0002-2759-254X","0000-0001-9521-413X",NA,"a47e3288-a846-4f57-91cb-3bb5b99918d5","ABBY_070.basePlot.vst","2017-09-26","vst_ABBY_2017","D16","ABBY","ABBY_070",21,NA,39,7.7,93.4,"","","","NEON.DOC.000987vG","Pseudotsuga menziesii (Mirb.) Franco var. menziesii","variety",NA,NA,NA,"","","Eolsen@battelleecology.org","Kchilders@battelleecology.org",NA,1,4.4,2020-09-24,"Pseudotsuga menziesii var. menziesii","mh",NA,"PSMEM","","Douglas-fir","Pseudotsuga menziesii var. menziesii",5,"jenkins2003","USA",1,0.56,-2.48,2.4835,0.360458,NA,NA,NA,NA,NA,NA,NA,NA,NA,"ABBY_070_vst_ABBY_2020","8b88ad30-ba5a-4e07-ac8d-2be764c6c3e0","ABBY_070.basePlot.vst",2020-08-26,"D16","ABBY","tower","evergreenForest",45.761334,-122.330793,"WGS84",20.1,552040.56,5067748.36,"10N",363.1,0.1,"OK","vst_ABBY_2020","towerSubset","allGrowthForms","21 | 39","NEON.DOC.000987vJ","Y","Y","Y","Y","presentInAll","Y","presentInAll","N",NA,100,"noneSelected",800,400,800,"Ferns present but not sampled AY20.",2021,"neon_abby2021","ABBY_070_vst_ABBY_2020"
"76","PSMEM","ABBY_070","NEON.PLA.D16.ABBY.01004",NA,"ok","single bole tree","Live",18.9,130,"noChange",12.3,NA,NA,NA,5.1,3.6,"Partially shaded","",NA,NA,NA,NA,NA,NA,NA,NA,NA,NA,NA,NA,"","0000-0002-7203-5072","0000-0003-0562-3007",NA,"37344bee-e379-4b3f-9657-fb8debde92b4","ABBY_070.basePlot.vst","2016-10-25","vst_ABBY_2016","D16","ABBY","ABBY_070",39,NA,57,13.6,129.4,"","","","NEON.DOC.000987vE","Pseudotsuga menziesii (Mirb.) Franco var. menziesii","variety",NA,NA,NA,"","","vschmitt@field-ops.org","wsalas@field-ops.org",NA,1,4.35,2020-09-23,"Pseudotsuga menziesii var. menziesii","mh",NA,"PSMEM","","Douglas-fir","Pseudotsuga menziesii var. menziesii",5,"jenkins2003","USA",1,0.56,-2.48,2.4835,0.360458,NA,NA,NA,NA,NA,NA,NA,NA,NA,"ABBY_070_vst_ABBY_2020","8b88ad30-ba5a-4e07-ac8d-2be764c6c3e0","ABBY_070.basePlot.vst",2020-08-26,"D16","ABBY","tower","evergreenForest",45.761334,-122.330793,"WGS84",20.1,552040.56,5067748.36,"10N",363.1,0.1,"OK","vst_ABBY_2020","towerSubset","allGrowthForms","21 | 39","NEON.DOC.000987vJ","Y","Y","Y","Y","presentInAll","Y","presentInAll","N",NA,100,"noneSelected",800,400,800,"Ferns present but not sampled AY20.",2021,"neon_abby2021","ABBY_070_vst_ABBY_2020"
"77","PSMEM","ABBY_073","NEON.PLA.D16.ABBY.01983",1,"ok","single bole tree","Live",14.2,130,"noChange",8.2,NA,NA,NA,5.1,5,"Partially shaded","",NA,NA,NA,NA,NA,NA,NA,NA,NA,NA,NA,NA,"","0000-0001-9521-413X","0000-0002-2759-254X",NA,"cbfd84b2-5d14-46b7-a1a8-486e09b4dec0","ABBY_073.basePlot.vst","2018-08-01","vst_ABBY_2018","D16","ABBY","ABBY_073",39,NA,39,6.1,54.7,"","","","NEON.DOC.000987vG","Pseudotsuga menziesii (Mirb.) Franco var. menziesii","variety",NA,NA,NA,"","","Jzemaitis@battelleecology.org","ccordell@battelleecology.org",NA,1,5.05,2020-09-25,"Pseudotsuga menziesii var. menziesii","mh",NA,"PSMEM","","Douglas-fir","Pseudotsuga menziesii var. menziesii",5,"jenkins2003","USA",1,0.56,-2.48,2.4835,0.360458,NA,NA,NA,NA,NA,NA,NA,NA,NA,"ABBY_073_vst_ABBY_2020","80f00bfb-76b5-448e-b0a5-bd28fb04583d","ABBY_073.basePlot.vst",2020-08-26,"D16","ABBY","tower","evergreenForest",45.762944,-122.324601,"WGS84",20.1,552520.56,5067931.28,"10N",336.5,0.1,"OK","vst_ABBY_2020","towerSubset","allGrowthForms","23 | 39","NEON.DOC.000987vJ","Y","Y","Y","Y","presentInAll","Y","presentInAll","N",NA,10,"noneSelected",800,40,800,"Ferns present but not sampled AY20.",2021,"neon_abby2021","ABBY_073_vst_ABBY_2020"
"78","PSMEM","ABBY_070","NEON.PLA.D16.ABBY.03377",NA,"ok","single bole tree","Live",13.6,150,"noChange",7.5,NA,NA,NA,5,5,"Partially shaded","",NA,NA,NA,NA,NA,NA,NA,NA,NA,NA,NA,NA,"","0000-0002-7203-5072","0000-0003-0562-3007",NA,"1861b2ab-0812-429f-889c-346fd0e6a586","ABBY_070.basePlot.vst","2018-07-31","vst_ABBY_2018","D16","ABBY","ABBY_070",39,NA,49,5.7,121.1,"","","","NEON.DOC.000987vG","Pseudotsuga menziesii (Mirb.) Franco var. menziesii","variety",NA,NA,NA,"","","klazarus@battelleecology.org","ccordell@battelleecology.org",NA,1,5,2020-09-23,"Pseudotsuga menziesii var. menziesii","mh",NA,"PSMEM","","Douglas-fir","Pseudotsuga menziesii var. menziesii",5,"jenkins2003","USA",1,0.56,-2.48,2.4835,0.360458,NA,NA,NA,NA,NA,NA,NA,NA,NA,"ABBY_070_vst_ABBY_2020","8b88ad30-ba5a-4e07-ac8d-2be764c6c3e0","ABBY_070.basePlot.vst",2020-08-26,"D16","ABBY","tower","evergreenForest",45.761334,-122.330793,"WGS84",20.1,552040.56,5067748.36,"10N",363.1,0.1,"OK","vst_ABBY_2020","towerSubset","allGrowthForms","21 | 39","NEON.DOC.000987vJ","Y","Y","Y","Y","presentInAll","Y","presentInAll","N",NA,100,"noneSelected",800,400,800,"Ferns present but not sampled AY20.",2021,"neon_abby2021","ABBY_070_vst_ABBY_2020"
"79","PSMEM","ABBY_070","NEON.PLA.D16.ABBY.00731",NA,"ok","single bole tree","Live",14.9,130,"noChange",8.7,NA,NA,NA,3.8,3.4,"Partially shaded","",NA,NA,NA,NA,NA,NA,NA,NA,NA,NA,NA,NA,"","0000-0002-2759-254X","0000-0001-9521-413X",NA,"0fbb95eb-9a9e-44ab-bf80-d608b62623db","ABBY_070.basePlot.vst","2015-07-29","vst_ABBY_2015","D16","ABBY","ABBY_070",21,4,41,1.3,184.2,"","","","NEON.DOC.000987vE","Pseudotsuga menziesii (Mirb.) Franco var. menziesii","variety",NA,NA,NA,"","updated taxonID from PSME to PSMEM","ccordell@battelleecology.org","jschempf@battelleecology.org",NA,1,3.6,2020-09-24,"Pseudotsuga menziesii var. menziesii","mh",NA,"PSMEM","","Douglas-fir","Pseudotsuga menziesii var. menziesii",5,"jenkins2003","USA",1,0.56,-2.48,2.4835,0.360458,NA,NA,NA,NA,NA,NA,NA,NA,NA,"ABBY_070_vst_ABBY_2020","8b88ad30-ba5a-4e07-ac8d-2be764c6c3e0","ABBY_070.basePlot.vst",2020-08-26,"D16","ABBY","tower","evergreenForest",45.761334,-122.330793,"WGS84",20.1,552040.56,5067748.36,"10N",363.1,0.1,"OK","vst_ABBY_2020","towerSubset","allGrowthForms","21 | 39","NEON.DOC.000987vJ","Y","Y","Y","Y","presentInAll","Y","presentInAll","N",NA,100,"noneSelected",800,400,800,"Ferns present but not sampled AY20.",2021,"neon_abby2021","ABBY_070_vst_ABBY_2020"
"80","PSMEM","ABBY_062","NEON.PLA.D16.ABBY.00283",NA,"ok","single bole tree","Live",16.9,130,"noChange",9.6,NA,NA,NA,4.9,4.8,"Partially shaded","",NA,NA,NA,NA,NA,NA,NA,NA,NA,NA,NA,NA,"","0000-0002-4816-2610","0000-0003-2593-761X",NA,"70edc9d3-d89d-4c55-b7d3-51d619acb644","ABBY_062.basePlot.vst","2016-10-19","vst_ABBY_2016","D16","ABBY","ABBY_062",39,NA,59,4.7,244.9,"","","","NEON.DOC.000987vE","Pseudotsuga menziesii (Mirb.) Franco var. menziesii","variety",NA,NA,NA,"","","vschmitt@field-ops.org","ndeweese@field-ops.org",NA,1,4.85,2020-09-25,"Pseudotsuga menziesii var. menziesii","mh",NA,"PSMEM","","Douglas-fir","Pseudotsuga menziesii var. menziesii",5,"jenkins2003","USA",1,0.56,-2.48,2.4835,0.360458,NA,NA,NA,NA,NA,NA,NA,NA,NA,"ABBY_062_vst_ABBY_2020","d6adf231-ed45-4c9b-88de-dbdc6282aaa1","ABBY_062.basePlot.vst",2020-08-26,"D16","ABBY","tower","evergreenForest",45.763476,-122.328069,"WGS84",20.1,552250.39,5067988.12,"10N",342.2,0.2,"OK","vst_ABBY_2020","towerSubset","allGrowthForms","39 | 41","NEON.DOC.000987vJ","Y","Y","Y","Y","presentInAll","Y","presentInAll","N",NA,25,"noneSelected",800,100,800,"Ferns present but not sampled AY20.",2021,"neon_abby2021","ABBY_062_vst_ABBY_2020"
"81","PSMEM","ABBY_061","NEON.PLA.D16.ABBY.00947",NA,"ok","single bole tree","Live",16.5,125,"noChange",12.6,NA,NA,NA,4.6,4.4,"Partially shaded","",NA,NA,NA,NA,NA,NA,NA,NA,NA,NA,NA,NA,"","0000-0003-2593-761X","0000-0002-0205-7735",NA,"a0764e87-103e-4606-a7ce-43cb01521aad","ABBY_061.basePlot.vst","2016-08-16","vst_ABBY_2016","D16","ABBY","ABBY_061",39,4,49,6.4,22.2,"","","","NEON.DOC.000987vE","Pseudotsuga menziesii (Mirb.) Franco var. menziesii","variety",NA,NA,NA,"","","jzemaitis@neoninc.org","bgorzek@field-ops.org",NA,1,4.5,2020-09-23,"Pseudotsuga menziesii var. menziesii","mh",NA,"PSMEM","","Douglas-fir","Pseudotsuga menziesii var. menziesii",5,"jenkins2003","USA",1,0.56,-2.48,2.4835,0.360458,NA,NA,NA,NA,NA,NA,NA,NA,NA,"ABBY_061_vst_ABBY_2020","11747686-bb34-4a45-8b5c-ce1766d6d657","ABBY_061.basePlot.vst",2020-08-26,"D16","ABBY","tower","evergreenForest",45.762451,-122.331158,"WGS84",20.1,552011.14,5067872.22,"10N",362.8,0.1,"OK","vst_ABBY_2020","towerSubset","allGrowthForms","21 | 39","NEON.DOC.000987vJ","Y","Y","Y","Y","presentInAll","Y","presentInAll","N",NA,100,"noneSelected",800,400,800,"Ferns present but not sampled AY20.",2021,"neon_abby2021","ABBY_061_vst_ABBY_2020"
"82","PSMEM","ABBY_061","NEON.PLA.D16.ABBY.03149",NA,"ok","single bole tree","Live",14.2,140,"noChange",10.2,NA,NA,NA,4.5,4.1,"Partially shaded","",NA,NA,NA,NA,NA,NA,NA,NA,NA,NA,NA,NA,"","0000-0002-7203-5072","0000-0001-9521-413X",NA,"4d48a9a9-3783-4d6b-a678-789809e2da94","ABBY_061.basePlot.vst","2017-10-10","vst_ABBY_2017","D16","ABBY","ABBY_061",21,NA,31,6.3,142.7,"","","","NEON.DOC.000987vG","Pseudotsuga menziesii (Mirb.) Franco var. menziesii","variety",NA,NA,NA,"","","ccordell@battelleecology.org","vschmitt@battelleecology.org",NA,1,4.3,2020-09-23,"Pseudotsuga menziesii var. menziesii","mh",NA,"PSMEM","","Douglas-fir","Pseudotsuga menziesii var. menziesii",5,"jenkins2003","USA",1,0.56,-2.48,2.4835,0.360458,NA,NA,NA,NA,NA,NA,NA,NA,NA,"ABBY_061_vst_ABBY_2020","11747686-bb34-4a45-8b5c-ce1766d6d657","ABBY_061.basePlot.vst",2020-08-26,"D16","ABBY","tower","evergreenForest",45.762451,-122.331158,"WGS84",20.1,552011.14,5067872.22,"10N",362.8,0.1,"OK","vst_ABBY_2020","towerSubset","allGrowthForms","21 | 39","NEON.DOC.000987vJ","Y","Y","Y","Y","presentInAll","Y","presentInAll","N",NA,100,"noneSelected",800,400,800,"Ferns present but not sampled AY20.",2021,"neon_abby2021","ABBY_061_vst_ABBY_2020"
"83","PSMEM","ABBY_061","NEON.PLA.D16.ABBY.00900",NA,"ok","single bole tree","Live",17.4,130,"noChange",11.7,NA,NA,NA,6.1,4.7,"Partially shaded","",NA,NA,NA,NA,NA,NA,NA,NA,NA,NA,NA,NA,"","0000-0002-7203-5072","0000-0001-9521-413X",NA,"0fbdc1c2-abf0-4a5d-9fca-4349d211d7ad","ABBY_061.basePlot.vst","2016-10-25","vst_ABBY_2016","D16","ABBY","ABBY_061",21,NA,39,4.3,131.5,"","","","NEON.DOC.000987vE","Pseudotsuga menziesii (Mirb.) Franco var. menziesii","variety",NA,NA,NA,"","","ndeweese@field-ops.org","edauria@battelleecology.org",NA,1,5.4,2020-09-23,"Pseudotsuga menziesii var. menziesii","mh",NA,"PSMEM","","Douglas-fir","Pseudotsuga menziesii var. menziesii",5,"jenkins2003","USA",1,0.56,-2.48,2.4835,0.360458,NA,NA,NA,NA,NA,NA,NA,NA,NA,"ABBY_061_vst_ABBY_2020","11747686-bb34-4a45-8b5c-ce1766d6d657","ABBY_061.basePlot.vst",2020-08-26,"D16","ABBY","tower","evergreenForest",45.762451,-122.331158,"WGS84",20.1,552011.14,5067872.22,"10N",362.8,0.1,"OK","vst_ABBY_2020","towerSubset","allGrowthForms","21 | 39","NEON.DOC.000987vJ","Y","Y","Y","Y","presentInAll","Y","presentInAll","N",NA,100,"noneSelected",800,400,800,"Ferns present but not sampled AY20.",2021,"neon_abby2021","ABBY_061_vst_ABBY_2020"
"84","PSMEM","ABBY_062","NEON.PLA.D16.ABBY.03173",1,"ok","single bole tree","Live",12.9,130,"noChange",9,NA,NA,NA,4.1,3.8,"Partially shaded","",NA,NA,NA,NA,NA,NA,NA,NA,NA,NA,NA,NA,"","0000-0002-0205-7735","0000-0003-0562-3007",NA,"68820b3f-c5b0-47e7-adfa-80ff6194bfb6","ABBY_062.basePlot.vst","2018-07-26","vst_ABBY_2018","D16","ABBY","ABBY_062",41,NA,43,6.2,315.1,"","","","NEON.DOC.000987vG","Pseudotsuga menziesii (Mirb.) Franco var. menziesii","variety",NA,NA,NA,"","","hspencer@battelleecology.org","ccordell@battelleecology.org",NA,1,3.95,2020-09-25,"Pseudotsuga menziesii var. menziesii","mh",NA,"PSMEM","","Douglas-fir","Pseudotsuga menziesii var. menziesii",5,"jenkins2003","USA",1,0.56,-2.48,2.4835,0.360458,NA,NA,NA,NA,NA,NA,NA,NA,NA,"ABBY_062_vst_ABBY_2020","d6adf231-ed45-4c9b-88de-dbdc6282aaa1","ABBY_062.basePlot.vst",2020-08-26,"D16","ABBY","tower","evergreenForest",45.763476,-122.328069,"WGS84",20.1,552250.39,5067988.12,"10N",342.2,0.2,"OK","vst_ABBY_2020","towerSubset","allGrowthForms","39 | 41","NEON.DOC.000987vJ","Y","Y","Y","Y","presentInAll","Y","presentInAll","N",NA,25,"noneSelected",800,100,800,"Ferns present but not sampled AY20.",2021,"neon_abby2021","ABBY_062_vst_ABBY_2020"
"85","PSMEM","ABBY_073","NEON.PLA.D16.ABBY.00024",1,"ok","single bole tree","Live",79.3,130,"noChange",45.5,NA,NA,NA,9.2,6.7,"","",NA,NA,NA,NA,NA,NA,NA,NA,NA,NA,NA,NA,"","0000-0001-9713-5304","0000-0002-7203-5072",NA,"59d9537e-fa41-4a90-9ebd-bbdd2c9510a3","ABBY_073.basePlot.vst","2016-10-12","vst_ABBY_2016","D16","ABBY","ABBY_073",23,NA,25,11.1,325,"","","","NEON.DOC.000987vE","Pseudotsuga menziesii (Mirb.) Franco var. menziesii","variety",NA,NA,NA,"","","wsalas@field-ops.org","bgorzek@field-ops.org",NA,1,7.95,2020-09-25,"Pseudotsuga menziesii var. menziesii","mh",NA,"PSMEM","","Douglas-fir","Pseudotsuga menziesii var. menziesii",5,"jenkins2003","USA",1,0.56,-2.48,2.4835,0.360458,NA,NA,NA,NA,NA,NA,NA,NA,NA,"ABBY_073_vst_ABBY_2020","80f00bfb-76b5-448e-b0a5-bd28fb04583d","ABBY_073.basePlot.vst",2020-08-26,"D16","ABBY","tower","evergreenForest",45.762944,-122.324601,"WGS84",20.1,552520.56,5067931.28,"10N",336.5,0.1,"OK","vst_ABBY_2020","towerSubset","allGrowthForms","23 | 39","NEON.DOC.000987vJ","Y","Y","Y","Y","presentInAll","Y","presentInAll","N",NA,10,"noneSelected",800,40,800,"Ferns present but not sampled AY20.",2021,"neon_abby2021","ABBY_073_vst_ABBY_2020"
"86","PSMEM","ABBY_073","NEON.PLA.D16.ABBY.03589",1,"ok","single bole tree","Live",14.1,130,"noChange",10.5,NA,NA,NA,4.7,3.9,"Partially shaded","",NA,NA,NA,NA,NA,NA,NA,NA,NA,NA,NA,NA,"","0000-0001-9713-5304","0000-0002-7203-5072",NA,"ea862193-eb78-4043-82c4-32017cc1394e","ABBY_073.basePlot.vst","2019-10-28","vst_ABBY_2019","D16","ABBY","ABBY_073",23,NA,41,12.2,171.2,"map and tag","","","NEON.DOC.000987vH","Pseudotsuga menziesii (Mirb.) Franco var. menziesii","variety",NA,NA,NA,"","","0000-0001-8510-4041","0000-0003-2593-761X",NA,1,4.3,2020-09-25,"Pseudotsuga menziesii var. menziesii","mh",NA,"PSMEM","","Douglas-fir","Pseudotsuga menziesii var. menziesii",5,"jenkins2003","USA",1,0.56,-2.48,2.4835,0.360458,NA,NA,NA,NA,NA,NA,NA,NA,NA,"ABBY_073_vst_ABBY_2020","80f00bfb-76b5-448e-b0a5-bd28fb04583d","ABBY_073.basePlot.vst",2020-08-26,"D16","ABBY","tower","evergreenForest",45.762944,-122.324601,"WGS84",20.1,552520.56,5067931.28,"10N",336.5,0.1,"OK","vst_ABBY_2020","towerSubset","allGrowthForms","23 | 39","NEON.DOC.000987vJ","Y","Y","Y","Y","presentInAll","Y","presentInAll","N",NA,10,"noneSelected",800,40,800,"Ferns present but not sampled AY20.",2021,"neon_abby2021","ABBY_073_vst_ABBY_2020"
"87","PSMEM","ABBY_070","NEON.PLA.D16.ABBY.02863",NA,"ok","single bole tree","Live",16.4,130,"noChange",10.1,NA,NA,NA,5.1,4.4,"Partially shaded","",NA,NA,NA,NA,NA,NA,NA,NA,NA,NA,NA,NA,"","0000-0002-2759-254X","0000-0001-9521-413X",NA,"b2976675-9d86-43bf-8b7f-2417036d1d06","ABBY_070.basePlot.vst","2017-09-26","vst_ABBY_2017","D16","ABBY","ABBY_070",21,NA,31,5,290.2,"","","","NEON.DOC.000987vG","Pseudotsuga menziesii (Mirb.) Franco var. menziesii","variety",NA,NA,NA,"","","Eolsen@battelleecology.org","Kchilders@battelleecology.org",NA,1,4.75,2020-09-24,"Pseudotsuga menziesii var. menziesii","mh",NA,"PSMEM","","Douglas-fir","Pseudotsuga menziesii var. menziesii",5,"jenkins2003","USA",1,0.56,-2.48,2.4835,0.360458,NA,NA,NA,NA,NA,NA,NA,NA,NA,"ABBY_070_vst_ABBY_2020","8b88ad30-ba5a-4e07-ac8d-2be764c6c3e0","ABBY_070.basePlot.vst",2020-08-26,"D16","ABBY","tower","evergreenForest",45.761334,-122.330793,"WGS84",20.1,552040.56,5067748.36,"10N",363.1,0.1,"OK","vst_ABBY_2020","towerSubset","allGrowthForms","21 | 39","NEON.DOC.000987vJ","Y","Y","Y","Y","presentInAll","Y","presentInAll","N",NA,100,"noneSelected",800,400,800,"Ferns present but not sampled AY20.",2021,"neon_abby2021","ABBY_070_vst_ABBY_2020"
"88","PSMEM","ABBY_070","NEON.PLA.D16.ABBY.00736",NA,"ok","single bole tree","Live",17,130,"noChange",11.8,NA,NA,NA,4.7,4.2,"Partially shaded","",NA,NA,NA,NA,NA,NA,NA,NA,NA,NA,NA,NA,"","0000-0002-2759-254X","0000-0001-9521-413X",NA,"e5da1ca7-0f6e-40c9-a932-10a9ed9049d4","ABBY_070.basePlot.vst","2015-07-29","vst_ABBY_2015","D16","ABBY","ABBY_070",21,4,41,4.7,189.4,"","","","NEON.DOC.000987vE","Pseudotsuga menziesii (Mirb.) Franco var. menziesii","variety",NA,NA,NA,"","updated taxonID from PSME to PSMEM","ccordell@battelleecology.org","jschempf@battelleecology.org",NA,1,4.45,2020-09-24,"Pseudotsuga menziesii var. menziesii","mh",NA,"PSMEM","","Douglas-fir","Pseudotsuga menziesii var. menziesii",5,"jenkins2003","USA",1,0.56,-2.48,2.4835,0.360458,NA,NA,NA,NA,NA,NA,NA,NA,NA,"ABBY_070_vst_ABBY_2020","8b88ad30-ba5a-4e07-ac8d-2be764c6c3e0","ABBY_070.basePlot.vst",2020-08-26,"D16","ABBY","tower","evergreenForest",45.761334,-122.330793,"WGS84",20.1,552040.56,5067748.36,"10N",363.1,0.1,"OK","vst_ABBY_2020","towerSubset","allGrowthForms","21 | 39","NEON.DOC.000987vJ","Y","Y","Y","Y","presentInAll","Y","presentInAll","N",NA,100,"noneSelected",800,400,800,"Ferns present but not sampled AY20.",2021,"neon_abby2021","ABBY_070_vst_ABBY_2020"
"89","PSMEM","ABBY_070","NEON.PLA.D16.ABBY.00675",NA,"ok","single bole tree","Live",23,130,"noChange",11.7,NA,NA,NA,5.6,5.3,"Partially shaded","",NA,NA,NA,NA,NA,NA,NA,NA,NA,NA,NA,NA,"","0000-0002-7203-5072","0000-0003-0562-3007",NA,"9c03468a-1f92-49ce-9e65-8583f0927259","ABBY_070.basePlot.vst","2015-07-29","vst_ABBY_2015","D16","ABBY","ABBY_070",39,1,49,5,210,"","","","NEON.DOC.000987vE","Pseudotsuga menziesii (Mirb.) Franco var. menziesii","variety",NA,NA,NA,"","updated taxonID from PSME to PSMEM","kzias@field-ops.org","shiebert@neoninc.org",NA,1,5.45,2020-09-23,"Pseudotsuga menziesii var. menziesii","mh",NA,"PSMEM","","Douglas-fir","Pseudotsuga menziesii var. menziesii",5,"jenkins2003","USA",1,0.56,-2.48,2.4835,0.360458,NA,NA,NA,NA,NA,NA,NA,NA,NA,"ABBY_070_vst_ABBY_2020","8b88ad30-ba5a-4e07-ac8d-2be764c6c3e0","ABBY_070.basePlot.vst",2020-08-26,"D16","ABBY","tower","evergreenForest",45.761334,-122.330793,"WGS84",20.1,552040.56,5067748.36,"10N",363.1,0.1,"OK","vst_ABBY_2020","towerSubset","allGrowthForms","21 | 39","NEON.DOC.000987vJ","Y","Y","Y","Y","presentInAll","Y","presentInAll","N",NA,100,"noneSelected",800,400,800,"Ferns present but not sampled AY20.",2021,"neon_abby2021","ABBY_070_vst_ABBY_2020"
"90","PSMEM","ABBY_070","NEON.PLA.D16.ABBY.00665",1,"ok","single bole tree","Live",13.4,135,"noChange",9.6,NA,NA,NA,4.6,4.5,"Partially shaded","",NA,NA,NA,NA,NA,NA,NA,NA,NA,NA,NA,NA,"","0000-0002-7203-5072","0000-0003-0562-3007",NA,"d4cad995-3f6b-4041-a589-6732b6298ac4","ABBY_070.basePlot.vst","2020-11-16","vst_ABBY_2020","D16","ABBY","ABBY_070",39,NA,57,12.1,141.3,"map and tag","","","NEON.DOC.000987vJ","Pseudotsuga menziesii (Mirb.) Franco var. menziesii","variety",NA,NA,NA,"","","0000-0001-9521-413X","0000-0002-2759-254X",NA,1,4.55,2020-09-23,"Pseudotsuga menziesii var. menziesii","mh",NA,"PSMEM","","Douglas-fir","Pseudotsuga menziesii var. menziesii",5,"jenkins2003","USA",1,0.56,-2.48,2.4835,0.360458,NA,NA,NA,NA,NA,NA,NA,NA,NA,"ABBY_070_vst_ABBY_2020","8b88ad30-ba5a-4e07-ac8d-2be764c6c3e0","ABBY_070.basePlot.vst",2020-08-26,"D16","ABBY","tower","evergreenForest",45.761334,-122.330793,"WGS84",20.1,552040.56,5067748.36,"10N",363.1,0.1,"OK","vst_ABBY_2020","towerSubset","allGrowthForms","21 | 39","NEON.DOC.000987vJ","Y","Y","Y","Y","presentInAll","Y","presentInAll","N",NA,100,"noneSelected",800,400,800,"Ferns present but not sampled AY20.",2021,"neon_abby2021","ABBY_070_vst_ABBY_2020"
"91","PSMEM","ABBY_061","NEON.PLA.D16.ABBY.00716",NA,"ok","single bole tree","Standing dead",10.3,130,"noChange",7.1,NA,NA,NA,2.9,2.5,"Partially shaded","",NA,NA,NA,NA,NA,NA,NA,NA,NA,NA,NA,NA,"","0000-0003-0562-3007","0000-0001-8510-4041",NA,"2ecd73ee-46fe-4598-ad17-abc2ced53921","ABBY_061.basePlot.vst","2015-07-29","vst_ABBY_2015","D16","ABBY","ABBY_061",21,4,41,5.8,260.4,"","","","NEON.DOC.000987vE","Pseudotsuga menziesii (Mirb.) Franco var. menziesii","variety",NA,NA,NA,"","","krian@neoninc.org","lwade@field-ops.org",NA,0,2.7,2020-09-23,"Pseudotsuga menziesii var. menziesii","mh",NA,"PSMEM","","Douglas-fir","Pseudotsuga menziesii var. menziesii",5,"jenkins2003","USA",1,0.56,-2.48,2.4835,0.360458,NA,NA,NA,NA,NA,NA,NA,NA,NA,"ABBY_061_vst_ABBY_2020","11747686-bb34-4a45-8b5c-ce1766d6d657","ABBY_061.basePlot.vst",2020-08-26,"D16","ABBY","tower","evergreenForest",45.762451,-122.331158,"WGS84",20.1,552011.14,5067872.22,"10N",362.8,0.1,"OK","vst_ABBY_2020","towerSubset","allGrowthForms","21 | 39","NEON.DOC.000987vJ","Y","Y","Y","Y","presentInAll","Y","presentInAll","N",NA,100,"noneSelected",800,400,800,"Ferns present but not sampled AY20.",2021,"neon_abby2021","ABBY_061_vst_ABBY_2020"
"92","PSMEM","ABBY_061","NEON.PLA.D16.ABBY.00643",NA,"ok","single bole tree","Live",17.9,130,"noChange",12.2,NA,NA,NA,6.2,5.2,"Partially shaded","",NA,NA,NA,NA,NA,NA,NA,NA,NA,NA,NA,NA,"","0000-0003-2593-761X","0000-0002-0205-7735",NA,"cad7ce05-53cb-4ea9-a22f-490f5eb4ef96","ABBY_061.basePlot.vst","2015-07-29","vst_ABBY_2015","D16","ABBY","ABBY_061",39,1,49,6.5,228.8,"","","","NEON.DOC.000987vE","Pseudotsuga menziesii (Mirb.) Franco var. menziesii","variety",NA,NA,NA,"","","kzias@field-ops.org","shiebert@neoninc.org",NA,1,5.7,2020-09-23,"Pseudotsuga menziesii var. menziesii","mh",NA,"PSMEM","","Douglas-fir","Pseudotsuga menziesii var. menziesii",5,"jenkins2003","USA",1,0.56,-2.48,2.4835,0.360458,NA,NA,NA,NA,NA,NA,NA,NA,NA,"ABBY_061_vst_ABBY_2020","11747686-bb34-4a45-8b5c-ce1766d6d657","ABBY_061.basePlot.vst",2020-08-26,"D16","ABBY","tower","evergreenForest",45.762451,-122.331158,"WGS84",20.1,552011.14,5067872.22,"10N",362.8,0.1,"OK","vst_ABBY_2020","towerSubset","allGrowthForms","21 | 39","NEON.DOC.000987vJ","Y","Y","Y","Y","presentInAll","Y","presentInAll","N",NA,100,"noneSelected",800,400,800,"Ferns present but not sampled AY20.",2021,"neon_abby2021","ABBY_061_vst_ABBY_2020"
"93","PSMEM","ABBY_062","NEON.PLA.D16.ABBY.00282",NA,"ok","single bole tree","Live",19.3,130,"noChange",10.6,NA,NA,NA,5.4,5.3,"Partially shaded","",NA,NA,NA,NA,NA,NA,NA,NA,NA,NA,NA,NA,"","0000-0002-4816-2610","0000-0003-2593-761X",NA,"31536a2a-25cd-42a0-80e7-9cb8de857553","ABBY_062.basePlot.vst","2016-10-19","vst_ABBY_2016","D16","ABBY","ABBY_062",39,NA,41,14.3,346.1,"","","","NEON.DOC.000987vE","Pseudotsuga menziesii (Mirb.) Franco var. menziesii","variety",NA,NA,NA,"","","vschmitt@field-ops.org","ndeweese@field-ops.org",NA,1,5.35,2020-09-25,"Pseudotsuga menziesii var. menziesii","mh",NA,"PSMEM","","Douglas-fir","Pseudotsuga menziesii var. menziesii",5,"jenkins2003","USA",1,0.56,-2.48,2.4835,0.360458,NA,NA,NA,NA,NA,NA,NA,NA,NA,"ABBY_062_vst_ABBY_2020","d6adf231-ed45-4c9b-88de-dbdc6282aaa1","ABBY_062.basePlot.vst",2020-08-26,"D16","ABBY","tower","evergreenForest",45.763476,-122.328069,"WGS84",20.1,552250.39,5067988.12,"10N",342.2,0.2,"OK","vst_ABBY_2020","towerSubset","allGrowthForms","39 | 41","NEON.DOC.000987vJ","Y","Y","Y","Y","presentInAll","Y","presentInAll","N",NA,25,"noneSelected",800,100,800,"Ferns present but not sampled AY20.",2021,"neon_abby2021","ABBY_062_vst_ABBY_2020"
"94","PSMEM","ABBY_062","NEON.PLA.D16.ABBY.00790",1,"ok","single bole tree","Live",14.5,130,"noChange",10.3,NA,NA,NA,4.2,4.1,"Partially shaded","",NA,NA,NA,NA,NA,NA,NA,NA,NA,NA,NA,NA,"","0000-0002-4816-2610","0000-0003-2593-761X",NA,"52abac93-4c7e-4cbc-b3c4-c1b69d1395fc","ABBY_062.basePlot.vst","2020-11-16","vst_ABBY_2020","D16","ABBY","ABBY_062",39,NA,39,5.8,52.9,"map and tag","","","NEON.DOC.000987vJ","Pseudotsuga menziesii (Mirb.) Franco var. menziesii","variety",NA,NA,NA,"","","0000-0001-9521-413X","0000-0002-2759-254X",NA,1,4.15,2020-09-25,"Pseudotsuga menziesii var. menziesii","mh",NA,"PSMEM","","Douglas-fir","Pseudotsuga menziesii var. menziesii",5,"jenkins2003","USA",1,0.56,-2.48,2.4835,0.360458,NA,NA,NA,NA,NA,NA,NA,NA,NA,"ABBY_062_vst_ABBY_2020","d6adf231-ed45-4c9b-88de-dbdc6282aaa1","ABBY_062.basePlot.vst",2020-08-26,"D16","ABBY","tower","evergreenForest",45.763476,-122.328069,"WGS84",20.1,552250.39,5067988.12,"10N",342.2,0.2,"OK","vst_ABBY_2020","towerSubset","allGrowthForms","39 | 41","NEON.DOC.000987vJ","Y","Y","Y","Y","presentInAll","Y","presentInAll","N",NA,25,"noneSelected",800,100,800,"Ferns present but not sampled AY20.",2021,"neon_abby2021","ABBY_062_vst_ABBY_2020"
"95","PSMEM","ABBY_073","NEON.PLA.D16.ABBY.00028",1,"ok","single bole tree","Live",70.9,130,"noChange",47.7,NA,NA,NA,9.2,9.1,"Full sun","",NA,NA,NA,NA,NA,NA,NA,NA,NA,NA,NA,NA,"","0000-0001-9713-5304","0000-0002-7203-5072",NA,"dbdc84fe-026b-4bf2-af15-fc4c2e14dcd9","ABBY_073.basePlot.vst","2016-10-12","vst_ABBY_2016","D16","ABBY","ABBY_073",23,NA,25,12.7,291.5,"","","","NEON.DOC.000987vE","Pseudotsuga menziesii (Mirb.) Franco var. menziesii","variety",NA,NA,NA,"","","wsalas@field-ops.org","bgorzek@field-ops.org",NA,1,9.15,2020-09-25,"Pseudotsuga menziesii var. menziesii","mh",NA,"PSMEM","","Douglas-fir","Pseudotsuga menziesii var. menziesii",5,"jenkins2003","USA",1,0.56,-2.48,2.4835,0.360458,NA,NA,NA,NA,NA,NA,NA,NA,NA,"ABBY_073_vst_ABBY_2020","80f00bfb-76b5-448e-b0a5-bd28fb04583d","ABBY_073.basePlot.vst",2020-08-26,"D16","ABBY","tower","evergreenForest",45.762944,-122.324601,"WGS84",20.1,552520.56,5067931.28,"10N",336.5,0.1,"OK","vst_ABBY_2020","towerSubset","allGrowthForms","23 | 39","NEON.DOC.000987vJ","Y","Y","Y","Y","presentInAll","Y","presentInAll","N",NA,10,"noneSelected",800,40,800,"Ferns present but not sampled AY20.",2021,"neon_abby2021","ABBY_073_vst_ABBY_2020"
"96","PSMEM","ABBY_070","NEON.PLA.D16.ABBY.01674",NA,"ok","single bole tree","Live",13.9,130,"noChange",10.8,NA,NA,NA,4.4,3.9,"Partially shaded","",NA,NA,NA,NA,NA,NA,NA,NA,NA,NA,NA,NA,"","0000-0002-2759-254X","0000-0001-9521-413X",NA,"173da1af-34c7-4a14-bd32-5837b05080f0","ABBY_070.basePlot.vst","2018-07-31","vst_ABBY_2018","D16","ABBY","ABBY_070",21,NA,39,4.5,157.9,"","","","NEON.DOC.000987vG","Pseudotsuga menziesii (Mirb.) Franco var. menziesii","variety",NA,NA,NA,"","","ccordell@battelleecology.org","klazarus@battelleecology.org",NA,1,4.15,2020-09-24,"Pseudotsuga menziesii var. menziesii","mh",NA,"PSMEM","","Douglas-fir","Pseudotsuga menziesii var. menziesii",5,"jenkins2003","USA",1,0.56,-2.48,2.4835,0.360458,NA,NA,NA,NA,NA,NA,NA,NA,NA,"ABBY_070_vst_ABBY_2020","8b88ad30-ba5a-4e07-ac8d-2be764c6c3e0","ABBY_070.basePlot.vst",2020-08-26,"D16","ABBY","tower","evergreenForest",45.761334,-122.330793,"WGS84",20.1,552040.56,5067748.36,"10N",363.1,0.1,"OK","vst_ABBY_2020","towerSubset","allGrowthForms","21 | 39","NEON.DOC.000987vJ","Y","Y","Y","Y","presentInAll","Y","presentInAll","N",NA,100,"noneSelected",800,400,800,"Ferns present but not sampled AY20.",2021,"neon_abby2021","ABBY_070_vst_ABBY_2020"
"97","PSMEM","ABBY_061","NEON.PLA.D16.ABBY.00532",NA,"ok","single bole tree","Live",11,130,"noChange",8.2,NA,NA,NA,3.8,3.7,"Partially shaded","",NA,NA,NA,NA,NA,NA,NA,NA,NA,NA,NA,NA,"","0000-0003-2593-761X","0000-0002-0205-7735",NA,"4331fc8a-11a6-4686-a285-2ea3cbdf1432","ABBY_061.basePlot.vst","2019-10-22","vst_ABBY_2019","D16","ABBY","ABBY_061",39,NA,49,7.5,204.1,"map and tag","","","NEON.DOC.000987vH","Pseudotsuga menziesii (Mirb.) Franco var. menziesii","variety",NA,NA,NA,"","","0000-0001-8510-4041","0000-0003-2593-761X",NA,1,3.75,2020-09-23,"Pseudotsuga menziesii var. menziesii","mh",NA,"PSMEM","","Douglas-fir","Pseudotsuga menziesii var. menziesii",5,"jenkins2003","USA",1,0.56,-2.48,2.4835,0.360458,NA,NA,NA,NA,NA,NA,NA,NA,NA,"ABBY_061_vst_ABBY_2020","11747686-bb34-4a45-8b5c-ce1766d6d657","ABBY_061.basePlot.vst",2020-08-26,"D16","ABBY","tower","evergreenForest",45.762451,-122.331158,"WGS84",20.1,552011.14,5067872.22,"10N",362.8,0.1,"OK","vst_ABBY_2020","towerSubset","allGrowthForms","21 | 39","NEON.DOC.000987vJ","Y","Y","Y","Y","presentInAll","Y","presentInAll","N",NA,100,"noneSelected",800,400,800,"Ferns present but not sampled AY20.",2021,"neon_abby2021","ABBY_061_vst_ABBY_2020"
"98","PSMEM","ABBY_061","NEON.PLA.D16.ABBY.03763",NA,"ok","single bole tree","Live",13,130,"noChange",9.1,NA,NA,NA,4,3.2,"Partially shaded","",NA,NA,NA,NA,NA,NA,NA,NA,NA,NA,NA,NA,"","0000-0003-0562-3007","0000-0001-8510-4041",NA,"2304f9aa-8634-4efc-8516-378fb0d04cbc","ABBY_061.basePlot.vst","2018-07-31","vst_ABBY_2018","D16","ABBY","ABBY_061",21,NA,23,4.9,300.9,"","","","NEON.DOC.000987vG","Pseudotsuga menziesii (Mirb.) Franco var. menziesii","variety",NA,NA,NA,"","","Jzemaitis@battelleecology.org","ccordell@battelleecology.org",NA,1,3.6,2020-09-23,"Pseudotsuga menziesii var. menziesii","mh",NA,"PSMEM","","Douglas-fir","Pseudotsuga menziesii var. menziesii",5,"jenkins2003","USA",1,0.56,-2.48,2.4835,0.360458,NA,NA,NA,NA,NA,NA,NA,NA,NA,"ABBY_061_vst_ABBY_2020","11747686-bb34-4a45-8b5c-ce1766d6d657","ABBY_061.basePlot.vst",2020-08-26,"D16","ABBY","tower","evergreenForest",45.762451,-122.331158,"WGS84",20.1,552011.14,5067872.22,"10N",362.8,0.1,"OK","vst_ABBY_2020","towerSubset","allGrowthForms","21 | 39","NEON.DOC.000987vJ","Y","Y","Y","Y","presentInAll","Y","presentInAll","N",NA,100,"noneSelected",800,400,800,"Ferns present but not sampled AY20.",2021,"neon_abby2021","ABBY_061_vst_ABBY_2020"
"99","PSMEM","ABBY_070","NEON.PLA.D16.ABBY.03374",1,"ok","single bole tree","Live",13.5,140,"noChange",8,NA,NA,NA,4.8,4.4,"Partially shaded","",NA,NA,NA,NA,NA,NA,NA,NA,NA,NA,NA,NA,"","0000-0002-7203-5072","0000-0003-0562-3007",NA,"d29f3db4-f9ff-473e-a791-a67421026c87","ABBY_070.basePlot.vst","2021-01-07","vst_ABBY_2020","D16","ABBY","ABBY_070",21,NA,41,5.8,269.2,"map and tag","","","NEON.DOC.000987vJ","Pseudotsuga menziesii (Mirb.) Franco var. menziesii","variety",NA,NA,NA,"","","0000-0001-8510-4041","0000-0001-6193-1800",NA,1,4.6,2020-09-23,"Pseudotsuga menziesii var. menziesii","mh",NA,"PSMEM","","Douglas-fir","Pseudotsuga menziesii var. menziesii",5,"jenkins2003","USA",1,0.56,-2.48,2.4835,0.360458,NA,NA,NA,NA,NA,NA,NA,NA,NA,"ABBY_070_vst_ABBY_2020","8b88ad30-ba5a-4e07-ac8d-2be764c6c3e0","ABBY_070.basePlot.vst",2020-08-26,"D16","ABBY","tower","evergreenForest",45.761334,-122.330793,"WGS84",20.1,552040.56,5067748.36,"10N",363.1,0.1,"OK","vst_ABBY_2020","towerSubset","allGrowthForms","21 | 39","NEON.DOC.000987vJ","Y","Y","Y","Y","presentInAll","Y","presentInAll","N",NA,100,"noneSelected",800,400,800,"Ferns present but not sampled AY20.",2021,"neon_abby2021","ABBY_070_vst_ABBY_2020"
"100","PSMEM","ABBY_062","NEON.PLA.D16.ABBY.00909",NA,"ok","single bole tree","Live",15.5,120,"noChange",10.9,NA,NA,NA,4.5,4.1,"Partially shaded","",NA,NA,NA,NA,NA,NA,NA,NA,NA,NA,NA,NA,"","0000-0002-0205-7735","0000-0003-0562-3007",NA,"dbc507e8-aa3a-49ba-bfcb-7bc43b073b09","ABBY_062.basePlot.vst","2016-10-19","vst_ABBY_2016","D16","ABBY","ABBY_062",41,1,41,7.6,8.1,"","","","NEON.DOC.000987vE","Pseudotsuga menziesii (Mirb.) Franco var. menziesii","variety",NA,NA,NA,"","","ndeweese@field-ops.org","vschmitt@field-ops.org",NA,1,4.3,2020-09-25,"Pseudotsuga menziesii var. menziesii","mh",NA,"PSMEM","","Douglas-fir","Pseudotsuga menziesii var. menziesii",5,"jenkins2003","USA",1,0.56,-2.48,2.4835,0.360458,NA,NA,NA,NA,NA,NA,NA,NA,NA,"ABBY_062_vst_ABBY_2020","d6adf231-ed45-4c9b-88de-dbdc6282aaa1","ABBY_062.basePlot.vst",2020-08-26,"D16","ABBY","tower","evergreenForest",45.763476,-122.328069,"WGS84",20.1,552250.39,5067988.12,"10N",342.2,0.2,"OK","vst_ABBY_2020","towerSubset","allGrowthForms","39 | 41","NEON.DOC.000987vJ","Y","Y","Y","Y","presentInAll","Y","presentInAll","N",NA,25,"noneSelected",800,100,800,"Ferns present but not sampled AY20.",2021,"neon_abby2021","ABBY_062_vst_ABBY_2020"
"101","PSMEM","ABBY_062","NEON.PLA.D16.ABBY.03386",NA,"ok","single bole tree","Live",12.5,130,"noChange",9.7,NA,NA,NA,4,3.7,"Partially shaded","",NA,NA,NA,NA,NA,NA,NA,NA,NA,NA,NA,NA,"","0000-0002-4816-2610","0000-0003-2593-761X",NA,"c4c3a170-2e0e-4bdd-a849-43df558d0f37","ABBY_062.basePlot.vst","2018-09-20","vst_ABBY_2018","D16","ABBY","ABBY_062",39,NA,57,13,151.1,"","","","NEON.DOC.000987vG","Pseudotsuga menziesii (Mirb.) Franco var. menziesii","variety",NA,NA,NA,"","","klazarus@battelleecology.org","kwells@battelleecology.org",NA,1,3.85,2020-09-25,"Pseudotsuga menziesii var. menziesii","mh",NA,"PSMEM","","Douglas-fir","Pseudotsuga menziesii var. menziesii",5,"jenkins2003","USA",1,0.56,-2.48,2.4835,0.360458,NA,NA,NA,NA,NA,NA,NA,NA,NA,"ABBY_062_vst_ABBY_2020","d6adf231-ed45-4c9b-88de-dbdc6282aaa1","ABBY_062.basePlot.vst",2020-08-26,"D16","ABBY","tower","evergreenForest",45.763476,-122.328069,"WGS84",20.1,552250.39,5067988.12,"10N",342.2,0.2,"OK","vst_ABBY_2020","towerSubset","allGrowthForms","39 | 41","NEON.DOC.000987vJ","Y","Y","Y","Y","presentInAll","Y","presentInAll","N",NA,25,"noneSelected",800,100,800,"Ferns present but not sampled AY20.",2021,"neon_abby2021","ABBY_062_vst_ABBY_2020"
"102","PSMEM","ABBY_073","NEON.PLA.D16.ABBY.07469",1,"ok","single bole tree","Live",11.3,130,"noChange",9.6,NA,NA,NA,3.7,3.7,"Partially shaded","",NA,NA,NA,NA,NA,NA,NA,NA,NA,NA,NA,NA,"","0000-0001-9521-413X","0000-0002-2759-254X",NA,"a2883a70-afab-4e05-940b-9ea82fff38b5","ABBY_073.basePlot.vst","2020-09-25","vst_ABBY_2020","D16","ABBY","ABBY_073",39,NA,57,11.4,166.5,"map and tag","","","NEON.DOC.000987vJ","Pseudotsuga menziesii (Mirb.) Franco var. menziesii","variety",NA,NA,NA,"","","0000-0002-2759-254X","0000-0001-9521-413X",NA,1,3.7,2020-09-25,"Pseudotsuga menziesii var. menziesii","mh",NA,"PSMEM","","Douglas-fir","Pseudotsuga menziesii var. menziesii",5,"jenkins2003","USA",1,0.56,-2.48,2.4835,0.360458,NA,NA,NA,NA,NA,NA,NA,NA,NA,"ABBY_073_vst_ABBY_2020","80f00bfb-76b5-448e-b0a5-bd28fb04583d","ABBY_073.basePlot.vst",2020-08-26,"D16","ABBY","tower","evergreenForest",45.762944,-122.324601,"WGS84",20.1,552520.56,5067931.28,"10N",336.5,0.1,"OK","vst_ABBY_2020","towerSubset","allGrowthForms","23 | 39","NEON.DOC.000987vJ","Y","Y","Y","Y","presentInAll","Y","presentInAll","N",NA,10,"noneSelected",800,40,800,"Ferns present but not sampled AY20.",2021,"neon_abby2021","ABBY_073_vst_ABBY_2020"
"103","PSMEM","ABBY_070","NEON.PLA.D16.ABBY.00673",NA,"ok","single bole tree","Live",16,150,"noChange",10.6,NA,NA,NA,5,4.7,"Partially shaded","",NA,NA,NA,NA,NA,NA,NA,NA,NA,NA,NA,NA,"","0000-0002-7203-5072","0000-0003-0562-3007",NA,"048e7bd2-45d9-43ed-a31c-3a88be500052","ABBY_070.basePlot.vst","2015-07-29","vst_ABBY_2015","D16","ABBY","ABBY_070",39,1,39,5.6,82.8,"","","","NEON.DOC.000987vE","Pseudotsuga menziesii (Mirb.) Franco var. menziesii","variety",NA,NA,NA,"","updated taxonID from PSME to PSMEM","kzias@field-ops.org","shiebert@neoninc.org",NA,1,4.85,2020-09-23,"Pseudotsuga menziesii var. menziesii","mh",NA,"PSMEM","","Douglas-fir","Pseudotsuga menziesii var. menziesii",5,"jenkins2003","USA",1,0.56,-2.48,2.4835,0.360458,NA,NA,NA,NA,NA,NA,NA,NA,NA,"ABBY_070_vst_ABBY_2020","8b88ad30-ba5a-4e07-ac8d-2be764c6c3e0","ABBY_070.basePlot.vst",2020-08-26,"D16","ABBY","tower","evergreenForest",45.761334,-122.330793,"WGS84",20.1,552040.56,5067748.36,"10N",363.1,0.1,"OK","vst_ABBY_2020","towerSubset","allGrowthForms","21 | 39","NEON.DOC.000987vJ","Y","Y","Y","Y","presentInAll","Y","presentInAll","N",NA,100,"noneSelected",800,400,800,"Ferns present but not sampled AY20.",2021,"neon_abby2021","ABBY_070_vst_ABBY_2020"
"104","PSMEM","ABBY_070","NEON.PLA.D16.ABBY.03375",NA,"ok","single bole tree","Live",13.2,130,"noChange",10,NA,NA,NA,4.3,4.2,"Mostly shaded","",NA,NA,NA,NA,NA,NA,NA,NA,NA,NA,NA,NA,"","0000-0002-7203-5072","0000-0003-0562-3007",NA,"a67fa1e9-6aa1-4048-a52c-6c3a4b6aa993","ABBY_070.basePlot.vst","2018-07-31","vst_ABBY_2018","D16","ABBY","ABBY_070",39,NA,41,8.2,308,"","","","NEON.DOC.000987vG","Pseudotsuga menziesii (Mirb.) Franco var. menziesii","variety",NA,NA,NA,"","","klazarus@battelleecology.org","ccordell@battelleecology.org",NA,1,4.25,2020-09-23,"Pseudotsuga menziesii var. menziesii","mh",NA,"PSMEM","","Douglas-fir","Pseudotsuga menziesii var. menziesii",5,"jenkins2003","USA",1,0.56,-2.48,2.4835,0.360458,NA,NA,NA,NA,NA,NA,NA,NA,NA,"ABBY_070_vst_ABBY_2020","8b88ad30-ba5a-4e07-ac8d-2be764c6c3e0","ABBY_070.basePlot.vst",2020-08-26,"D16","ABBY","tower","evergreenForest",45.761334,-122.330793,"WGS84",20.1,552040.56,5067748.36,"10N",363.1,0.1,"OK","vst_ABBY_2020","towerSubset","allGrowthForms","21 | 39","NEON.DOC.000987vJ","Y","Y","Y","Y","presentInAll","Y","presentInAll","N",NA,100,"noneSelected",800,400,800,"Ferns present but not sampled AY20.",2021,"neon_abby2021","ABBY_070_vst_ABBY_2020"
"105","PSMEM","ABBY_061","NEON.PLA.D16.ABBY.03759",NA,"ok","single bole tree","Live",14.4,130,"noChange",8.1,NA,NA,NA,4.7,4,"Partially shaded","",NA,NA,NA,NA,NA,NA,NA,NA,NA,NA,NA,NA,"","0000-0002-7203-5072","0000-0001-9521-413X",NA,"98a5f4dc-52b0-4913-a73e-9d672e00eac1","ABBY_061.basePlot.vst","2018-07-31","vst_ABBY_2018","D16","ABBY","ABBY_061",21,NA,31,6.9,321.8,"","","","NEON.DOC.000987vG","Pseudotsuga menziesii (Mirb.) Franco var. menziesii","variety",NA,NA,NA,"","","Jzemaitis@battelleecology.org","ccordell@battelleecology.org",NA,1,4.35,2020-09-23,"Pseudotsuga menziesii var. menziesii","mh",NA,"PSMEM","","Douglas-fir","Pseudotsuga menziesii var. menziesii",5,"jenkins2003","USA",1,0.56,-2.48,2.4835,0.360458,NA,NA,NA,NA,NA,NA,NA,NA,NA,"ABBY_061_vst_ABBY_2020","11747686-bb34-4a45-8b5c-ce1766d6d657","ABBY_061.basePlot.vst",2020-08-26,"D16","ABBY","tower","evergreenForest",45.762451,-122.331158,"WGS84",20.1,552011.14,5067872.22,"10N",362.8,0.1,"OK","vst_ABBY_2020","towerSubset","allGrowthForms","21 | 39","NEON.DOC.000987vJ","Y","Y","Y","Y","presentInAll","Y","presentInAll","N",NA,100,"noneSelected",800,400,800,"Ferns present but not sampled AY20.",2021,"neon_abby2021","ABBY_061_vst_ABBY_2020"
"106","PSMEM","ABBY_070","NEON.PLA.D16.ABBY.02544",NA,"ok","single bole tree","Live",13.5,130,"noChange",9.7,NA,NA,NA,4.5,4.1,"Partially shaded","",NA,NA,NA,NA,NA,NA,NA,NA,NA,NA,NA,NA,"","0000-0002-2759-254X","0000-0001-9521-413X",NA,"01fa40a9-8304-48c3-ba3d-52eaa3ba317a","ABBY_070.basePlot.vst","2018-07-31","vst_ABBY_2018","D16","ABBY","ABBY_070",21,NA,23,9.5,311.6,"","","","NEON.DOC.000987vG","Pseudotsuga menziesii (Mirb.) Franco var. menziesii","variety",NA,NA,NA,"","","ccordell@battelleecology.org","klazarus@battelleecology.org",NA,1,4.3,2020-09-24,"Pseudotsuga menziesii var. menziesii","mh",NA,"PSMEM","","Douglas-fir","Pseudotsuga menziesii var. menziesii",5,"jenkins2003","USA",1,0.56,-2.48,2.4835,0.360458,NA,NA,NA,NA,NA,NA,NA,NA,NA,"ABBY_070_vst_ABBY_2020","8b88ad30-ba5a-4e07-ac8d-2be764c6c3e0","ABBY_070.basePlot.vst",2020-08-26,"D16","ABBY","tower","evergreenForest",45.761334,-122.330793,"WGS84",20.1,552040.56,5067748.36,"10N",363.1,0.1,"OK","vst_ABBY_2020","towerSubset","allGrowthForms","21 | 39","NEON.DOC.000987vJ","Y","Y","Y","Y","presentInAll","Y","presentInAll","N",NA,100,"noneSelected",800,400,800,"Ferns present but not sampled AY20.",2021,"neon_abby2021","ABBY_070_vst_ABBY_2020"
"107","PSMEM","ABBY_062","NEON.PLA.D16.ABBY.07388",1,"ok","single bole tree","Live",11.1,130,"noChange",9.2,NA,NA,NA,3.7,3.5,"Partially shaded","",NA,NA,NA,NA,NA,NA,NA,NA,NA,NA,NA,NA,"","0000-0002-4816-2610","0000-0003-2593-761X",NA,"c7a602f6-5f9c-454e-ad2e-51aff0c74e21","ABBY_062.basePlot.vst","2020-09-25","vst_ABBY_2020","D16","ABBY","ABBY_062",41,NA,59,2.9,221.5,"map and tag","","","NEON.DOC.000987vJ","Pseudotsuga menziesii (Mirb.) Franco var. menziesii","variety",NA,NA,NA,"","","0000-0003-2593-761X","0000-0002-4816-2610",NA,1,3.6,2020-09-25,"Pseudotsuga menziesii var. menziesii","mh",NA,"PSMEM","","Douglas-fir","Pseudotsuga menziesii var. menziesii",5,"jenkins2003","USA",1,0.56,-2.48,2.4835,0.360458,NA,NA,NA,NA,NA,NA,NA,NA,NA,"ABBY_062_vst_ABBY_2020","d6adf231-ed45-4c9b-88de-dbdc6282aaa1","ABBY_062.basePlot.vst",2020-08-26,"D16","ABBY","tower","evergreenForest",45.763476,-122.328069,"WGS84",20.1,552250.39,5067988.12,"10N",342.2,0.2,"OK","vst_ABBY_2020","towerSubset","allGrowthForms","39 | 41","NEON.DOC.000987vJ","Y","Y","Y","Y","presentInAll","Y","presentInAll","N",NA,25,"noneSelected",800,100,800,"Ferns present but not sampled AY20.",2021,"neon_abby2021","ABBY_062_vst_ABBY_2020"
"108","PSMEM","ABBY_061","NEON.PLA.D16.ABBY.00542",NA,"ok","single bole tree","Live",20.2,130,"noChange",11.3,NA,NA,NA,5.2,4.5,"Partially shaded","",NA,NA,NA,NA,NA,NA,NA,NA,NA,NA,NA,NA,"","0000-0003-2593-761X","0000-0002-0205-7735",NA,"0acc934c-c320-4342-8c27-22fa95fcd065","ABBY_061.basePlot.vst","2016-08-16","vst_ABBY_2016","D16","ABBY","ABBY_061",39,1,49,6.1,183.1,"","","","NEON.DOC.000987vE","Pseudotsuga menziesii (Mirb.) Franco var. menziesii","variety",NA,NA,NA,"","","bcarroll@neoninc.org","wsalas@field-ops.org",NA,1,4.85,2020-09-23,"Pseudotsuga menziesii var. menziesii","mh",NA,"PSMEM","","Douglas-fir","Pseudotsuga menziesii var. menziesii",5,"jenkins2003","USA",1,0.56,-2.48,2.4835,0.360458,NA,NA,NA,NA,NA,NA,NA,NA,NA,"ABBY_061_vst_ABBY_2020","11747686-bb34-4a45-8b5c-ce1766d6d657","ABBY_061.basePlot.vst",2020-08-26,"D16","ABBY","tower","evergreenForest",45.762451,-122.331158,"WGS84",20.1,552011.14,5067872.22,"10N",362.8,0.1,"OK","vst_ABBY_2020","towerSubset","allGrowthForms","21 | 39","NEON.DOC.000987vJ","Y","Y","Y","Y","presentInAll","Y","presentInAll","N",NA,100,"noneSelected",800,400,800,"Ferns present but not sampled AY20.",2021,"neon_abby2021","ABBY_061_vst_ABBY_2020"
"109","PSMEM","ABBY_070","NEON.PLA.D16.ABBY.00735",NA,"ok","single bole tree","Live",12.6,130,"noChange",9.3,NA,NA,NA,3.1,2.9,"Partially shaded","",NA,NA,NA,NA,NA,NA,NA,NA,NA,NA,NA,NA,"","0000-0002-2759-254X","0000-0001-9521-413X",NA,"2be098da-9c43-470f-b2c4-f20dc6f0e83d","ABBY_070.basePlot.vst","2020-11-16","vst_ABBY_2020","D16","ABBY","ABBY_070",21,NA,41,7.2,216.3,"map and tag","","","NEON.DOC.000987vJ","Pseudotsuga menziesii (Mirb.) Franco var. menziesii","variety",NA,NA,NA,"","","0000-0001-9521-413X","0000-0002-2759-254X",NA,1,3,2020-09-24,"Pseudotsuga menziesii var. menziesii","mh",NA,"PSMEM","","Douglas-fir","Pseudotsuga menziesii var. menziesii",5,"jenkins2003","USA",1,0.56,-2.48,2.4835,0.360458,NA,NA,NA,NA,NA,NA,NA,NA,NA,"ABBY_070_vst_ABBY_2020","8b88ad30-ba5a-4e07-ac8d-2be764c6c3e0","ABBY_070.basePlot.vst",2020-08-26,"D16","ABBY","tower","evergreenForest",45.761334,-122.330793,"WGS84",20.1,552040.56,5067748.36,"10N",363.1,0.1,"OK","vst_ABBY_2020","towerSubset","allGrowthForms","21 | 39","NEON.DOC.000987vJ","Y","Y","Y","Y","presentInAll","Y","presentInAll","N",NA,100,"noneSelected",800,400,800,"Ferns present but not sampled AY20.",2021,"neon_abby2021","ABBY_070_vst_ABBY_2020"
"110","PSMEM","ABBY_061","NEON.PLA.D16.ABBY.00658",NA,"ok","single bole tree","Live",11.8,130,"noChange",8.7,NA,NA,NA,3.8,3.8,"Partially shaded","",NA,NA,NA,NA,NA,NA,NA,NA,NA,NA,NA,NA,"","0000-0003-2593-761X","0000-0002-0205-7735",NA,"6b00d55c-0c0f-4286-9374-ceaa79b71393","ABBY_061.basePlot.vst","2019-10-22","vst_ABBY_2019","D16","ABBY","ABBY_061",39,NA,49,12.8,314.7,"map and tag","","","NEON.DOC.000987vH","Pseudotsuga menziesii (Mirb.) Franco var. menziesii","variety",NA,NA,NA,"","","0000-0001-8510-4041","0000-0003-2593-761X",NA,1,3.8,2020-09-23,"Pseudotsuga menziesii var. menziesii","mh",NA,"PSMEM","","Douglas-fir","Pseudotsuga menziesii var. menziesii",5,"jenkins2003","USA",1,0.56,-2.48,2.4835,0.360458,NA,NA,NA,NA,NA,NA,NA,NA,NA,"ABBY_061_vst_ABBY_2020","11747686-bb34-4a45-8b5c-ce1766d6d657","ABBY_061.basePlot.vst",2020-08-26,"D16","ABBY","tower","evergreenForest",45.762451,-122.331158,"WGS84",20.1,552011.14,5067872.22,"10N",362.8,0.1,"OK","vst_ABBY_2020","towerSubset","allGrowthForms","21 | 39","NEON.DOC.000987vJ","Y","Y","Y","Y","presentInAll","Y","presentInAll","N",NA,100,"noneSelected",800,400,800,"Ferns present but not sampled AY20.",2021,"neon_abby2021","ABBY_061_vst_ABBY_2020"
"111","PSMEM","ABBY_061","NEON.PLA.D16.ABBY.00949",NA,"ok","single bole tree","Live",17.5,130,"noChange",10.4,NA,NA,NA,5.4,5.3,"Partially shaded","",NA,NA,NA,NA,NA,NA,NA,NA,NA,NA,NA,NA,"","0000-0003-2593-761X","0000-0002-0205-7735",NA,"3af3aca1-a8be-49b8-8bad-da08bd9161f0","ABBY_061.basePlot.vst","2016-10-25","vst_ABBY_2016","D16","ABBY","ABBY_061",39,1,49,11.2,145.5,"","","","NEON.DOC.000987vE","Pseudotsuga menziesii (Mirb.) Franco var. menziesii","variety",NA,NA,NA,"","","ndeweese@field-ops.org","edauria@battelleecology.org",NA,1,5.35,2020-09-23,"Pseudotsuga menziesii var. menziesii","mh",NA,"PSMEM","","Douglas-fir","Pseudotsuga menziesii var. menziesii",5,"jenkins2003","USA",1,0.56,-2.48,2.4835,0.360458,NA,NA,NA,NA,NA,NA,NA,NA,NA,"ABBY_061_vst_ABBY_2020","11747686-bb34-4a45-8b5c-ce1766d6d657","ABBY_061.basePlot.vst",2020-08-26,"D16","ABBY","tower","evergreenForest",45.762451,-122.331158,"WGS84",20.1,552011.14,5067872.22,"10N",362.8,0.1,"OK","vst_ABBY_2020","towerSubset","allGrowthForms","21 | 39","NEON.DOC.000987vJ","Y","Y","Y","Y","presentInAll","Y","presentInAll","N",NA,100,"noneSelected",800,400,800,"Ferns present but not sampled AY20.",2021,"neon_abby2021","ABBY_061_vst_ABBY_2020"
"112","PSMEM","ABBY_062","NEON.PLA.D16.ABBY.01653",NA,"ok","single bole tree","Live",15.1,135,"noChange",10.6,NA,NA,NA,3.8,3.7,"Partially shaded","",NA,NA,NA,NA,NA,NA,NA,NA,NA,NA,NA,NA,"","0000-0002-0205-7735","0000-0003-0562-3007",NA,"3da4abf0-b011-40e7-8f44-d75b7decf448","ABBY_062.basePlot.vst","2017-09-14","vst_ABBY_2017","D16","ABBY","ABBY_062",41,1,59,11.7,164.4,"","","","NEON.DOC.000987vE","Pseudotsuga menziesii (Mirb.) Franco var. menziesii","variety",NA,NA,NA,"","","Eolsen@battelleecology.org","ccordell@battelleecology.org",NA,1,3.75,2020-09-25,"Pseudotsuga menziesii var. menziesii","mh",NA,"PSMEM","","Douglas-fir","Pseudotsuga menziesii var. menziesii",5,"jenkins2003","USA",1,0.56,-2.48,2.4835,0.360458,NA,NA,NA,NA,NA,NA,NA,NA,NA,"ABBY_062_vst_ABBY_2020","d6adf231-ed45-4c9b-88de-dbdc6282aaa1","ABBY_062.basePlot.vst",2020-08-26,"D16","ABBY","tower","evergreenForest",45.763476,-122.328069,"WGS84",20.1,552250.39,5067988.12,"10N",342.2,0.2,"OK","vst_ABBY_2020","towerSubset","allGrowthForms","39 | 41","NEON.DOC.000987vJ","Y","Y","Y","Y","presentInAll","Y","presentInAll","N",NA,25,"noneSelected",800,100,800,"Ferns present but not sampled AY20.",2021,"neon_abby2021","ABBY_062_vst_ABBY_2020"
"113","PSMEM","ABBY_070","NEON.PLA.D16.ABBY.00730",1,"ok","single bole tree","Standing dead",140.2,130,"noChange",6.9,NA,NA,NA,1.4,1.4,"Partially shaded","",NA,NA,NA,NA,NA,NA,NA,NA,NA,NA,NA,NA,"","0000-0002-2759-254X","0000-0001-9521-413X",NA,"7660ff9a-af9e-49bd-b18f-50d051dbac12","ABBY_070.basePlot.vst","2015-07-29","vst_ABBY_2015","D16","ABBY","ABBY_070",21,NA,39,9.4,110.1,"","","","NEON.DOC.000987vE","Pseudotsuga menziesii (Mirb.) Franco var. menziesii","variety",NA,NA,NA,"","corrected taxonID from THPL to PSMEM, according to 2016 bout data","lwade@field-ops.org","krian@neoninc.org",NA,0,1.4,2020-09-24,"Pseudotsuga menziesii var. menziesii","mh",NA,"PSMEM","","Douglas-fir","Pseudotsuga menziesii var. menziesii",5,"jenkins2003","USA",1,0.56,-2.48,2.4835,0.360458,NA,NA,NA,NA,NA,NA,NA,NA,NA,"ABBY_070_vst_ABBY_2020","8b88ad30-ba5a-4e07-ac8d-2be764c6c3e0","ABBY_070.basePlot.vst",2020-08-26,"D16","ABBY","tower","evergreenForest",45.761334,-122.330793,"WGS84",20.1,552040.56,5067748.36,"10N",363.1,0.1,"OK","vst_ABBY_2020","towerSubset","allGrowthForms","21 | 39","NEON.DOC.000987vJ","Y","Y","Y","Y","presentInAll","Y","presentInAll","N",NA,100,"noneSelected",800,400,800,"Ferns present but not sampled AY20.",2021,"neon_abby2021","ABBY_070_vst_ABBY_2020"
"114","PSMEM","ABBY_070","NEON.PLA.D16.ABBY.02861",NA,"ok","single bole tree","Live",16.7,140,"noChange",12.1,NA,NA,NA,4.6,4.1,"Partially shaded","",NA,NA,NA,NA,NA,NA,NA,NA,NA,NA,NA,NA,"","0000-0002-2759-254X","0000-0001-9521-413X",NA,"8b152db6-fd80-49a7-a332-e7d1fcb5b41a","ABBY_070.basePlot.vst","2017-09-26","vst_ABBY_2017","D16","ABBY","ABBY_070",21,NA,31,10.9,322.8,"","","","NEON.DOC.000987vG","Pseudotsuga menziesii (Mirb.) Franco var. menziesii","variety",NA,NA,NA,"","","Eolsen@battelleecology.org","Kchilders@battelleecology.org",NA,1,4.35,2020-09-24,"Pseudotsuga menziesii var. menziesii","mh",NA,"PSMEM","","Douglas-fir","Pseudotsuga menziesii var. menziesii",5,"jenkins2003","USA",1,0.56,-2.48,2.4835,0.360458,NA,NA,NA,NA,NA,NA,NA,NA,NA,"ABBY_070_vst_ABBY_2020","8b88ad30-ba5a-4e07-ac8d-2be764c6c3e0","ABBY_070.basePlot.vst",2020-08-26,"D16","ABBY","tower","evergreenForest",45.761334,-122.330793,"WGS84",20.1,552040.56,5067748.36,"10N",363.1,0.1,"OK","vst_ABBY_2020","towerSubset","allGrowthForms","21 | 39","NEON.DOC.000987vJ","Y","Y","Y","Y","presentInAll","Y","presentInAll","N",NA,100,"noneSelected",800,400,800,"Ferns present but not sampled AY20.",2021,"neon_abby2021","ABBY_070_vst_ABBY_2020"
"115","PSMEM","ABBY_062","NEON.PLA.D16.ABBY.03170",NA,"ok","single bole tree","Live",13.3,130,"noChange",11.8,NA,NA,NA,4.1,3.8,"Mostly shaded","",NA,NA,NA,NA,NA,NA,NA,NA,NA,NA,NA,NA,"","0000-0002-0205-7735","0000-0003-0562-3007",NA,"a2f8376e-7e51-46f3-b0f5-e4dde4a8c78a","ABBY_062.basePlot.vst","2018-07-26","vst_ABBY_2018","D16","ABBY","ABBY_062",41,NA,61,11.5,239,"","","","NEON.DOC.000987vG","Pseudotsuga menziesii (Mirb.) Franco var. menziesii","variety",NA,NA,NA,"","","hspencer@battelleecology.org","ccordell@battelleecology.org",NA,1,3.95,2020-09-25,"Pseudotsuga menziesii var. menziesii","mh",NA,"PSMEM","","Douglas-fir","Pseudotsuga menziesii var. menziesii",5,"jenkins2003","USA",1,0.56,-2.48,2.4835,0.360458,NA,NA,NA,NA,NA,NA,NA,NA,NA,"ABBY_062_vst_ABBY_2020","d6adf231-ed45-4c9b-88de-dbdc6282aaa1","ABBY_062.basePlot.vst",2020-08-26,"D16","ABBY","tower","evergreenForest",45.763476,-122.328069,"WGS84",20.1,552250.39,5067988.12,"10N",342.2,0.2,"OK","vst_ABBY_2020","towerSubset","allGrowthForms","39 | 41","NEON.DOC.000987vJ","Y","Y","Y","Y","presentInAll","Y","presentInAll","N",NA,25,"noneSelected",800,100,800,"Ferns present but not sampled AY20.",2021,"neon_abby2021","ABBY_062_vst_ABBY_2020"
"116","PSMEM","ABBY_073","NEON.PLA.D16.ABBY.00023",1,"ok","single bole tree","Live",39.2,130,"noChange",27.9,NA,NA,NA,5.9,4.7,"Partially shaded","",NA,NA,NA,NA,NA,NA,NA,NA,NA,NA,NA,NA,"","0000-0001-9713-5304","0000-0002-7203-5072",NA,"f4ede7ac-bc49-42c9-96c3-7d620ed4d655","ABBY_073.basePlot.vst","2016-10-12","vst_ABBY_2016","D16","ABBY","ABBY_073",23,NA,25,5.7,345.4,"","","","NEON.DOC.000987vE","Pseudotsuga menziesii (Mirb.) Franco var. menziesii","variety",NA,NA,NA,"","","wsalas@field-ops.org","bgorzek@field-ops.org",NA,1,5.3,2020-09-25,"Pseudotsuga menziesii var. menziesii","mh",NA,"PSMEM","","Douglas-fir","Pseudotsuga menziesii var. menziesii",5,"jenkins2003","USA",1,0.56,-2.48,2.4835,0.360458,NA,NA,NA,NA,NA,NA,NA,NA,NA,"ABBY_073_vst_ABBY_2020","80f00bfb-76b5-448e-b0a5-bd28fb04583d","ABBY_073.basePlot.vst",2020-08-26,"D16","ABBY","tower","evergreenForest",45.762944,-122.324601,"WGS84",20.1,552520.56,5067931.28,"10N",336.5,0.1,"OK","vst_ABBY_2020","towerSubset","allGrowthForms","23 | 39","NEON.DOC.000987vJ","Y","Y","Y","Y","presentInAll","Y","presentInAll","N",NA,10,"noneSelected",800,40,800,"Ferns present but not sampled AY20.",2021,"neon_abby2021","ABBY_073_vst_ABBY_2020"
"117","PSMEM","ABBY_073","NEON.PLA.D16.ABBY.01680",1,"ok","single bole tree","Live",13.2,130,"noChange",9.6,NA,NA,NA,4.2,3.8,"Mostly shaded","",NA,NA,NA,NA,NA,NA,NA,NA,NA,NA,NA,NA,"","0000-0001-9713-5304","0000-0002-7203-5072",NA,"099263a7-df04-4e8d-ae4d-4b9dab1aea24","ABBY_073.basePlot.vst","2019-10-28","vst_ABBY_2019","D16","ABBY","ABBY_073",23,NA,41,0.5,137.5,"map and tag","","","NEON.DOC.000987vH","Pseudotsuga menziesii (Mirb.) Franco var. menziesii","variety",NA,NA,NA,"","","0000-0001-8510-4041","0000-0003-2593-761X",NA,1,4,2020-09-25,"Pseudotsuga menziesii var. menziesii","mh",NA,"PSMEM","","Douglas-fir","Pseudotsuga menziesii var. menziesii",5,"jenkins2003","USA",1,0.56,-2.48,2.4835,0.360458,NA,NA,NA,NA,NA,NA,NA,NA,NA,"ABBY_073_vst_ABBY_2020","80f00bfb-76b5-448e-b0a5-bd28fb04583d","ABBY_073.basePlot.vst",2020-08-26,"D16","ABBY","tower","evergreenForest",45.762944,-122.324601,"WGS84",20.1,552520.56,5067931.28,"10N",336.5,0.1,"OK","vst_ABBY_2020","towerSubset","allGrowthForms","23 | 39","NEON.DOC.000987vJ","Y","Y","Y","Y","presentInAll","Y","presentInAll","N",NA,10,"noneSelected",800,40,800,"Ferns present but not sampled AY20.",2021,"neon_abby2021","ABBY_073_vst_ABBY_2020"
"118","PSMEM","ABBY_062","NEON.PLA.D16.ABBY.00756",NA,"ok","single bole tree","Live",10.3,130,"noChange",7.3,NA,NA,NA,3.9,3.6,"Partially shaded","",NA,NA,NA,NA,NA,NA,NA,NA,NA,NA,NA,NA,"","0000-0002-0205-7735","0000-0003-0562-3007",NA,"30caad79-177a-4ad1-9faa-89c56c116cf7","ABBY_062.basePlot.vst","2020-09-25","vst_ABBY_2020","D16","ABBY","ABBY_062",41,1,41,1.9,51.6,"map and tag","","","NEON.DOC.000987vJ","Pseudotsuga menziesii (Mirb.) Franco var. menziesii","variety",NA,NA,NA,"","","0000-0002-0205-7735","0000-0003-0562-3007",NA,1,3.75,2020-09-25,"Pseudotsuga menziesii var. menziesii","mh",NA,"PSMEM","","Douglas-fir","Pseudotsuga menziesii var. menziesii",5,"jenkins2003","USA",1,0.56,-2.48,2.4835,0.360458,NA,NA,NA,NA,NA,NA,NA,NA,NA,"ABBY_062_vst_ABBY_2020","d6adf231-ed45-4c9b-88de-dbdc6282aaa1","ABBY_062.basePlot.vst",2020-08-26,"D16","ABBY","tower","evergreenForest",45.763476,-122.328069,"WGS84",20.1,552250.39,5067988.12,"10N",342.2,0.2,"OK","vst_ABBY_2020","towerSubset","allGrowthForms","39 | 41","NEON.DOC.000987vJ","Y","Y","Y","Y","presentInAll","Y","presentInAll","N",NA,25,"noneSelected",800,100,800,"Ferns present but not sampled AY20.",2021,"neon_abby2021","ABBY_062_vst_ABBY_2020"
"119","PSMEM","ABBY_061","NEON.PLA.D16.ABBY.03766",NA,"ok","single bole tree","Live",14.1,130,"noChange",10.4,NA,NA,NA,4.2,4.2,"Partially shaded","",NA,NA,NA,NA,NA,NA,NA,NA,NA,NA,NA,NA,"","0000-0003-2593-761X","0000-0002-0205-7735",NA,"8050a9c0-c636-4724-8143-f6044fe5e3a7","ABBY_061.basePlot.vst","2018-07-31","vst_ABBY_2018","D16","ABBY","ABBY_061",39,NA,59,6.1,199.3,"","","","NEON.DOC.000987vG","Pseudotsuga menziesii (Mirb.) Franco var. menziesii","variety",NA,NA,NA,"","","Jzemaitis@battelleecology.org","ccordell@battelleecology.org",NA,1,4.2,2020-09-23,"Pseudotsuga menziesii var. menziesii","mh",NA,"PSMEM","","Douglas-fir","Pseudotsuga menziesii var. menziesii",5,"jenkins2003","USA",1,0.56,-2.48,2.4835,0.360458,NA,NA,NA,NA,NA,NA,NA,NA,NA,"ABBY_061_vst_ABBY_2020","11747686-bb34-4a45-8b5c-ce1766d6d657","ABBY_061.basePlot.vst",2020-08-26,"D16","ABBY","tower","evergreenForest",45.762451,-122.331158,"WGS84",20.1,552011.14,5067872.22,"10N",362.8,0.1,"OK","vst_ABBY_2020","towerSubset","allGrowthForms","21 | 39","NEON.DOC.000987vJ","Y","Y","Y","Y","presentInAll","Y","presentInAll","N",NA,100,"noneSelected",800,400,800,"Ferns present but not sampled AY20.",2021,"neon_abby2021","ABBY_061_vst_ABBY_2020"
"120","PSMEM","ABBY_073","NEON.PLA.D16.ABBY.01850",1,"ok","single bole tree","Live, broken bole",12.4,130,"noChange",6,NA,6,8,4,3.4,"Mostly shaded","",NA,NA,NA,NA,NA,NA,NA,NA,NA,NA,NA,NA,"Broken bole","0000-0001-9521-413X","0000-0002-2759-254X",NA,"1b3c9616-05f6-47fe-ac23-8e9d2aa83f20","ABBY_073.basePlot.vst","2017-09-18","vst_ABBY_2017","D16","ABBY","ABBY_073",39,NA,41,6.9,285.2,"","","","NEON.DOC.000987vE","Pseudotsuga menziesii (Mirb.) Franco var. menziesii","variety",NA,NA,NA,"","","Eolsen@battelleecology.org","vschmitt@battelleecology.org",NA,1,3.7,2020-09-25,"Pseudotsuga menziesii var. menziesii","mh",NA,"PSMEM","","Douglas-fir","Pseudotsuga menziesii var. menziesii",5,"jenkins2003","USA",1,0.56,-2.48,2.4835,0.360458,NA,NA,NA,NA,NA,NA,NA,NA,NA,"ABBY_073_vst_ABBY_2020","80f00bfb-76b5-448e-b0a5-bd28fb04583d","ABBY_073.basePlot.vst",2020-08-26,"D16","ABBY","tower","evergreenForest",45.762944,-122.324601,"WGS84",20.1,552520.56,5067931.28,"10N",336.5,0.1,"OK","vst_ABBY_2020","towerSubset","allGrowthForms","23 | 39","NEON.DOC.000987vJ","Y","Y","Y","Y","presentInAll","Y","presentInAll","N",NA,10,"noneSelected",800,40,800,"Ferns present but not sampled AY20.",2021,"neon_abby2021","ABBY_073_vst_ABBY_2020"
"121","PSMEM","ABBY_073","NEON.PLA.D16.ABBY.03587",1,"ok","single bole tree","Live",11.4,130,"noChange",12,NA,NA,NA,3.7,3,"Partially shaded","",NA,NA,NA,NA,NA,NA,NA,NA,NA,NA,NA,NA,"","0000-0001-9713-5304","0000-0002-7203-5072",NA,"21e03304-7c6e-40ff-a0fa-b933985d47c0","ABBY_073.basePlot.vst","2019-10-28","vst_ABBY_2019","D16","ABBY","ABBY_073",23,NA,41,9.6,147.7,"map and tag","","","NEON.DOC.000987vH","Pseudotsuga menziesii (Mirb.) Franco var. menziesii","variety",NA,NA,NA,"","","0000-0001-8510-4041","0000-0003-2593-761X",NA,1,3.35,2020-09-25,"Pseudotsuga menziesii var. menziesii","mh",NA,"PSMEM","","Douglas-fir","Pseudotsuga menziesii var. menziesii",5,"jenkins2003","USA",1,0.56,-2.48,2.4835,0.360458,NA,NA,NA,NA,NA,NA,NA,NA,NA,"ABBY_073_vst_ABBY_2020","80f00bfb-76b5-448e-b0a5-bd28fb04583d","ABBY_073.basePlot.vst",2020-08-26,"D16","ABBY","tower","evergreenForest",45.762944,-122.324601,"WGS84",20.1,552520.56,5067931.28,"10N",336.5,0.1,"OK","vst_ABBY_2020","towerSubset","allGrowthForms","23 | 39","NEON.DOC.000987vJ","Y","Y","Y","Y","presentInAll","Y","presentInAll","N",NA,10,"noneSelected",800,40,800,"Ferns present but not sampled AY20.",2021,"neon_abby2021","ABBY_073_vst_ABBY_2020"
"122","PSMEM","ABBY_062","NEON.PLA.D16.ABBY.03171",1,"ok","single bole tree","Live",13.2,140,"noChange",10.1,NA,NA,NA,4.1,3.8,"Partially shaded","",NA,NA,NA,NA,NA,NA,NA,NA,NA,NA,NA,NA,"Stem diameter measurement height from previous.","0000-0002-0205-7735","0000-0003-0562-3007",NA,"13cbdd2f-306f-4d67-bc58-e86174cd2080","ABBY_062.basePlot.vst","2018-07-26","vst_ABBY_2018","D16","ABBY","ABBY_062",41,NA,61,9.7,234.7,"","","","NEON.DOC.000987vG","Pseudotsuga menziesii (Mirb.) Franco var. menziesii","variety",NA,NA,NA,"","","hspencer@battelleecology.org","ccordell@battelleecology.org",NA,1,3.95,2020-09-25,"Pseudotsuga menziesii var. menziesii","mh",NA,"PSMEM","","Douglas-fir","Pseudotsuga menziesii var. menziesii",5,"jenkins2003","USA",1,0.56,-2.48,2.4835,0.360458,NA,NA,NA,NA,NA,NA,NA,NA,NA,"ABBY_062_vst_ABBY_2020","d6adf231-ed45-4c9b-88de-dbdc6282aaa1","ABBY_062.basePlot.vst",2020-08-26,"D16","ABBY","tower","evergreenForest",45.763476,-122.328069,"WGS84",20.1,552250.39,5067988.12,"10N",342.2,0.2,"OK","vst_ABBY_2020","towerSubset","allGrowthForms","39 | 41","NEON.DOC.000987vJ","Y","Y","Y","Y","presentInAll","Y","presentInAll","N",NA,25,"noneSelected",800,100,800,"Ferns present but not sampled AY20.",2021,"neon_abby2021","ABBY_062_vst_ABBY_2020"
"123","PSMEM","ABBY_062","NEON.PLA.D16.ABBY.05029",NA,"ok","single bole tree","Live",10.4,130,"noChange",9,NA,NA,NA,3.2,3.1,"Partially shaded","",NA,NA,NA,NA,NA,NA,NA,NA,NA,NA,NA,NA,"","0000-0002-0205-7735","0000-0003-0562-3007",NA,"f3b6f52d-90e9-4bdd-8556-11f31229b66c","ABBY_062.basePlot.vst","2020-09-25","vst_ABBY_2020","D16","ABBY","ABBY_062",41,NA,59,6.4,157.9,"map and tag","","","NEON.DOC.000987vJ","Pseudotsuga menziesii (Mirb.) Franco var. menziesii","variety",NA,NA,NA,"","","0000-0002-0205-7735","0000-0003-0562-3007",NA,1,3.15,2020-09-25,"Pseudotsuga menziesii var. menziesii","mh",NA,"PSMEM","","Douglas-fir","Pseudotsuga menziesii var. menziesii",5,"jenkins2003","USA",1,0.56,-2.48,2.4835,0.360458,NA,NA,NA,NA,NA,NA,NA,NA,NA,"ABBY_062_vst_ABBY_2020","d6adf231-ed45-4c9b-88de-dbdc6282aaa1","ABBY_062.basePlot.vst",2020-08-26,"D16","ABBY","tower","evergreenForest",45.763476,-122.328069,"WGS84",20.1,552250.39,5067988.12,"10N",342.2,0.2,"OK","vst_ABBY_2020","towerSubset","allGrowthForms","39 | 41","NEON.DOC.000987vJ","Y","Y","Y","Y","presentInAll","Y","presentInAll","N",NA,25,"noneSelected",800,100,800,"Ferns present but not sampled AY20.",2021,"neon_abby2021","ABBY_062_vst_ABBY_2020"
"124","PSMEM","ABBY_061","NEON.PLA.D16.ABBY.00945",NA,"ok","single bole tree","Live",20.1,130,"noChange",12.5,NA,NA,NA,5.5,4.8,"Partially shaded","",NA,NA,NA,NA,NA,NA,NA,NA,NA,NA,NA,NA,"","0000-0003-2593-761X","0000-0002-0205-7735",NA,"ba21354c-fc92-4032-a8fc-6263948d9341","ABBY_061.basePlot.vst","2016-10-25","vst_ABBY_2016","D16","ABBY","ABBY_061",39,2,49,3,176.4,"","","","NEON.DOC.000987vE","Pseudotsuga menziesii (Mirb.) Franco var. menziesii","variety",NA,NA,NA,"","","ndeweese@field-ops.org","edauria@battelleecology.org",NA,1,5.15,2020-09-23,"Pseudotsuga menziesii var. menziesii","mh",NA,"PSMEM","","Douglas-fir","Pseudotsuga menziesii var. menziesii",5,"jenkins2003","USA",1,0.56,-2.48,2.4835,0.360458,NA,NA,NA,NA,NA,NA,NA,NA,NA,"ABBY_061_vst_ABBY_2020","11747686-bb34-4a45-8b5c-ce1766d6d657","ABBY_061.basePlot.vst",2020-08-26,"D16","ABBY","tower","evergreenForest",45.762451,-122.331158,"WGS84",20.1,552011.14,5067872.22,"10N",362.8,0.1,"OK","vst_ABBY_2020","towerSubset","allGrowthForms","21 | 39","NEON.DOC.000987vJ","Y","Y","Y","Y","presentInAll","Y","presentInAll","N",NA,100,"noneSelected",800,400,800,"Ferns present but not sampled AY20.",2021,"neon_abby2021","ABBY_061_vst_ABBY_2020"
"125","PSMEM","ABBY_062","NEON.PLA.D16.ABBY.03382",1,"ok","single bole tree","Live",13,130,"noChange",10.4,NA,NA,NA,3.9,3.8,"Partially shaded","",NA,NA,NA,NA,NA,NA,NA,NA,NA,NA,NA,NA,"","0000-0002-4816-2610","0000-0003-2593-761X",NA,"2be58c01-f744-47f1-8167-8ed306cef286","ABBY_062.basePlot.vst","2018-09-20","vst_ABBY_2018","D16","ABBY","ABBY_062",39,NA,59,10.1,184.7,"","","","NEON.DOC.000987vG","Pseudotsuga menziesii (Mirb.) Franco var. menziesii","variety",NA,NA,NA,"","","klazarus@battelleecology.org","kwells@battelleecology.org",NA,1,3.85,2020-09-25,"Pseudotsuga menziesii var. menziesii","mh",NA,"PSMEM","","Douglas-fir","Pseudotsuga menziesii var. menziesii",5,"jenkins2003","USA",1,0.56,-2.48,2.4835,0.360458,NA,NA,NA,NA,NA,NA,NA,NA,NA,"ABBY_062_vst_ABBY_2020","d6adf231-ed45-4c9b-88de-dbdc6282aaa1","ABBY_062.basePlot.vst",2020-08-26,"D16","ABBY","tower","evergreenForest",45.763476,-122.328069,"WGS84",20.1,552250.39,5067988.12,"10N",342.2,0.2,"OK","vst_ABBY_2020","towerSubset","allGrowthForms","39 | 41","NEON.DOC.000987vJ","Y","Y","Y","Y","presentInAll","Y","presentInAll","N",NA,25,"noneSelected",800,100,800,"Ferns present but not sampled AY20.",2021,"neon_abby2021","ABBY_062_vst_ABBY_2020"
"126","PSMEM","ABBY_070","NEON.PLA.D16.ABBY.00669",NA,"ok","single bole tree","Live",15,130,"noChange",11.2,NA,NA,NA,4.7,4.7,"Mostly shaded","",NA,NA,NA,NA,NA,NA,NA,NA,NA,NA,NA,NA,"","0000-0002-7203-5072","0000-0003-0562-3007",NA,"68c6ee4b-f293-45a0-b8f5-a17ca198710d","ABBY_070.basePlot.vst","2015-07-29","vst_ABBY_2015","D16","ABBY","ABBY_070",39,3,57,7.8,170.6,"","","","NEON.DOC.000987vE","Pseudotsuga menziesii (Mirb.) Franco var. menziesii","variety",NA,NA,NA,"","mapping not required during previous bout (<10cm DBH)","ccordell@battelleecology.org","jschempf@battelleecology.org",NA,1,4.7,2020-09-23,"Pseudotsuga menziesii var. menziesii","mh",NA,"PSMEM","","Douglas-fir","Pseudotsuga menziesii var. menziesii",5,"jenkins2003","USA",1,0.56,-2.48,2.4835,0.360458,NA,NA,NA,NA,NA,NA,NA,NA,NA,"ABBY_070_vst_ABBY_2020","8b88ad30-ba5a-4e07-ac8d-2be764c6c3e0","ABBY_070.basePlot.vst",2020-08-26,"D16","ABBY","tower","evergreenForest",45.761334,-122.330793,"WGS84",20.1,552040.56,5067748.36,"10N",363.1,0.1,"OK","vst_ABBY_2020","towerSubset","allGrowthForms","21 | 39","NEON.DOC.000987vJ","Y","Y","Y","Y","presentInAll","Y","presentInAll","N",NA,100,"noneSelected",800,400,800,"Ferns present but not sampled AY20.",2021,"neon_abby2021","ABBY_070_vst_ABBY_2020"
"127","PSMEM","ABBY_062","NEON.PLA.D16.ABBY.03612",NA,"ok","single bole tree","Live",11.7,130,"noChange",9.9,NA,NA,NA,3.8,3.7,"Partially shaded","",NA,NA,NA,NA,NA,NA,NA,NA,NA,NA,NA,NA,"","0000-0002-0205-7735","0000-0003-0562-3007",NA,"6b1b7f1e-7a45-4048-86e1-eb99ee668bd0","ABBY_062.basePlot.vst","2019-11-06","vst_ABBY_2019","D16","ABBY","ABBY_062",41,NA,59,13.3,140.9,"map and tag","","","NEON.DOC.000987vH","Pseudotsuga menziesii (Mirb.) Franco var. menziesii","variety",NA,NA,NA,"","","0000-0001-8510-4041","0000-0002-4400-4199",NA,1,3.75,2020-09-25,"Pseudotsuga menziesii var. menziesii","mh",NA,"PSMEM","","Douglas-fir","Pseudotsuga menziesii var. menziesii",5,"jenkins2003","USA",1,0.56,-2.48,2.4835,0.360458,NA,NA,NA,NA,NA,NA,NA,NA,NA,"ABBY_062_vst_ABBY_2020","d6adf231-ed45-4c9b-88de-dbdc6282aaa1","ABBY_062.basePlot.vst",2020-08-26,"D16","ABBY","tower","evergreenForest",45.763476,-122.328069,"WGS84",20.1,552250.39,5067988.12,"10N",342.2,0.2,"OK","vst_ABBY_2020","towerSubset","allGrowthForms","39 | 41","NEON.DOC.000987vJ","Y","Y","Y","Y","presentInAll","Y","presentInAll","N",NA,25,"noneSelected",800,100,800,"Ferns present but not sampled AY20.",2021,"neon_abby2021","ABBY_062_vst_ABBY_2020"
"128","PSMEM","ABBY_062","NEON.PLA.D16.ABBY.03614",NA,"ok","single bole tree","Live",12,140,"deformityGrowth",8.6,NA,NA,NA,3.2,2.9,"Partially shaded","",NA,NA,NA,NA,NA,NA,NA,NA,NA,NA,NA,NA,"","0000-0002-0205-7735","0000-0003-0562-3007",NA,"f93b0712-06bd-4d1e-8eb9-a44dfffd75c0","ABBY_062.basePlot.vst","2019-11-06","vst_ABBY_2019","D16","ABBY","ABBY_062",41,NA,59,4.1,167.2,"map and tag","","","NEON.DOC.000987vH","Pseudotsuga menziesii (Mirb.) Franco var. menziesii","variety",NA,NA,NA,"","","0000-0001-8510-4041","0000-0002-4400-4199",NA,1,3.05,2020-09-25,"Pseudotsuga menziesii var. menziesii","mh",NA,"PSMEM","","Douglas-fir","Pseudotsuga menziesii var. menziesii",5,"jenkins2003","USA",1,0.56,-2.48,2.4835,0.360458,NA,NA,NA,NA,NA,NA,NA,NA,NA,"ABBY_062_vst_ABBY_2020","d6adf231-ed45-4c9b-88de-dbdc6282aaa1","ABBY_062.basePlot.vst",2020-08-26,"D16","ABBY","tower","evergreenForest",45.763476,-122.328069,"WGS84",20.1,552250.39,5067988.12,"10N",342.2,0.2,"OK","vst_ABBY_2020","towerSubset","allGrowthForms","39 | 41","NEON.DOC.000987vJ","Y","Y","Y","Y","presentInAll","Y","presentInAll","N",NA,25,"noneSelected",800,100,800,"Ferns present but not sampled AY20.",2021,"neon_abby2021","ABBY_062_vst_ABBY_2020"
"129","PSMEM","ABBY_062","NEON.PLA.D16.ABBY.03384",1,"ok","single bole tree","Live",13.3,130,"noChange",9.2,NA,NA,NA,4.6,4.4,"Partially shaded","",NA,NA,NA,NA,NA,NA,NA,NA,NA,NA,NA,NA,"","0000-0002-4816-2610","0000-0003-2593-761X",NA,"614fe622-4a76-4d73-8a9f-8d0085014097","ABBY_062.basePlot.vst","2018-09-20","vst_ABBY_2018","D16","ABBY","ABBY_062",39,NA,41,4.6,296.6,"","","","NEON.DOC.000987vG","Pseudotsuga menziesii (Mirb.) Franco var. menziesii","variety",NA,NA,NA,"","","klazarus@battelleecology.org","kwells@battelleecology.org",NA,1,4.5,2020-09-25,"Pseudotsuga menziesii var. menziesii","mh",NA,"PSMEM","","Douglas-fir","Pseudotsuga menziesii var. menziesii",5,"jenkins2003","USA",1,0.56,-2.48,2.4835,0.360458,NA,NA,NA,NA,NA,NA,NA,NA,NA,"ABBY_062_vst_ABBY_2020","d6adf231-ed45-4c9b-88de-dbdc6282aaa1","ABBY_062.basePlot.vst",2020-08-26,"D16","ABBY","tower","evergreenForest",45.763476,-122.328069,"WGS84",20.1,552250.39,5067988.12,"10N",342.2,0.2,"OK","vst_ABBY_2020","towerSubset","allGrowthForms","39 | 41","NEON.DOC.000987vJ","Y","Y","Y","Y","presentInAll","Y","presentInAll","N",NA,25,"noneSelected",800,100,800,"Ferns present but not sampled AY20.",2021,"neon_abby2021","ABBY_062_vst_ABBY_2020"
"130","PSMEM","ABBY_061","NEON.PLA.D16.ABBY.00894",NA,"ok","single bole tree","Live",16.8,130,"noChange",10.5,NA,NA,NA,5.1,4,"Mostly shaded","",NA,NA,NA,NA,NA,NA,NA,NA,NA,NA,NA,NA,"","0000-0002-7203-5072","0000-0001-9521-413X",NA,"f07df8bd-d107-4f37-aeff-ece667ca7f66","ABBY_061.basePlot.vst","2016-10-25","vst_ABBY_2016","D16","ABBY","ABBY_061",21,4,31,2.4,12.6,"","","","NEON.DOC.000987vE","Pseudotsuga menziesii (Mirb.) Franco var. menziesii","variety",NA,NA,NA,"","remapped 20171011","ndeweese@field-ops.org","edauria@battelleecology.org",NA,1,4.55,2020-09-23,"Pseudotsuga menziesii var. menziesii","mh",NA,"PSMEM","","Douglas-fir","Pseudotsuga menziesii var. menziesii",5,"jenkins2003","USA",1,0.56,-2.48,2.4835,0.360458,NA,NA,NA,NA,NA,NA,NA,NA,NA,"ABBY_061_vst_ABBY_2020","11747686-bb34-4a45-8b5c-ce1766d6d657","ABBY_061.basePlot.vst",2020-08-26,"D16","ABBY","tower","evergreenForest",45.762451,-122.331158,"WGS84",20.1,552011.14,5067872.22,"10N",362.8,0.1,"OK","vst_ABBY_2020","towerSubset","allGrowthForms","21 | 39","NEON.DOC.000987vJ","Y","Y","Y","Y","presentInAll","Y","presentInAll","N",NA,100,"noneSelected",800,400,800,"Ferns present but not sampled AY20.",2021,"neon_abby2021","ABBY_061_vst_ABBY_2020"
"131","PSMEM","ABBY_062","NEON.PLA.D16.ABBY.01975",1,"ok","single bole tree","Live",15.2,134,"branchGrowth",9.5,NA,NA,NA,5.5,3.9,"Partially shaded","",NA,NA,NA,NA,NA,NA,NA,NA,NA,NA,NA,NA,"Moved stem diameter measurement height for branch","0000-0002-4816-2610","0000-0003-2593-761X",NA,"ce68e988-58ae-4283-92b9-2e6b8eb67b36","ABBY_062.basePlot.vst","2017-09-15","vst_ABBY_2017","D16","ABBY","ABBY_062",39,NA,39,8.3,81.1,"","","","NEON.DOC.000987vE","Pseudotsuga menziesii (Mirb.) Franco var. menziesii","variety",NA,NA,NA,"","","Jbush@battelleecology.org","kwells@battelleecology.org",NA,1,4.7,2020-09-25,"Pseudotsuga menziesii var. menziesii","mh",NA,"PSMEM","","Douglas-fir","Pseudotsuga menziesii var. menziesii",5,"jenkins2003","USA",1,0.56,-2.48,2.4835,0.360458,NA,NA,NA,NA,NA,NA,NA,NA,NA,"ABBY_062_vst_ABBY_2020","d6adf231-ed45-4c9b-88de-dbdc6282aaa1","ABBY_062.basePlot.vst",2020-08-26,"D16","ABBY","tower","evergreenForest",45.763476,-122.328069,"WGS84",20.1,552250.39,5067988.12,"10N",342.2,0.2,"OK","vst_ABBY_2020","towerSubset","allGrowthForms","39 | 41","NEON.DOC.000987vJ","Y","Y","Y","Y","presentInAll","Y","presentInAll","N",NA,25,"noneSelected",800,100,800,"Ferns present but not sampled AY20.",2021,"neon_abby2021","ABBY_062_vst_ABBY_2020"
"132","PSMEM","ABBY_073","NEON.PLA.D16.ABBY.00025",1,"ok","single bole tree","Live",35.7,130,"noChange",33.2,NA,NA,NA,5.6,4.7,"Partially shaded","",NA,NA,NA,NA,NA,NA,NA,NA,NA,NA,NA,NA,"","0000-0001-9713-5304","0000-0002-7203-5072",NA,"7bb08eb3-1936-47d9-ac91-143a77ba9e03","ABBY_073.basePlot.vst","2016-10-12","vst_ABBY_2016","D16","ABBY","ABBY_073",23,NA,25,9.2,304.2,"","","","NEON.DOC.000987vE","Pseudotsuga menziesii (Mirb.) Franco var. menziesii","variety",NA,NA,NA,"","","wsalas@field-ops.org","bgorzek@field-ops.org",NA,1,5.15,2020-09-25,"Pseudotsuga menziesii var. menziesii","mh",NA,"PSMEM","","Douglas-fir","Pseudotsuga menziesii var. menziesii",5,"jenkins2003","USA",1,0.56,-2.48,2.4835,0.360458,NA,NA,NA,NA,NA,NA,NA,NA,NA,"ABBY_073_vst_ABBY_2020","80f00bfb-76b5-448e-b0a5-bd28fb04583d","ABBY_073.basePlot.vst",2020-08-26,"D16","ABBY","tower","evergreenForest",45.762944,-122.324601,"WGS84",20.1,552520.56,5067931.28,"10N",336.5,0.1,"OK","vst_ABBY_2020","towerSubset","allGrowthForms","23 | 39","NEON.DOC.000987vJ","Y","Y","Y","Y","presentInAll","Y","presentInAll","N",NA,10,"noneSelected",800,40,800,"Ferns present but not sampled AY20.",2021,"neon_abby2021","ABBY_073_vst_ABBY_2020"
"133","PSMEM","ABBY_070","NEON.PLA.D16.ABBY.00732",NA,"ok","single bole tree","Live",15.9,130,"noChange",11.2,NA,NA,NA,4.6,3.7,"Partially shaded","",NA,NA,NA,NA,NA,NA,NA,NA,NA,NA,NA,NA,"","0000-0002-2759-254X","0000-0001-9521-413X",NA,"6fa8cdee-7279-461c-93f0-ec19d2ff04e8","ABBY_070.basePlot.vst","2015-07-29","vst_ABBY_2015","D16","ABBY","ABBY_070",21,4,41,4.2,225.1,"","","","NEON.DOC.000987vE","Pseudotsuga menziesii (Mirb.) Franco var. menziesii","variety",NA,NA,NA,"","updated taxonID from PSME to PSMEM","ccordell@battelleecology.org","jschempf@battelleecology.org",NA,1,4.15,2020-09-24,"Pseudotsuga menziesii var. menziesii","mh",NA,"PSMEM","","Douglas-fir","Pseudotsuga menziesii var. menziesii",5,"jenkins2003","USA",1,0.56,-2.48,2.4835,0.360458,NA,NA,NA,NA,NA,NA,NA,NA,NA,"ABBY_070_vst_ABBY_2020","8b88ad30-ba5a-4e07-ac8d-2be764c6c3e0","ABBY_070.basePlot.vst",2020-08-26,"D16","ABBY","tower","evergreenForest",45.761334,-122.330793,"WGS84",20.1,552040.56,5067748.36,"10N",363.1,0.1,"OK","vst_ABBY_2020","towerSubset","allGrowthForms","21 | 39","NEON.DOC.000987vJ","Y","Y","Y","Y","presentInAll","Y","presentInAll","N",NA,100,"noneSelected",800,400,800,"Ferns present but not sampled AY20.",2021,"neon_abby2021","ABBY_070_vst_ABBY_2020"
"134","PSMEM","ABBY_062","NEON.PLA.D16.ABBY.07389",NA,"ok","single bole tree","Live",10.7,140,"noChange",8.2,NA,NA,NA,3.6,3.6,"Partially shaded","",NA,NA,NA,NA,NA,NA,NA,NA,NA,NA,NA,NA,"","0000-0002-4816-2610","0000-0003-2593-761X",NA,"b0a0fd04-45f6-43ed-9d8a-1cbda7e2b709","ABBY_062.basePlot.vst","2020-09-25","vst_ABBY_2020","D16","ABBY","ABBY_062",39,NA,59,8.4,265,"map and tag","","","NEON.DOC.000987vJ","Pseudotsuga menziesii (Mirb.) Franco var. menziesii","variety",NA,NA,NA,"","","0000-0003-2593-761X","0000-0002-4816-2610",NA,1,3.6,2020-09-25,"Pseudotsuga menziesii var. menziesii","mh",NA,"PSMEM","","Douglas-fir","Pseudotsuga menziesii var. menziesii",5,"jenkins2003","USA",1,0.56,-2.48,2.4835,0.360458,NA,NA,NA,NA,NA,NA,NA,NA,NA,"ABBY_062_vst_ABBY_2020","d6adf231-ed45-4c9b-88de-dbdc6282aaa1","ABBY_062.basePlot.vst",2020-08-26,"D16","ABBY","tower","evergreenForest",45.763476,-122.328069,"WGS84",20.1,552250.39,5067988.12,"10N",342.2,0.2,"OK","vst_ABBY_2020","towerSubset","allGrowthForms","39 | 41","NEON.DOC.000987vJ","Y","Y","Y","Y","presentInAll","Y","presentInAll","N",NA,25,"noneSelected",800,100,800,"Ferns present but not sampled AY20.",2021,"neon_abby2021","ABBY_062_vst_ABBY_2020"
"135","PSMEM","ABBY_062","NEON.PLA.D16.ABBY.03174",1,"ok","single bole tree","Live",13.2,140,"noChange",9.4,NA,NA,NA,4.5,4,"Partially shaded","",NA,NA,NA,NA,NA,NA,NA,NA,NA,NA,NA,NA,"","0000-0002-0205-7735","0000-0003-0562-3007",NA,"73c51518-5c66-4f19-a0a4-4de9cedfd9a6","ABBY_062.basePlot.vst","2018-07-26","vst_ABBY_2018","D16","ABBY","ABBY_062",41,NA,43,8.7,298.9,"","","","NEON.DOC.000987vG","Pseudotsuga menziesii (Mirb.) Franco var. menziesii","variety",NA,NA,NA,"","","hspencer@battelleecology.org","ccordell@battelleecology.org",NA,1,4.25,2020-09-25,"Pseudotsuga menziesii var. menziesii","mh",NA,"PSMEM","","Douglas-fir","Pseudotsuga menziesii var. menziesii",5,"jenkins2003","USA",1,0.56,-2.48,2.4835,0.360458,NA,NA,NA,NA,NA,NA,NA,NA,NA,"ABBY_062_vst_ABBY_2020","d6adf231-ed45-4c9b-88de-dbdc6282aaa1","ABBY_062.basePlot.vst",2020-08-26,"D16","ABBY","tower","evergreenForest",45.763476,-122.328069,"WGS84",20.1,552250.39,5067988.12,"10N",342.2,0.2,"OK","vst_ABBY_2020","towerSubset","allGrowthForms","39 | 41","NEON.DOC.000987vJ","Y","Y","Y","Y","presentInAll","Y","presentInAll","N",NA,25,"noneSelected",800,100,800,"Ferns present but not sampled AY20.",2021,"neon_abby2021","ABBY_062_vst_ABBY_2020"
"136","PSMEM","ABBY_073","NEON.PLA.D16.ABBY.00041",1,"ok","single bole tree","Live",17.2,124,"noChange",9.5,NA,NA,NA,5.1,4.4,"Partially shaded","",NA,NA,NA,NA,NA,NA,NA,NA,NA,NA,NA,NA,"","0000-0001-9521-413X","0000-0002-2759-254X",NA,"c1b19e16-3a25-49a8-9ff0-c95a40a69476","ABBY_073.basePlot.vst","2016-10-12","vst_ABBY_2016","D16","ABBY","ABBY_073",39,NA,39,5.9,25.6,"","","","NEON.DOC.000987vE","Pseudotsuga menziesii (Mirb.) Franco var. menziesii","variety",NA,NA,NA,"","","wsalas@field-ops.org","bgorzek@field-ops.org",NA,1,4.75,2020-09-25,"Pseudotsuga menziesii var. menziesii","mh",NA,"PSMEM","","Douglas-fir","Pseudotsuga menziesii var. menziesii",5,"jenkins2003","USA",1,0.56,-2.48,2.4835,0.360458,NA,NA,NA,NA,NA,NA,NA,NA,NA,"ABBY_073_vst_ABBY_2020","80f00bfb-76b5-448e-b0a5-bd28fb04583d","ABBY_073.basePlot.vst",2020-08-26,"D16","ABBY","tower","evergreenForest",45.762944,-122.324601,"WGS84",20.1,552520.56,5067931.28,"10N",336.5,0.1,"OK","vst_ABBY_2020","towerSubset","allGrowthForms","23 | 39","NEON.DOC.000987vJ","Y","Y","Y","Y","presentInAll","Y","presentInAll","N",NA,10,"noneSelected",800,40,800,"Ferns present but not sampled AY20.",2021,"neon_abby2021","ABBY_073_vst_ABBY_2020"
"137","PSMEM","ABBY_073","NEON.PLA.D16.ABBY.03585",1,"ok","single bole tree","Live",11.9,130,"noChange",7.1,NA,NA,NA,4.1,4,"Partially shaded","",NA,NA,NA,NA,NA,NA,NA,NA,NA,NA,NA,NA,"","0000-0001-9713-5304","0000-0002-7203-5072",NA,"fa52e9b7-19e7-4ed4-b9e8-5bf485417a4d","ABBY_073.basePlot.vst","2019-10-28","vst_ABBY_2019","D16","ABBY","ABBY_073",23,NA,23,5,85.3,"map and tag","","","NEON.DOC.000987vH","Pseudotsuga menziesii (Mirb.) Franco var. menziesii","variety",NA,NA,NA,"","","0000-0001-8510-4041","0000-0003-2593-761X",NA,1,4.05,2020-09-25,"Pseudotsuga menziesii var. menziesii","mh",NA,"PSMEM","","Douglas-fir","Pseudotsuga menziesii var. menziesii",5,"jenkins2003","USA",1,0.56,-2.48,2.4835,0.360458,NA,NA,NA,NA,NA,NA,NA,NA,NA,"ABBY_073_vst_ABBY_2020","80f00bfb-76b5-448e-b0a5-bd28fb04583d","ABBY_073.basePlot.vst",2020-08-26,"D16","ABBY","tower","evergreenForest",45.762944,-122.324601,"WGS84",20.1,552520.56,5067931.28,"10N",336.5,0.1,"OK","vst_ABBY_2020","towerSubset","allGrowthForms","23 | 39","NEON.DOC.000987vJ","Y","Y","Y","Y","presentInAll","Y","presentInAll","N",NA,10,"noneSelected",800,40,800,"Ferns present but not sampled AY20.",2021,"neon_abby2021","ABBY_073_vst_ABBY_2020"
"138","PSMEM","ABBY_062","NEON.PLA.D16.ABBY.09751",1,"","single bole tree","Live",10.3,130,"noChange",9.3,NA,NA,NA,4.2,3.2,"Partially shaded","",NA,NA,NA,NA,NA,NA,NA,NA,NA,NA,NA,NA,"","0000-0002-0205-7735","0000-0003-0562-3007",NA,"a7def1ae-f158-4ca4-8748-ace72bbc854f","ABBY_062.basePlot.vst","2020-09-26","vst_ABBY_2020","D16","ABBY","ABBY_062",41,NA,61,11.9,214.2,"map and tag","","","NEON.DOC.000987vJ","Pseudotsuga menziesii (Mirb.) Franco var. menziesii","variety",NA,NA,NA,"","","0000-0002-2759-254X","0000-0001-9521-413X",NA,1,3.7,2020-09-25,"Pseudotsuga menziesii var. menziesii","mh",NA,"PSMEM","","Douglas-fir","Pseudotsuga menziesii var. menziesii",5,"jenkins2003","USA",1,0.56,-2.48,2.4835,0.360458,NA,NA,NA,NA,NA,NA,NA,NA,NA,"ABBY_062_vst_ABBY_2020","d6adf231-ed45-4c9b-88de-dbdc6282aaa1","ABBY_062.basePlot.vst",2020-08-26,"D16","ABBY","tower","evergreenForest",45.763476,-122.328069,"WGS84",20.1,552250.39,5067988.12,"10N",342.2,0.2,"OK","vst_ABBY_2020","towerSubset","allGrowthForms","39 | 41","NEON.DOC.000987vJ","Y","Y","Y","Y","presentInAll","Y","presentInAll","N",NA,25,"noneSelected",800,100,800,"Ferns present but not sampled AY20.",2021,"neon_abby2021","ABBY_062_vst_ABBY_2020"
"139","PSMEM","ABBY_063","NEON.PLA.D16.ABBY.00446",1,"ok","single bole tree","Live",16.3,138,"noChange",10.6,NA,NA,NA,5,4.6,"Partially shaded","",NA,NA,NA,NA,NA,NA,NA,NA,NA,NA,NA,NA,"","0000-0001-8510-4041","0000-0003-2593-761X",NA,"9727435e-e8b1-41f6-bd79-793d987a2d3f","ABBY_063.basePlot.vst","2015-07-23","vst_ABBY_2015","D16","ABBY","ABBY_063",39,NA,39,14.7,10.3,"","","","NEON.DOC.000987vE","Pseudotsuga menziesii (Mirb.) Franco var. menziesii","variety",NA,NA,NA,"","","krian@neoninc.org","kzias@field-ops.org",NA,1,4.8,2020-09-24,"Pseudotsuga menziesii var. menziesii","mh",NA,"PSMEM","","Douglas-fir","Pseudotsuga menziesii var. menziesii",5,"jenkins2003","USA",1,0.56,-2.48,2.4835,0.360458,NA,NA,NA,NA,NA,NA,NA,NA,NA,"ABBY_063_vst_ABBY_2020","c78fb7f0-87a1-4081-b325-ce1ef95399df","ABBY_063.basePlot.vst",2020-08-26,"D16","ABBY","tower","evergreenForest",45.760513,-122.330039,"WGS84",20.1,552099.96,5067657.64,"10N",362.2,0.1,"OK","vst_ABBY_2020","towerSubset","allGrowthForms","21 | 39","NEON.DOC.000987vJ","Y","Y","Y","Y","presentInAll","Y","presentInAll","N",NA,100,"noneSelected",800,400,800,"nested WST reduced to 100 m^2 per RITM0027653. Ferns present but not sampled AY20.",2021,"neon_abby2021","ABBY_063_vst_ABBY_2020"
"140","PSMEM","ABBY_062","NEON.PLA.D16.ABBY.00279",1,"ok","single bole tree","Live",15.2,130,"noChange",9.5,NA,NA,NA,4.9,4.6,"Partially shaded","",NA,NA,NA,NA,NA,NA,NA,NA,NA,NA,NA,NA,"","0000-0002-4816-2610","0000-0003-2593-761X",NA,"ce78b2b0-6e55-4916-9c89-f2e6170abbbe","ABBY_062.basePlot.vst","2016-10-19","vst_ABBY_2016","D16","ABBY","ABBY_062",39,NA,39,9.1,50,"","","","NEON.DOC.000987vE","Pseudotsuga menziesii (Mirb.) Franco var. menziesii","variety",NA,NA,NA,"","","vschmitt@field-ops.org","ndeweese@field-ops.org",NA,1,4.75,2020-09-25,"Pseudotsuga menziesii var. menziesii","mh",NA,"PSMEM","","Douglas-fir","Pseudotsuga menziesii var. menziesii",5,"jenkins2003","USA",1,0.56,-2.48,2.4835,0.360458,NA,NA,NA,NA,NA,NA,NA,NA,NA,"ABBY_062_vst_ABBY_2020","d6adf231-ed45-4c9b-88de-dbdc6282aaa1","ABBY_062.basePlot.vst",2020-08-26,"D16","ABBY","tower","evergreenForest",45.763476,-122.328069,"WGS84",20.1,552250.39,5067988.12,"10N",342.2,0.2,"OK","vst_ABBY_2020","towerSubset","allGrowthForms","39 | 41","NEON.DOC.000987vJ","Y","Y","Y","Y","presentInAll","Y","presentInAll","N",NA,25,"noneSelected",800,100,800,"Ferns present but not sampled AY20.",2021,"neon_abby2021","ABBY_062_vst_ABBY_2020"
"141","PSMEM","ABBY_062","NEON.PLA.D16.ABBY.03169",NA,"ok","single bole tree","Live",14.5,130,"noChange",10.3,NA,NA,NA,4.1,3.9,"Partially shaded","",NA,NA,NA,NA,NA,NA,NA,NA,NA,NA,NA,NA,"","0000-0002-0205-7735","0000-0003-0562-3007",NA,"29ef0729-f0e1-4399-9771-401c17ba17cf","ABBY_062.basePlot.vst","2018-07-26","vst_ABBY_2018","D16","ABBY","ABBY_062",41,NA,59,10,145.4,"","","","NEON.DOC.000987vG","Pseudotsuga menziesii (Mirb.) Franco var. menziesii","variety",NA,NA,NA,"","","hspencer@battelleecology.org","ccordell@battelleecology.org",NA,1,4,2020-09-25,"Pseudotsuga menziesii var. menziesii","mh",NA,"PSMEM","","Douglas-fir","Pseudotsuga menziesii var. menziesii",5,"jenkins2003","USA",1,0.56,-2.48,2.4835,0.360458,NA,NA,NA,NA,NA,NA,NA,NA,NA,"ABBY_062_vst_ABBY_2020","d6adf231-ed45-4c9b-88de-dbdc6282aaa1","ABBY_062.basePlot.vst",2020-08-26,"D16","ABBY","tower","evergreenForest",45.763476,-122.328069,"WGS84",20.1,552250.39,5067988.12,"10N",342.2,0.2,"OK","vst_ABBY_2020","towerSubset","allGrowthForms","39 | 41","NEON.DOC.000987vJ","Y","Y","Y","Y","presentInAll","Y","presentInAll","N",NA,25,"noneSelected",800,100,800,"Ferns present but not sampled AY20.",2021,"neon_abby2021","ABBY_062_vst_ABBY_2020"
"142","PSMEM","ABBY_061","NEON.PLA.D16.ABBY.00950",NA,"ok","single bole tree","Live",19,130,"noChange",10.3,NA,NA,NA,5,4.6,"Partially shaded","",NA,NA,NA,NA,NA,NA,NA,NA,NA,NA,NA,NA,"","0000-0002-7203-5072","0000-0001-9521-413X",NA,"0ba11dd7-89d3-44f1-ba88-fcf116dfddbc","ABBY_061.basePlot.vst","2016-10-25","vst_ABBY_2016","D16","ABBY","ABBY_061",21,NA,39,7.1,155.4,"","","","NEON.DOC.000987vE","Pseudotsuga menziesii (Mirb.) Franco var. menziesii","variety",NA,NA,NA,"","","ndeweese@field-ops.org","edauria@battelleecology.org",NA,1,4.8,2020-09-23,"Pseudotsuga menziesii var. menziesii","mh",NA,"PSMEM","","Douglas-fir","Pseudotsuga menziesii var. menziesii",5,"jenkins2003","USA",1,0.56,-2.48,2.4835,0.360458,NA,NA,NA,NA,NA,NA,NA,NA,NA,"ABBY_061_vst_ABBY_2020","11747686-bb34-4a45-8b5c-ce1766d6d657","ABBY_061.basePlot.vst",2020-08-26,"D16","ABBY","tower","evergreenForest",45.762451,-122.331158,"WGS84",20.1,552011.14,5067872.22,"10N",362.8,0.1,"OK","vst_ABBY_2020","towerSubset","allGrowthForms","21 | 39","NEON.DOC.000987vJ","Y","Y","Y","Y","presentInAll","Y","presentInAll","N",NA,100,"noneSelected",800,400,800,"Ferns present but not sampled AY20.",2021,"neon_abby2021","ABBY_061_vst_ABBY_2020"
"143","PSMEM","ABBY_073","NEON.PLA.D16.ABBY.00026",1,"ok","multi-bole tree","Live, broken bole",55,130,"noChange",37.5,NA,36.9,20,7.3,5.5,"Full sun","",NA,NA,NA,NA,NA,NA,NA,NA,NA,NA,NA,NA,"","0000-0001-9713-5304","0000-0002-7203-5072",NA,"c580070a-a44b-4655-b8c2-3da607706c83","ABBY_073.basePlot.vst","2019-07-31","vst_ABBY_2019","D16","ABBY","ABBY_073",23,NA,25,4.2,271.7,"map and tag","","00026A","NEON.DOC.000987vH","Pseudotsuga menziesii (Mirb.) Franco var. menziesii","variety",NA,NA,NA,"","00026 removed in thinning event. Removed tag 00026A and attached tag 00026 to remaining bole. Correct nested to 'none'.","0000-0001-8510-4041","0000-0003-2593-761X",NA,1,6.4,2020-09-25,"Pseudotsuga menziesii var. menziesii","mh",NA,"PSMEM","","Douglas-fir","Pseudotsuga menziesii var. menziesii",5,"jenkins2003","USA",1,0.56,-2.48,2.4835,0.360458,NA,NA,NA,NA,NA,NA,NA,NA,NA,"ABBY_073_vst_ABBY_2020","80f00bfb-76b5-448e-b0a5-bd28fb04583d","ABBY_073.basePlot.vst",2020-08-26,"D16","ABBY","tower","evergreenForest",45.762944,-122.324601,"WGS84",20.1,552520.56,5067931.28,"10N",336.5,0.1,"OK","vst_ABBY_2020","towerSubset","allGrowthForms","23 | 39","NEON.DOC.000987vJ","Y","Y","Y","Y","presentInAll","Y","presentInAll","N",NA,10,"noneSelected",800,40,800,"Ferns present but not sampled AY20.",2021,"neon_abby2021","ABBY_073_vst_ABBY_2020"
"144","PSMEM","ABBY_070","NEON.PLA.D16.ABBY.00670",NA,"ok","single bole tree","Live",13.1,150,"noChange",10.7,NA,NA,NA,4.3,3.8,"Partially shaded","",NA,NA,NA,NA,NA,NA,NA,NA,NA,NA,NA,NA,"","0000-0002-7203-5072","0000-0003-0562-3007",NA,"0d91afe4-3df4-4fcb-b046-d84281a9396f","ABBY_070.basePlot.vst","2015-07-29","vst_ABBY_2015","D16","ABBY","ABBY_070",39,1,39,4.3,9.3,"","","","NEON.DOC.000987vE","Pseudotsuga menziesii (Mirb.) Franco var. menziesii","variety",NA,NA,NA,"","updated taxonID from PSME to PSMEM","kzias@field-ops.org","shiebert@neoninc.org",NA,1,4.05,2020-09-23,"Pseudotsuga menziesii var. menziesii","mh",NA,"PSMEM","","Douglas-fir","Pseudotsuga menziesii var. menziesii",5,"jenkins2003","USA",1,0.56,-2.48,2.4835,0.360458,NA,NA,NA,NA,NA,NA,NA,NA,NA,"ABBY_070_vst_ABBY_2020","8b88ad30-ba5a-4e07-ac8d-2be764c6c3e0","ABBY_070.basePlot.vst",2020-08-26,"D16","ABBY","tower","evergreenForest",45.761334,-122.330793,"WGS84",20.1,552040.56,5067748.36,"10N",363.1,0.1,"OK","vst_ABBY_2020","towerSubset","allGrowthForms","21 | 39","NEON.DOC.000987vJ","Y","Y","Y","Y","presentInAll","Y","presentInAll","N",NA,100,"noneSelected",800,400,800,"Ferns present but not sampled AY20.",2021,"neon_abby2021","ABBY_070_vst_ABBY_2020"
"145","PSMEM","ABBY_062","NEON.PLA.D16.ABBY.00788",NA,"ok","single bole tree","Live",10.7,130,"noChange",8.3,NA,NA,NA,3.1,3.1,"Partially shaded","",NA,NA,NA,NA,NA,NA,NA,NA,NA,NA,NA,NA,"","0000-0002-4816-2610","0000-0003-2593-761X",NA,"e7473923-0c02-465b-b204-1bf219beb87b","ABBY_062.basePlot.vst","2019-11-06","vst_ABBY_2019","D16","ABBY","ABBY_062",39,1,39,4.7,22.9,"map and tag","","","NEON.DOC.000987vH","Pseudotsuga menziesii (Mirb.) Franco var. menziesii","variety",NA,NA,NA,"","","0000-0003-1908-4817","0000-0003-1908-4817",NA,1,3.1,2020-09-25,"Pseudotsuga menziesii var. menziesii","mh",NA,"PSMEM","","Douglas-fir","Pseudotsuga menziesii var. menziesii",5,"jenkins2003","USA",1,0.56,-2.48,2.4835,0.360458,NA,NA,NA,NA,NA,NA,NA,NA,NA,"ABBY_062_vst_ABBY_2020","d6adf231-ed45-4c9b-88de-dbdc6282aaa1","ABBY_062.basePlot.vst",2020-08-26,"D16","ABBY","tower","evergreenForest",45.763476,-122.328069,"WGS84",20.1,552250.39,5067988.12,"10N",342.2,0.2,"OK","vst_ABBY_2020","towerSubset","allGrowthForms","39 | 41","NEON.DOC.000987vJ","Y","Y","Y","Y","presentInAll","Y","presentInAll","N",NA,25,"noneSelected",800,100,800,"Ferns present but not sampled AY20.",2021,"neon_abby2021","ABBY_062_vst_ABBY_2020"
"146","PSMEM","ABBY_073","NEON.PLA.D16.ABBY.03565",1,"ok","single bole tree","Live",12.5,150,"noChange",7.7,NA,NA,NA,4.5,4,"Partially shaded","",NA,NA,NA,NA,NA,NA,NA,NA,NA,NA,NA,NA,"Stem diameter Measured at previous marking.","0000-0001-9521-413X","0000-0002-2759-254X",NA,"b3f10ee1-682d-4e08-b695-8ac6a82ff6b0","ABBY_073.basePlot.vst","2019-10-28","vst_ABBY_2019","D16","ABBY","ABBY_073",39,NA,41,6.4,344.8,"map and tag","","","NEON.DOC.000987vH","Pseudotsuga menziesii (Mirb.) Franco var. menziesii","variety",NA,NA,NA,"","","0000-0001-8510-4041","0000-0003-2593-761X",NA,1,4.25,2020-09-25,"Pseudotsuga menziesii var. menziesii","mh",NA,"PSMEM","","Douglas-fir","Pseudotsuga menziesii var. menziesii",5,"jenkins2003","USA",1,0.56,-2.48,2.4835,0.360458,NA,NA,NA,NA,NA,NA,NA,NA,NA,"ABBY_073_vst_ABBY_2020","80f00bfb-76b5-448e-b0a5-bd28fb04583d","ABBY_073.basePlot.vst",2020-08-26,"D16","ABBY","tower","evergreenForest",45.762944,-122.324601,"WGS84",20.1,552520.56,5067931.28,"10N",336.5,0.1,"OK","vst_ABBY_2020","towerSubset","allGrowthForms","23 | 39","NEON.DOC.000987vJ","Y","Y","Y","Y","presentInAll","Y","presentInAll","N",NA,10,"noneSelected",800,40,800,"Ferns present but not sampled AY20.",2021,"neon_abby2021","ABBY_073_vst_ABBY_2020"
"147","PSMEM","ABBY_061","NEON.PLA.D16.ABBY.00653A",1,"ok","multi-bole tree","Live",11.1,130,"boleChange",9.9,NA,NA,NA,4.4,4,"Partially shaded","",NA,NA,NA,NA,NA,NA,NA,NA,NA,NA,NA,NA,"","0000-0003-2593-761X","0000-0002-0205-7735",NA,"19637705-1d3c-44e0-8bed-1c98dcc285f6","ABBY_061.basePlot.vst","2019-10-22","vst_ABBY_2019","D16","ABBY","ABBY_061",39,NA,NA,NA,NA,"tag only","","","NEON.DOC.000987vH","Pseudotsuga menziesii (Mirb.) Franco var. menziesii","variety",NA,NA,NA,"","","0000-0001-8510-4041","0000-0003-2593-761X",NA,1,4.2,2020-09-23,"Pseudotsuga menziesii var. menziesii","mh",NA,"PSMEM","","Douglas-fir","Pseudotsuga menziesii var. menziesii",5,"jenkins2003","USA",1,0.56,-2.48,2.4835,0.360458,NA,NA,NA,NA,NA,NA,NA,NA,NA,"ABBY_061_vst_ABBY_2020","11747686-bb34-4a45-8b5c-ce1766d6d657","ABBY_061.basePlot.vst",2020-08-26,"D16","ABBY","tower","evergreenForest",45.762451,-122.331158,"WGS84",20.1,552011.14,5067872.22,"10N",362.8,0.1,"OK","vst_ABBY_2020","towerSubset","allGrowthForms","21 | 39","NEON.DOC.000987vJ","Y","Y","Y","Y","presentInAll","Y","presentInAll","N",NA,100,"noneSelected",800,400,800,"Ferns present but not sampled AY20.",2021,"neon_abby2021","ABBY_061_vst_ABBY_2020"
"148","PSMEM","ABBY_061","NEON.PLA.D16.ABBY.00644",1,"ok","single bole tree","Live",13.6,135,"branchGrowth",10.9,NA,NA,NA,4.5,4.4,"Mostly shaded","",NA,NA,NA,NA,NA,NA,NA,NA,NA,NA,NA,NA,"","0000-0003-2593-761X","0000-0002-0205-7735",NA,"35b6a927-3b79-4b2e-ae00-6f6f7436a452","ABBY_061.basePlot.vst","2019-10-22","vst_ABBY_2019","D16","ABBY","ABBY_061",39,NA,49,4.5,250.7,"map and tag","","","NEON.DOC.000987vH","Pseudotsuga menziesii (Mirb.) Franco var. menziesii","variety",NA,NA,NA,"","","0000-0001-8510-4041","0000-0003-2593-761X",NA,1,4.45,2020-09-23,"Pseudotsuga menziesii var. menziesii","mh",NA,"PSMEM","","Douglas-fir","Pseudotsuga menziesii var. menziesii",5,"jenkins2003","USA",1,0.56,-2.48,2.4835,0.360458,NA,NA,NA,NA,NA,NA,NA,NA,NA,"ABBY_061_vst_ABBY_2020","11747686-bb34-4a45-8b5c-ce1766d6d657","ABBY_061.basePlot.vst",2020-08-26,"D16","ABBY","tower","evergreenForest",45.762451,-122.331158,"WGS84",20.1,552011.14,5067872.22,"10N",362.8,0.1,"OK","vst_ABBY_2020","towerSubset","allGrowthForms","21 | 39","NEON.DOC.000987vJ","Y","Y","Y","Y","presentInAll","Y","presentInAll","N",NA,100,"noneSelected",800,400,800,"Ferns present but not sampled AY20.",2021,"neon_abby2021","ABBY_061_vst_ABBY_2020"
"149","PSMEM","ABBY_061","NEON.PLA.D16.ABBY.00651",NA,"ok","single bole tree","Live",14.6,140,"noChange",10.5,NA,NA,NA,4.8,3.9,"Partially shaded","",NA,NA,NA,NA,NA,NA,NA,NA,NA,NA,NA,NA,"","0000-0003-2593-761X","0000-0002-0205-7735",NA,"680023b2-d686-450d-b806-96cbd3283afb","ABBY_061.basePlot.vst","2019-10-22","vst_ABBY_2019","D16","ABBY","ABBY_061",39,NA,49,7.5,296.3,"map and tag","","","NEON.DOC.000987vH","Pseudotsuga menziesii (Mirb.) Franco var. menziesii","variety",NA,NA,NA,"","","0000-0001-8510-4041","0000-0003-2593-761X",NA,1,4.35,2020-09-23,"Pseudotsuga menziesii var. menziesii","mh",NA,"PSMEM","","Douglas-fir","Pseudotsuga menziesii var. menziesii",5,"jenkins2003","USA",1,0.56,-2.48,2.4835,0.360458,NA,NA,NA,NA,NA,NA,NA,NA,NA,"ABBY_061_vst_ABBY_2020","11747686-bb34-4a45-8b5c-ce1766d6d657","ABBY_061.basePlot.vst",2020-08-26,"D16","ABBY","tower","evergreenForest",45.762451,-122.331158,"WGS84",20.1,552011.14,5067872.22,"10N",362.8,0.1,"OK","vst_ABBY_2020","towerSubset","allGrowthForms","21 | 39","NEON.DOC.000987vJ","Y","Y","Y","Y","presentInAll","Y","presentInAll","N",NA,100,"noneSelected",800,400,800,"Ferns present but not sampled AY20.",2021,"neon_abby2021","ABBY_061_vst_ABBY_2020"
"150","PSMEM","ABBY_062","NEON.PLA.D16.ABBY.01979",1,"ok","single bole tree","Live",15.2,130,"noChange",11.4,NA,NA,NA,4.7,4.6,"Partially shaded","",NA,NA,NA,NA,NA,NA,NA,NA,NA,NA,NA,NA,"","0000-0002-4816-2610","0000-0003-2593-761X",NA,"cfdd2700-917b-4cfa-b7c1-b2e8cb137e2f","ABBY_062.basePlot.vst","2017-09-15","vst_ABBY_2017","D16","ABBY","ABBY_062",39,NA,39,13.3,33.6,"","","","NEON.DOC.000987vE","Pseudotsuga menziesii (Mirb.) Franco var. menziesii","variety",NA,NA,NA,"","","Jbush@battelleecology.org","kwells@battelleecology.org",NA,1,4.65,2020-09-25,"Pseudotsuga menziesii var. menziesii","mh",NA,"PSMEM","","Douglas-fir","Pseudotsuga menziesii var. menziesii",5,"jenkins2003","USA",1,0.56,-2.48,2.4835,0.360458,NA,NA,NA,NA,NA,NA,NA,NA,NA,"ABBY_062_vst_ABBY_2020","d6adf231-ed45-4c9b-88de-dbdc6282aaa1","ABBY_062.basePlot.vst",2020-08-26,"D16","ABBY","tower","evergreenForest",45.763476,-122.328069,"WGS84",20.1,552250.39,5067988.12,"10N",342.2,0.2,"OK","vst_ABBY_2020","towerSubset","allGrowthForms","39 | 41","NEON.DOC.000987vJ","Y","Y","Y","Y","presentInAll","Y","presentInAll","N",NA,25,"noneSelected",800,100,800,"Ferns present but not sampled AY20.",2021,"neon_abby2021","ABBY_062_vst_ABBY_2020"
"151","PSMEM","ABBY_073","NEON.PLA.D16.ABBY.00039",1,"ok","single bole tree","Live",14.7,130,"noChange",10.1,NA,NA,NA,4.2,4.2,"Partially shaded","",NA,NA,NA,NA,NA,NA,NA,NA,NA,NA,NA,NA,"","0000-0001-9521-413X","0000-0002-2759-254X",NA,"9aa50561-eedd-4999-a781-179bedbbc2d7","ABBY_073.basePlot.vst","2016-10-12","vst_ABBY_2016","D16","ABBY","ABBY_073",39,NA,41,2.6,301.1,"","","","NEON.DOC.000987vE","Pseudotsuga menziesii (Mirb.) Franco var. menziesii","variety",NA,NA,NA,"","","wsalas@field-ops.org","bgorzek@field-ops.org",NA,1,4.2,2020-09-25,"Pseudotsuga menziesii var. menziesii","mh",NA,"PSMEM","","Douglas-fir","Pseudotsuga menziesii var. menziesii",5,"jenkins2003","USA",1,0.56,-2.48,2.4835,0.360458,NA,NA,NA,NA,NA,NA,NA,NA,NA,"ABBY_073_vst_ABBY_2020","80f00bfb-76b5-448e-b0a5-bd28fb04583d","ABBY_073.basePlot.vst",2020-08-26,"D16","ABBY","tower","evergreenForest",45.762944,-122.324601,"WGS84",20.1,552520.56,5067931.28,"10N",336.5,0.1,"OK","vst_ABBY_2020","towerSubset","allGrowthForms","23 | 39","NEON.DOC.000987vJ","Y","Y","Y","Y","presentInAll","Y","presentInAll","N",NA,10,"noneSelected",800,40,800,"Ferns present but not sampled AY20.",2021,"neon_abby2021","ABBY_073_vst_ABBY_2020"
"152","PSMEM","ABBY_073","NEON.PLA.D16.ABBY.03588",1,"ok","single bole tree","Live",12.1,130,"noChange",8.2,NA,NA,NA,3.8,3.3,"Partially shaded","",NA,NA,NA,NA,NA,NA,NA,NA,NA,NA,NA,NA,"","0000-0001-9713-5304","0000-0002-7203-5072",NA,"7c9312ba-aff6-4a4e-9d02-f70d4b5d90b0","ABBY_073.basePlot.vst","2019-10-28","vst_ABBY_2019","D16","ABBY","ABBY_073",23,NA,41,12.7,159,"map and tag","","","NEON.DOC.000987vH","Pseudotsuga menziesii (Mirb.) Franco var. menziesii","variety",NA,NA,NA,"","","0000-0001-8510-4041","0000-0003-2593-761X",NA,1,3.55,2020-09-25,"Pseudotsuga menziesii var. menziesii","mh",NA,"PSMEM","","Douglas-fir","Pseudotsuga menziesii var. menziesii",5,"jenkins2003","USA",1,0.56,-2.48,2.4835,0.360458,NA,NA,NA,NA,NA,NA,NA,NA,NA,"ABBY_073_vst_ABBY_2020","80f00bfb-76b5-448e-b0a5-bd28fb04583d","ABBY_073.basePlot.vst",2020-08-26,"D16","ABBY","tower","evergreenForest",45.762944,-122.324601,"WGS84",20.1,552520.56,5067931.28,"10N",336.5,0.1,"OK","vst_ABBY_2020","towerSubset","allGrowthForms","23 | 39","NEON.DOC.000987vJ","Y","Y","Y","Y","presentInAll","Y","presentInAll","N",NA,10,"noneSelected",800,40,800,"Ferns present but not sampled AY20.",2021,"neon_abby2021","ABBY_073_vst_ABBY_2020"
"153","PSMEM","ABBY_062","NEON.PLA.D16.ABBY.03608",1,"ok","single bole tree","Live",11.6,130,"noChange",9.6,NA,NA,NA,3.9,3.5,"Partially shaded","",NA,NA,NA,NA,NA,NA,NA,NA,NA,NA,NA,NA,"","0000-0002-0205-7735","0000-0003-0562-3007",NA,"752e57a4-7a9d-4fd4-891e-70260962de26","ABBY_062.basePlot.vst","2019-11-06","vst_ABBY_2019","D16","ABBY","ABBY_062",41,NA,43,14,318.1,"map and tag","","","NEON.DOC.000987vH","Pseudotsuga menziesii (Mirb.) Franco var. menziesii","variety",NA,NA,NA,"","","0000-0001-8510-4041","0000-0002-4400-4199",NA,1,3.7,2020-09-25,"Pseudotsuga menziesii var. menziesii","mh",NA,"PSMEM","","Douglas-fir","Pseudotsuga menziesii var. menziesii",5,"jenkins2003","USA",1,0.56,-2.48,2.4835,0.360458,NA,NA,NA,NA,NA,NA,NA,NA,NA,"ABBY_062_vst_ABBY_2020","d6adf231-ed45-4c9b-88de-dbdc6282aaa1","ABBY_062.basePlot.vst",2020-08-26,"D16","ABBY","tower","evergreenForest",45.763476,-122.328069,"WGS84",20.1,552250.39,5067988.12,"10N",342.2,0.2,"OK","vst_ABBY_2020","towerSubset","allGrowthForms","39 | 41","NEON.DOC.000987vJ","Y","Y","Y","Y","presentInAll","Y","presentInAll","N",NA,25,"noneSelected",800,100,800,"Ferns present but not sampled AY20.",2021,"neon_abby2021","ABBY_062_vst_ABBY_2020"
"154","PSMEM","ABBY_062","NEON.PLA.D16.ABBY.00759",NA,"ok","single bole tree","Live",14,130,"noChange",7.6,NA,NA,NA,5.1,4.2,"Partially shaded","",NA,NA,NA,NA,NA,NA,NA,NA,NA,NA,NA,NA,"","0000-0002-0205-7735","0000-0003-0562-3007",NA,"69d3eed5-ba87-4826-a592-be014988971b","ABBY_062.basePlot.vst","2016-10-19","vst_ABBY_2016","D16","ABBY","ABBY_062",41,4,61,4.1,251.7,"","","","NEON.DOC.000987vE","Pseudotsuga menziesii (Mirb.) Franco var. menziesii","variety",NA,NA,NA,"","Mapped 2017 Individual clearly falls within plot. Correct bearing is 286.2 which is greater than 270","wsalas@field-ops.org","bgorzek@field-ops.org",NA,1,4.65,2020-09-25,"Pseudotsuga menziesii var. menziesii","mh",NA,"PSMEM","","Douglas-fir","Pseudotsuga menziesii var. menziesii",5,"jenkins2003","USA",1,0.56,-2.48,2.4835,0.360458,NA,NA,NA,NA,NA,NA,NA,NA,NA,"ABBY_062_vst_ABBY_2020","d6adf231-ed45-4c9b-88de-dbdc6282aaa1","ABBY_062.basePlot.vst",2020-08-26,"D16","ABBY","tower","evergreenForest",45.763476,-122.328069,"WGS84",20.1,552250.39,5067988.12,"10N",342.2,0.2,"OK","vst_ABBY_2020","towerSubset","allGrowthForms","39 | 41","NEON.DOC.000987vJ","Y","Y","Y","Y","presentInAll","Y","presentInAll","N",NA,25,"noneSelected",800,100,800,"Ferns present but not sampled AY20.",2021,"neon_abby2021","ABBY_062_vst_ABBY_2020"
"155","PSMEM","ABBY_062","NEON.PLA.D16.ABBY.00752",NA,"ok","single bole tree","Live",13.7,130,"noChange",9.6,NA,NA,NA,4.8,3.7,"Partially shaded","",NA,NA,NA,NA,NA,NA,NA,NA,NA,NA,NA,NA,"","0000-0002-0205-7735","0000-0003-0562-3007",NA,"e056b3d6-a607-4ad2-bb7b-6d3ffe7e7049","ABBY_062.basePlot.vst","2019-11-06","vst_ABBY_2019","D16","ABBY","ABBY_062",41,NA,41,6.3,41.6,"map and tag","","","NEON.DOC.000987vH","Pseudotsuga menziesii (Mirb.) Franco var. menziesii","variety",NA,NA,NA,"","","0000-0001-8510-4041","0000-0002-4400-4199",NA,1,4.25,2020-09-25,"Pseudotsuga menziesii var. menziesii","mh",NA,"PSMEM","","Douglas-fir","Pseudotsuga menziesii var. menziesii",5,"jenkins2003","USA",1,0.56,-2.48,2.4835,0.360458,NA,NA,NA,NA,NA,NA,NA,NA,NA,"ABBY_062_vst_ABBY_2020","d6adf231-ed45-4c9b-88de-dbdc6282aaa1","ABBY_062.basePlot.vst",2020-08-26,"D16","ABBY","tower","evergreenForest",45.763476,-122.328069,"WGS84",20.1,552250.39,5067988.12,"10N",342.2,0.2,"OK","vst_ABBY_2020","towerSubset","allGrowthForms","39 | 41","NEON.DOC.000987vJ","Y","Y","Y","Y","presentInAll","Y","presentInAll","N",NA,25,"noneSelected",800,100,800,"Ferns present but not sampled AY20.",2021,"neon_abby2021","ABBY_062_vst_ABBY_2020"
"156","PSMEM","ABBY_062","NEON.PLA.D16.ABBY.03172",1,"ok","single bole tree","Live",14.6,130,"noChange",10,NA,NA,NA,5.1,5,"Partially shaded","",NA,NA,NA,NA,NA,NA,NA,NA,NA,NA,NA,NA,"","0000-0002-0205-7735","0000-0003-0562-3007",NA,"957d3dc3-a5bd-443c-a7f0-3b2b83f93ed3","ABBY_062.basePlot.vst","2018-07-26","vst_ABBY_2018","D16","ABBY","ABBY_062",41,NA,61,7.2,213.1,"","","","NEON.DOC.000987vG","Pseudotsuga menziesii (Mirb.) Franco var. menziesii","variety",NA,NA,NA,"","","hspencer@battelleecology.org","ccordell@battelleecology.org",NA,1,5.05,2020-09-25,"Pseudotsuga menziesii var. menziesii","mh",NA,"PSMEM","","Douglas-fir","Pseudotsuga menziesii var. menziesii",5,"jenkins2003","USA",1,0.56,-2.48,2.4835,0.360458,NA,NA,NA,NA,NA,NA,NA,NA,NA,"ABBY_062_vst_ABBY_2020","d6adf231-ed45-4c9b-88de-dbdc6282aaa1","ABBY_062.basePlot.vst",2020-08-26,"D16","ABBY","tower","evergreenForest",45.763476,-122.328069,"WGS84",20.1,552250.39,5067988.12,"10N",342.2,0.2,"OK","vst_ABBY_2020","towerSubset","allGrowthForms","39 | 41","NEON.DOC.000987vJ","Y","Y","Y","Y","presentInAll","Y","presentInAll","N",NA,25,"noneSelected",800,100,800,"Ferns present but not sampled AY20.",2021,"neon_abby2021","ABBY_062_vst_ABBY_2020"
"157","PSMEM","ABBY_073","NEON.PLA.D16.ABBY.03097",1,"ok","single bole tree","Live",13.1,130,"noChange",9.7,NA,NA,NA,4.5,4.1,"Partially shaded","",NA,NA,NA,NA,NA,NA,NA,NA,NA,NA,NA,NA,"","0000-0001-9521-413X","0000-0002-2759-254X",NA,"3460f22b-31b1-4d82-a2b3-7b019b20a8e4","ABBY_073.basePlot.vst","2018-08-01","vst_ABBY_2018","D16","ABBY","ABBY_073",39,NA,41,10.6,276.5,"","","","NEON.DOC.000987vG","Pseudotsuga menziesii (Mirb.) Franco var. menziesii","variety",NA,NA,NA,"","","ccordell@battelleecology.org","Jzemaitis@battelleecology.org",NA,1,4.3,2020-09-25,"Pseudotsuga menziesii var. menziesii","mh",NA,"PSMEM","","Douglas-fir","Pseudotsuga menziesii var. menziesii",5,"jenkins2003","USA",1,0.56,-2.48,2.4835,0.360458,NA,NA,NA,NA,NA,NA,NA,NA,NA,"ABBY_073_vst_ABBY_2020","80f00bfb-76b5-448e-b0a5-bd28fb04583d","ABBY_073.basePlot.vst",2020-08-26,"D16","ABBY","tower","evergreenForest",45.762944,-122.324601,"WGS84",20.1,552520.56,5067931.28,"10N",336.5,0.1,"OK","vst_ABBY_2020","towerSubset","allGrowthForms","23 | 39","NEON.DOC.000987vJ","Y","Y","Y","Y","presentInAll","Y","presentInAll","N",NA,10,"noneSelected",800,40,800,"Ferns present but not sampled AY20.",2021,"neon_abby2021","ABBY_073_vst_ABBY_2020"
"158","PSMEM","ABBY_073","NEON.PLA.D16.ABBY.01669",1,"ok","single bole tree","Live",13.7,130,"noChange",9.5,NA,NA,NA,5.9,4.7,"Partially shaded","",NA,NA,NA,NA,NA,NA,NA,NA,NA,NA,NA,NA,"","0000-0001-9521-413X","0000-0002-2759-254X",NA,"e8b57b17-5ef4-4662-8ca4-17b37dde3abc","ABBY_073.basePlot.vst","2017-09-18","vst_ABBY_2017","D16","ABBY","ABBY_073",39,NA,39,5.8,87.9,"","","","NEON.DOC.000987vE","Pseudotsuga menziesii (Mirb.) Franco var. menziesii","variety",NA,NA,NA,"","","Eolsen@battelleecology.org","jhausknecht@battelleecology.org",NA,1,5.3,2020-09-25,"Pseudotsuga menziesii var. menziesii","mh",NA,"PSMEM","","Douglas-fir","Pseudotsuga menziesii var. menziesii",5,"jenkins2003","USA",1,0.56,-2.48,2.4835,0.360458,NA,NA,NA,NA,NA,NA,NA,NA,NA,"ABBY_073_vst_ABBY_2020","80f00bfb-76b5-448e-b0a5-bd28fb04583d","ABBY_073.basePlot.vst",2020-08-26,"D16","ABBY","tower","evergreenForest",45.762944,-122.324601,"WGS84",20.1,552520.56,5067931.28,"10N",336.5,0.1,"OK","vst_ABBY_2020","towerSubset","allGrowthForms","23 | 39","NEON.DOC.000987vJ","Y","Y","Y","Y","presentInAll","Y","presentInAll","N",NA,10,"noneSelected",800,40,800,"Ferns present but not sampled AY20.",2021,"neon_abby2021","ABBY_073_vst_ABBY_2020"
"159","PSMEM","ABBY_073","NEON.PLA.D16.ABBY.01509",1,"ok","single bole tree","Live",13.7,130,"noChange",11.3,NA,NA,NA,4.7,3.7,"Partially shaded","",NA,NA,NA,NA,NA,NA,NA,NA,NA,NA,NA,NA,"","0000-0001-9521-413X","0000-0002-2759-254X",NA,"83d1fce2-7048-4e49-ba72-00a0e6a699d9","ABBY_073.basePlot.vst","2017-09-18","vst_ABBY_2017","D16","ABBY","ABBY_073",39,NA,39,10.4,73,"","","","NEON.DOC.000987vE","Pseudotsuga menziesii (Mirb.) Franco var. menziesii","variety",NA,NA,NA,"","","Eolsen@battelleecology.org","vschmitt@battelleecology.org",NA,1,4.2,2020-09-25,"Pseudotsuga menziesii var. menziesii","mh",NA,"PSMEM","","Douglas-fir","Pseudotsuga menziesii var. menziesii",5,"jenkins2003","USA",1,0.56,-2.48,2.4835,0.360458,NA,NA,NA,NA,NA,NA,NA,NA,NA,"ABBY_073_vst_ABBY_2020","80f00bfb-76b5-448e-b0a5-bd28fb04583d","ABBY_073.basePlot.vst",2020-08-26,"D16","ABBY","tower","evergreenForest",45.762944,-122.324601,"WGS84",20.1,552520.56,5067931.28,"10N",336.5,0.1,"OK","vst_ABBY_2020","towerSubset","allGrowthForms","23 | 39","NEON.DOC.000987vJ","Y","Y","Y","Y","presentInAll","Y","presentInAll","N",NA,10,"noneSelected",800,40,800,"Ferns present but not sampled AY20.",2021,"neon_abby2021","ABBY_073_vst_ABBY_2020"
"160","PSMEM","ABBY_061","NEON.PLA.D16.ABBY.00717",NA,"ok","single bole tree","Live",14,130,"noChange",10.1,NA,NA,NA,4.5,4,"Partially shaded","",NA,NA,NA,NA,NA,NA,NA,NA,NA,NA,NA,NA,"","0000-0002-7203-5072","0000-0001-9521-413X",NA,"5b6fca3c-0162-4b9d-ae0f-6ab54a2c2c91","ABBY_061.basePlot.vst","2015-07-29","vst_ABBY_2015","D16","ABBY","ABBY_061",21,4,41,7.4,257.3,"","","","NEON.DOC.000987vE","Pseudotsuga menziesii (Mirb.) Franco var. menziesii","variety",NA,NA,NA,"","","krian@neoninc.org","lwade@field-ops.org",NA,1,4.25,2020-09-23,"Pseudotsuga menziesii var. menziesii","mh",NA,"PSMEM","","Douglas-fir","Pseudotsuga menziesii var. menziesii",5,"jenkins2003","USA",1,0.56,-2.48,2.4835,0.360458,NA,NA,NA,NA,NA,NA,NA,NA,NA,"ABBY_061_vst_ABBY_2020","11747686-bb34-4a45-8b5c-ce1766d6d657","ABBY_061.basePlot.vst",2020-08-26,"D16","ABBY","tower","evergreenForest",45.762451,-122.331158,"WGS84",20.1,552011.14,5067872.22,"10N",362.8,0.1,"OK","vst_ABBY_2020","towerSubset","allGrowthForms","21 | 39","NEON.DOC.000987vJ","Y","Y","Y","Y","presentInAll","Y","presentInAll","N",NA,100,"noneSelected",800,400,800,"Ferns present but not sampled AY20.",2021,"neon_abby2021","ABBY_061_vst_ABBY_2020"
"161","PSMEM","ABBY_073","NEON.PLA.D16.ABBY.09085",1,"ok","single bole tree","Lost, burned",12,130,"noChange",10.3,NA,NA,NA,4.2,4.1,"Partially shaded","",NA,NA,NA,NA,NA,NA,NA,NA,NA,NA,NA,NA,"","0000-0001-9713-5304","0000-0002-7203-5072",NA,"9887c719-f312-49f8-bd99-bcde5161cc19","ABBY_073.basePlot.vst","2020-09-25","vst_ABBY_2020","D16","ABBY","ABBY_073",23,NA,41,5,177.7,"map and tag","","","NEON.DOC.000987vJ","Pseudotsuga menziesii (Mirb.) Franco var. menziesii","variety",NA,NA,NA,"","","0000-0002-7203-5072","0000-0001-9713-5304",NA,0,4.15,2020-09-25,"Pseudotsuga menziesii var. menziesii","mh",NA,"PSMEM","","Douglas-fir","Pseudotsuga menziesii var. menziesii",5,"jenkins2003","USA",1,0.56,-2.48,2.4835,0.360458,NA,NA,NA,NA,NA,NA,NA,NA,NA,"ABBY_073_vst_ABBY_2020","80f00bfb-76b5-448e-b0a5-bd28fb04583d","ABBY_073.basePlot.vst",2020-08-26,"D16","ABBY","tower","evergreenForest",45.762944,-122.324601,"WGS84",20.1,552520.56,5067931.28,"10N",336.5,0.1,"OK","vst_ABBY_2020","towerSubset","allGrowthForms","23 | 39","NEON.DOC.000987vJ","Y","Y","Y","Y","presentInAll","Y","presentInAll","N",NA,10,"noneSelected",800,40,800,"Ferns present but not sampled AY20.",2021,"neon_abby2021","ABBY_073_vst_ABBY_2020"
"162","PSMEM","ABBY_061","NEON.PLA.D16.ABBY.00712",NA,"ok","single bole tree","Live",16,128,"noChange",10.6,NA,NA,NA,4.3,3.7,"Mostly shaded","",NA,NA,NA,NA,NA,NA,NA,NA,NA,NA,NA,NA,"","0000-0003-0562-3007","0000-0001-8510-4041",NA,"c6f6eeb5-b4a7-4daa-a718-6d88ebcd8b9a","ABBY_061.basePlot.vst","2015-07-29","vst_ABBY_2015","D16","ABBY","ABBY_061",21,1,21,9.3,76.4,"","","","NEON.DOC.000987vE","Pseudotsuga menziesii (Mirb.) Franco var. menziesii","variety",NA,NA,NA,"","no transcription errors found","krian@neoninc.org","lwade@field-ops.org",NA,1,4,2020-09-23,"Pseudotsuga menziesii var. menziesii","mh",NA,"PSMEM","","Douglas-fir","Pseudotsuga menziesii var. menziesii",5,"jenkins2003","USA",1,0.56,-2.48,2.4835,0.360458,NA,NA,NA,NA,NA,NA,NA,NA,NA,"ABBY_061_vst_ABBY_2020","11747686-bb34-4a45-8b5c-ce1766d6d657","ABBY_061.basePlot.vst",2020-08-26,"D16","ABBY","tower","evergreenForest",45.762451,-122.331158,"WGS84",20.1,552011.14,5067872.22,"10N",362.8,0.1,"OK","vst_ABBY_2020","towerSubset","allGrowthForms","21 | 39","NEON.DOC.000987vJ","Y","Y","Y","Y","presentInAll","Y","presentInAll","N",NA,100,"noneSelected",800,400,800,"Ferns present but not sampled AY20.",2021,"neon_abby2021","ABBY_061_vst_ABBY_2020"
"163","PSMEM","ABBY_063","NEON.PLA.D16.ABBY.00437",1,"ok","single bole tree","Live,  other damage",17.6,130,"noChange",9.3,NA,NA,NA,5.7,5.3,"Partially shaded","",NA,NA,NA,NA,NA,NA,NA,NA,NA,NA,NA,NA,"Canker oozing sap","0000-0003-2593-761X","0000-0001-8510-4041",NA,"4def0994-bf0b-4a66-a655-40a1ded1909f","ABBY_063.basePlot.vst","2015-07-23","vst_ABBY_2015","D16","ABBY","ABBY_063",39,NA,39,22.7,57.8,"","","","NEON.DOC.000987vE","Pseudotsuga menziesii (Mirb.) Franco var. menziesii","variety",NA,NA,NA,"","","krian@neoninc.org","kzias@field-ops.org",NA,1,5.5,2020-09-26,"Pseudotsuga menziesii var. menziesii","mh",NA,"PSMEM","","Douglas-fir","Pseudotsuga menziesii var. menziesii",5,"jenkins2003","USA",1,0.56,-2.48,2.4835,0.360458,NA,NA,NA,NA,NA,NA,NA,NA,NA,"ABBY_063_vst_ABBY_2020","c78fb7f0-87a1-4081-b325-ce1ef95399df","ABBY_063.basePlot.vst",2020-08-26,"D16","ABBY","tower","evergreenForest",45.760513,-122.330039,"WGS84",20.1,552099.96,5067657.64,"10N",362.2,0.1,"OK","vst_ABBY_2020","towerSubset","allGrowthForms","21 | 39","NEON.DOC.000987vJ","Y","Y","Y","Y","presentInAll","Y","presentInAll","N",NA,100,"noneSelected",800,400,800,"nested WST reduced to 100 m^2 per RITM0027653. Ferns present but not sampled AY20.",2021,"neon_abby2021","ABBY_063_vst_ABBY_2020"
"164","PSMEM","ABBY_062","NEON.PLA.D16.ABBY.05030",NA,"ok","single bole tree","Live",10.2,130,"noChange",8.4,NA,NA,NA,4.2,3.7,"Partially shaded","",NA,NA,NA,NA,NA,NA,NA,NA,NA,NA,NA,NA,"","0000-0002-0205-7735","0000-0003-0562-3007",NA,"be467c65-2285-49c9-9fe8-41445b586f08","ABBY_062.basePlot.vst","2020-09-25","vst_ABBY_2020","D16","ABBY","ABBY_062",41,NA,61,12.7,248.7,"map and tag","","","NEON.DOC.000987vJ","Pseudotsuga menziesii (Mirb.) Franco var. menziesii","variety",NA,NA,NA,"","","0000-0002-0205-7735","0000-0003-0562-3007",NA,1,3.95,2020-09-25,"Pseudotsuga menziesii var. menziesii","mh",NA,"PSMEM","","Douglas-fir","Pseudotsuga menziesii var. menziesii",5,"jenkins2003","USA",1,0.56,-2.48,2.4835,0.360458,NA,NA,NA,NA,NA,NA,NA,NA,NA,"ABBY_062_vst_ABBY_2020","d6adf231-ed45-4c9b-88de-dbdc6282aaa1","ABBY_062.basePlot.vst",2020-08-26,"D16","ABBY","tower","evergreenForest",45.763476,-122.328069,"WGS84",20.1,552250.39,5067988.12,"10N",342.2,0.2,"OK","vst_ABBY_2020","towerSubset","allGrowthForms","39 | 41","NEON.DOC.000987vJ","Y","Y","Y","Y","presentInAll","Y","presentInAll","N",NA,25,"noneSelected",800,100,800,"Ferns present but not sampled AY20.",2021,"neon_abby2021","ABBY_062_vst_ABBY_2020"
"165","PSMEM","ABBY_062","NEON.PLA.D16.ABBY.00784",1,"ok","single bole tree","Live",18.3,130,"noChange",10.5,NA,NA,NA,4.3,3.9,"Partially shaded","",NA,NA,NA,NA,NA,NA,NA,NA,NA,NA,NA,NA,"","0000-0002-4816-2610","0000-0003-2593-761X",NA,"038417ec-f0fe-4eb9-b1ca-54e7df69cdc6","ABBY_062.basePlot.vst","2020-11-16","vst_ABBY_2020","D16","ABBY","ABBY_062",39,NA,57,3.6,94.7,"map and tag","","","NEON.DOC.000987vJ","Pseudotsuga menziesii (Mirb.) Franco var. menziesii","variety",NA,NA,NA,"","","0000-0001-9521-413X","0000-0002-2759-254X",NA,1,4.1,2020-09-25,"Pseudotsuga menziesii var. menziesii","mh",NA,"PSMEM","","Douglas-fir","Pseudotsuga menziesii var. menziesii",5,"jenkins2003","USA",1,0.56,-2.48,2.4835,0.360458,NA,NA,NA,NA,NA,NA,NA,NA,NA,"ABBY_062_vst_ABBY_2020","d6adf231-ed45-4c9b-88de-dbdc6282aaa1","ABBY_062.basePlot.vst",2020-08-26,"D16","ABBY","tower","evergreenForest",45.763476,-122.328069,"WGS84",20.1,552250.39,5067988.12,"10N",342.2,0.2,"OK","vst_ABBY_2020","towerSubset","allGrowthForms","39 | 41","NEON.DOC.000987vJ","Y","Y","Y","Y","presentInAll","Y","presentInAll","N",NA,25,"noneSelected",800,100,800,"Ferns present but not sampled AY20.",2021,"neon_abby2021","ABBY_062_vst_ABBY_2020"
"166","PSMEM","ABBY_062","NEON.PLA.D16.ABBY.07192",1,"ok","multi-bole tree","Live",10.5,166,"noChange",9.3,NA,NA,NA,4.2,3.8,"Partially shaded","",NA,NA,NA,NA,NA,NA,NA,NA,NA,NA,NA,NA,"","0000-0002-4816-2610","0000-0003-2593-761X",NA,"569a3224-2049-4ee5-8890-161b3d4cc27c","ABBY_062.basePlot.vst","2019-11-06","vst_ABBY_2019","D16","ABBY","ABBY_062",39,NA,39,8.1,25.8,"map and tag","","","NEON.DOC.000987vH","Pseudotsuga menziesii (Mirb.) Franco var. menziesii","variety",NA,NA,NA,"","","0000-0002-7203-5072","0000-0003-1908-4817",NA,1,4,2020-09-25,"Pseudotsuga menziesii var. menziesii","mh",NA,"PSMEM","","Douglas-fir","Pseudotsuga menziesii var. menziesii",5,"jenkins2003","USA",1,0.56,-2.48,2.4835,0.360458,NA,NA,NA,NA,NA,NA,NA,NA,NA,"ABBY_062_vst_ABBY_2020","d6adf231-ed45-4c9b-88de-dbdc6282aaa1","ABBY_062.basePlot.vst",2020-08-26,"D16","ABBY","tower","evergreenForest",45.763476,-122.328069,"WGS84",20.1,552250.39,5067988.12,"10N",342.2,0.2,"OK","vst_ABBY_2020","towerSubset","allGrowthForms","39 | 41","NEON.DOC.000987vJ","Y","Y","Y","Y","presentInAll","Y","presentInAll","N",NA,25,"noneSelected",800,100,800,"Ferns present but not sampled AY20.",2021,"neon_abby2021","ABBY_062_vst_ABBY_2020"
"167","PSMEM","ABBY_062","NEON.PLA.D16.ABBY.03175",NA,"ok","single bole tree","Live",14.6,130,"noChange",10.2,NA,NA,NA,4.4,3.2,"Partially shaded","",NA,NA,NA,NA,NA,NA,NA,NA,NA,NA,NA,NA,"","0000-0002-0205-7735","0000-0003-0562-3007",NA,"99dc6c64-f792-48aa-a14e-d8b94173faea","ABBY_062.basePlot.vst","2018-07-26","vst_ABBY_2018","D16","ABBY","ABBY_062",41,NA,43,14.4,284,"","","","NEON.DOC.000987vG","Pseudotsuga menziesii (Mirb.) Franco var. menziesii","variety",NA,NA,NA,"","","hspencer@battelleecology.org","ccordell@battelleecology.org",NA,1,3.8,2020-09-25,"Pseudotsuga menziesii var. menziesii","mh",NA,"PSMEM","","Douglas-fir","Pseudotsuga menziesii var. menziesii",5,"jenkins2003","USA",1,0.56,-2.48,2.4835,0.360458,NA,NA,NA,NA,NA,NA,NA,NA,NA,"ABBY_062_vst_ABBY_2020","d6adf231-ed45-4c9b-88de-dbdc6282aaa1","ABBY_062.basePlot.vst",2020-08-26,"D16","ABBY","tower","evergreenForest",45.763476,-122.328069,"WGS84",20.1,552250.39,5067988.12,"10N",342.2,0.2,"OK","vst_ABBY_2020","towerSubset","allGrowthForms","39 | 41","NEON.DOC.000987vJ","Y","Y","Y","Y","presentInAll","Y","presentInAll","N",NA,25,"noneSelected",800,100,800,"Ferns present but not sampled AY20.",2021,"neon_abby2021","ABBY_062_vst_ABBY_2020"
"168","PSMEM","ABBY_063","NEON.PLA.D16.ABBY.00413",1,"ok","single bole tree","Live",18.9,130,"noChange",11.2,NA,NA,NA,4.5,4.1,"Mostly shaded","",NA,NA,NA,NA,NA,NA,NA,NA,NA,NA,NA,NA,"","0000-0003-2593-761X","0000-0001-8510-4041",NA,"5b0a5561-14fc-475d-ae09-f28eb7623a66","ABBY_063.basePlot.vst","2015-07-23","vst_ABBY_2015","D16","ABBY","ABBY_063",21,NA,21,15.2,68.7,"","","","NEON.DOC.000987vE","Pseudotsuga menziesii (Mirb.) Franco var. menziesii","variety",NA,NA,NA,"","no transcription errors found","krian@neoninc.org","kzias@field-ops.org",NA,1,4.3,2020-09-26,"Pseudotsuga menziesii var. menziesii","mh",NA,"PSMEM","","Douglas-fir","Pseudotsuga menziesii var. menziesii",5,"jenkins2003","USA",1,0.56,-2.48,2.4835,0.360458,NA,NA,NA,NA,NA,NA,NA,NA,NA,"ABBY_063_vst_ABBY_2020","c78fb7f0-87a1-4081-b325-ce1ef95399df","ABBY_063.basePlot.vst",2020-08-26,"D16","ABBY","tower","evergreenForest",45.760513,-122.330039,"WGS84",20.1,552099.96,5067657.64,"10N",362.2,0.1,"OK","vst_ABBY_2020","towerSubset","allGrowthForms","21 | 39","NEON.DOC.000987vJ","Y","Y","Y","Y","presentInAll","Y","presentInAll","N",NA,100,"noneSelected",800,400,800,"nested WST reduced to 100 m^2 per RITM0027653. Ferns present but not sampled AY20.",2021,"neon_abby2021","ABBY_063_vst_ABBY_2020"
"169","PSMEM","ABBY_063","NEON.PLA.D16.ABBY.00444",1,"ok","single bole tree","Live",13.6,130,"noChange",8.4,NA,NA,NA,4.3,4,"Partially shaded","",NA,NA,NA,NA,NA,NA,NA,NA,NA,NA,NA,NA,"","0000-0003-2593-761X","0000-0001-8510-4041",NA,"f6c19ff6-903f-4e76-91eb-fa4105ff06b9","ABBY_063.basePlot.vst","2015-07-23","vst_ABBY_2015","D16","ABBY","ABBY_063",39,NA,39,11.4,26.7,"","","","NEON.DOC.000987vE","Pseudotsuga menziesii (Mirb.) Franco var. menziesii","variety",NA,NA,NA,"","","krian@neoninc.org","kzias@field-ops.org",NA,1,4.15,2020-09-26,"Pseudotsuga menziesii var. menziesii","mh",NA,"PSMEM","","Douglas-fir","Pseudotsuga menziesii var. menziesii",5,"jenkins2003","USA",1,0.56,-2.48,2.4835,0.360458,NA,NA,NA,NA,NA,NA,NA,NA,NA,"ABBY_063_vst_ABBY_2020","c78fb7f0-87a1-4081-b325-ce1ef95399df","ABBY_063.basePlot.vst",2020-08-26,"D16","ABBY","tower","evergreenForest",45.760513,-122.330039,"WGS84",20.1,552099.96,5067657.64,"10N",362.2,0.1,"OK","vst_ABBY_2020","towerSubset","allGrowthForms","21 | 39","NEON.DOC.000987vJ","Y","Y","Y","Y","presentInAll","Y","presentInAll","N",NA,100,"noneSelected",800,400,800,"nested WST reduced to 100 m^2 per RITM0027653. Ferns present but not sampled AY20.",2021,"neon_abby2021","ABBY_063_vst_ABBY_2020"
"170","PSMEM","ABBY_062","NEON.PLA.D16.ABBY.07190",1,"ok","single bole tree","Live",13.2,130,"noChange",7.4,NA,NA,NA,4.1,3.9,"Partially shaded","",NA,NA,NA,NA,NA,NA,NA,NA,NA,NA,NA,NA,"","0000-0002-4816-2610","0000-0003-2593-761X",NA,"375cd668-ee20-4f71-98c0-838992625a87","ABBY_062.basePlot.vst","2019-11-06","vst_ABBY_2019","D16","ABBY","ABBY_062",39,NA,57,10.2,111.3,"map and tag","","","NEON.DOC.000987vH","Pseudotsuga menziesii (Mirb.) Franco var. menziesii","variety",NA,NA,NA,"","","0000-0002-7203-5072","0000-0003-1908-4817",NA,1,4,2020-09-25,"Pseudotsuga menziesii var. menziesii","mh",NA,"PSMEM","","Douglas-fir","Pseudotsuga menziesii var. menziesii",5,"jenkins2003","USA",1,0.56,-2.48,2.4835,0.360458,NA,NA,NA,NA,NA,NA,NA,NA,NA,"ABBY_062_vst_ABBY_2020","d6adf231-ed45-4c9b-88de-dbdc6282aaa1","ABBY_062.basePlot.vst",2020-08-26,"D16","ABBY","tower","evergreenForest",45.763476,-122.328069,"WGS84",20.1,552250.39,5067988.12,"10N",342.2,0.2,"OK","vst_ABBY_2020","towerSubset","allGrowthForms","39 | 41","NEON.DOC.000987vJ","Y","Y","Y","Y","presentInAll","Y","presentInAll","N",NA,25,"noneSelected",800,100,800,"Ferns present but not sampled AY20.",2021,"neon_abby2021","ABBY_062_vst_ABBY_2020"
"171","PSMEM","ABBY_073","NEON.PLA.D16.ABBY.09083",1,"ok","single bole tree","Live",10.8,130,"noChange",8.9,NA,NA,NA,4,3.7,"Partially shaded","",NA,NA,NA,NA,NA,NA,NA,NA,NA,NA,NA,NA,"","0000-0001-9521-413X","0000-0002-2759-254X",NA,"90ba632a-eda6-4f74-8fec-218eaebdaaed","ABBY_073.basePlot.vst","2020-09-25","vst_ABBY_2020","D16","ABBY","ABBY_073",39,NA,41,9,348.2,"map and tag","","","NEON.DOC.000987vJ","Pseudotsuga menziesii (Mirb.) Franco var. menziesii","variety",NA,NA,NA,"","","0000-0002-7203-5072","0000-0001-9521-413X",NA,1,3.85,2020-09-25,"Pseudotsuga menziesii var. menziesii","mh",NA,"PSMEM","","Douglas-fir","Pseudotsuga menziesii var. menziesii",5,"jenkins2003","USA",1,0.56,-2.48,2.4835,0.360458,NA,NA,NA,NA,NA,NA,NA,NA,NA,"ABBY_073_vst_ABBY_2020","80f00bfb-76b5-448e-b0a5-bd28fb04583d","ABBY_073.basePlot.vst",2020-08-26,"D16","ABBY","tower","evergreenForest",45.762944,-122.324601,"WGS84",20.1,552520.56,5067931.28,"10N",336.5,0.1,"OK","vst_ABBY_2020","towerSubset","allGrowthForms","23 | 39","NEON.DOC.000987vJ","Y","Y","Y","Y","presentInAll","Y","presentInAll","N",NA,10,"noneSelected",800,40,800,"Ferns present but not sampled AY20.",2021,"neon_abby2021","ABBY_073_vst_ABBY_2020"
"172","PSMEM","ABBY_061","NEON.PLA.D16.ABBY.00654",NA,"ok","single bole tree","Live",20.8,130,"noChange",11.9,NA,NA,NA,5.5,4.7,"Partially shaded","",NA,NA,NA,NA,NA,NA,NA,NA,NA,NA,NA,NA,"","0000-0003-2593-761X","0000-0002-0205-7735",NA,"36d41abd-9e23-46b0-a44c-9479fb3a6652","ABBY_061.basePlot.vst","2015-07-29","vst_ABBY_2015","D16","ABBY","ABBY_061",39,1,49,3.9,316.9,"","","","NEON.DOC.000987vE","Pseudotsuga menziesii (Mirb.) Franco var. menziesii","variety",NA,NA,NA,"","no transcription errors found","kzias@field-ops.org","shiebert@neoninc.org",NA,1,5.1,2020-09-23,"Pseudotsuga menziesii var. menziesii","mh",NA,"PSMEM","","Douglas-fir","Pseudotsuga menziesii var. menziesii",5,"jenkins2003","USA",1,0.56,-2.48,2.4835,0.360458,NA,NA,NA,NA,NA,NA,NA,NA,NA,"ABBY_061_vst_ABBY_2020","11747686-bb34-4a45-8b5c-ce1766d6d657","ABBY_061.basePlot.vst",2020-08-26,"D16","ABBY","tower","evergreenForest",45.762451,-122.331158,"WGS84",20.1,552011.14,5067872.22,"10N",362.8,0.1,"OK","vst_ABBY_2020","towerSubset","allGrowthForms","21 | 39","NEON.DOC.000987vJ","Y","Y","Y","Y","presentInAll","Y","presentInAll","N",NA,100,"noneSelected",800,400,800,"Ferns present but not sampled AY20.",2021,"neon_abby2021","ABBY_061_vst_ABBY_2020"
"173","PSMEM","ABBY_062","NEON.PLA.D16.ABBY.03613",NA,"ok","single bole tree","Live",12,130,"noChange",9.1,NA,NA,NA,4.7,4.4,"Partially shaded","",NA,NA,NA,NA,NA,NA,NA,NA,NA,NA,NA,NA,"","0000-0002-0205-7735","0000-0003-0562-3007",NA,"057c9733-8f2c-45c0-9a6e-47e01104c0e2","ABBY_062.basePlot.vst","2019-11-06","vst_ABBY_2019","D16","ABBY","ABBY_062",41,NA,59,4.2,118.4,"map and tag","","","NEON.DOC.000987vH","Pseudotsuga menziesii (Mirb.) Franco var. menziesii","variety",NA,NA,NA,"","","0000-0001-8510-4041","0000-0002-4400-4199",NA,1,4.55,2020-09-25,"Pseudotsuga menziesii var. menziesii","mh",NA,"PSMEM","","Douglas-fir","Pseudotsuga menziesii var. menziesii",5,"jenkins2003","USA",1,0.56,-2.48,2.4835,0.360458,NA,NA,NA,NA,NA,NA,NA,NA,NA,"ABBY_062_vst_ABBY_2020","d6adf231-ed45-4c9b-88de-dbdc6282aaa1","ABBY_062.basePlot.vst",2020-08-26,"D16","ABBY","tower","evergreenForest",45.763476,-122.328069,"WGS84",20.1,552250.39,5067988.12,"10N",342.2,0.2,"OK","vst_ABBY_2020","towerSubset","allGrowthForms","39 | 41","NEON.DOC.000987vJ","Y","Y","Y","Y","presentInAll","Y","presentInAll","N",NA,25,"noneSelected",800,100,800,"Ferns present but not sampled AY20.",2021,"neon_abby2021","ABBY_062_vst_ABBY_2020"
"174","PSMEM","ABBY_063","NEON.PLA.D16.ABBY.00449",1,"ok","single bole tree","Live",13.4,130,"protocolChange",10.6,NA,NA,NA,4.6,4.4,"Mostly shaded","",NA,NA,NA,NA,NA,NA,NA,NA,NA,NA,NA,NA,"Previous dbh measured under 130 cm","0000-0003-2593-761X","0000-0001-8510-4041",NA,"933f1df1-6ea2-4e83-8a8c-2a7d35e34e45","ABBY_063.basePlot.vst","2015-07-23","vst_ABBY_2015","D16","ABBY","ABBY_063",39,NA,49,6.5,333.8,"","","","NEON.DOC.000987vE","Pseudotsuga menziesii (Mirb.) Franco var. menziesii","variety",NA,NA,NA,"","no transcription errors found","krian@neoninc.org","kzias@field-ops.org",NA,1,4.5,2020-09-26,"Pseudotsuga menziesii var. menziesii","mh",NA,"PSMEM","","Douglas-fir","Pseudotsuga menziesii var. menziesii",5,"jenkins2003","USA",1,0.56,-2.48,2.4835,0.360458,NA,NA,NA,NA,NA,NA,NA,NA,NA,"ABBY_063_vst_ABBY_2020","c78fb7f0-87a1-4081-b325-ce1ef95399df","ABBY_063.basePlot.vst",2020-08-26,"D16","ABBY","tower","evergreenForest",45.760513,-122.330039,"WGS84",20.1,552099.96,5067657.64,"10N",362.2,0.1,"OK","vst_ABBY_2020","towerSubset","allGrowthForms","21 | 39","NEON.DOC.000987vJ","Y","Y","Y","Y","presentInAll","Y","presentInAll","N",NA,100,"noneSelected",800,400,800,"nested WST reduced to 100 m^2 per RITM0027653. Ferns present but not sampled AY20.",2021,"neon_abby2021","ABBY_063_vst_ABBY_2020"
"175","PSMEM","ABBY_063","NEON.PLA.D16.ABBY.00421",1,"ok","single bole tree","Dead, broken bole",87.6,130,"noChange",6.4,NA,6.4,60,1.1,0.8,"Full sun","",NA,NA,NA,NA,NA,NA,NA,NA,NA,NA,NA,NA,"Cause of death unknown","0000-0003-2593-761X","0000-0001-8510-4041",NA,"5ef7d2b0-bfac-474c-a456-1a9da13c9458","ABBY_063.basePlot.vst","2015-07-23","vst_ABBY_2015","D16","ABBY","ABBY_063",21,NA,21,23.8,50,"","","","NEON.DOC.000987vE","Pseudotsuga menziesii (Mirb.) Franco var. menziesii","variety",NA,NA,NA,"","","krian@neoninc.org","kzias@field-ops.org",NA,0,0.95,2020-09-26,"Pseudotsuga menziesii var. menziesii","mh",NA,"PSMEM","","Douglas-fir","Pseudotsuga menziesii var. menziesii",5,"jenkins2003","USA",1,0.56,-2.48,2.4835,0.360458,NA,NA,NA,NA,NA,NA,NA,NA,NA,"ABBY_063_vst_ABBY_2020","c78fb7f0-87a1-4081-b325-ce1ef95399df","ABBY_063.basePlot.vst",2020-08-26,"D16","ABBY","tower","evergreenForest",45.760513,-122.330039,"WGS84",20.1,552099.96,5067657.64,"10N",362.2,0.1,"OK","vst_ABBY_2020","towerSubset","allGrowthForms","21 | 39","NEON.DOC.000987vJ","Y","Y","Y","Y","presentInAll","Y","presentInAll","N",NA,100,"noneSelected",800,400,800,"nested WST reduced to 100 m^2 per RITM0027653. Ferns present but not sampled AY20.",2021,"neon_abby2021","ABBY_063_vst_ABBY_2020"
"176","PSMEM","ABBY_061","NEON.PLA.D16.ABBY.03150",NA,"ok","single bole tree","Live",15.5,130,"noChange",10.1,NA,NA,NA,5.2,4.6,"Partially shaded","",NA,NA,NA,NA,NA,NA,NA,NA,NA,NA,NA,NA,"","0000-0003-2593-761X","0000-0002-0205-7735",NA,"4f9f5503-43de-44d4-9a76-6b1324fc5b8f","ABBY_061.basePlot.vst","2017-10-10","vst_ABBY_2017","D16","ABBY","ABBY_061",39,NA,41,10.2,275.2,"","","","NEON.DOC.000987vG","Pseudotsuga menziesii (Mirb.) Franco var. menziesii","variety",NA,NA,NA,"","","ccordell@battelleecology.org","vschmitt@battelleecology.org",NA,1,4.9,2020-09-23,"Pseudotsuga menziesii var. menziesii","mh",NA,"PSMEM","","Douglas-fir","Pseudotsuga menziesii var. menziesii",5,"jenkins2003","USA",1,0.56,-2.48,2.4835,0.360458,NA,NA,NA,NA,NA,NA,NA,NA,NA,"ABBY_061_vst_ABBY_2020","11747686-bb34-4a45-8b5c-ce1766d6d657","ABBY_061.basePlot.vst",2020-08-26,"D16","ABBY","tower","evergreenForest",45.762451,-122.331158,"WGS84",20.1,552011.14,5067872.22,"10N",362.8,0.1,"OK","vst_ABBY_2020","towerSubset","allGrowthForms","21 | 39","NEON.DOC.000987vJ","Y","Y","Y","Y","presentInAll","Y","presentInAll","N",NA,100,"noneSelected",800,400,800,"Ferns present but not sampled AY20.",2021,"neon_abby2021","ABBY_061_vst_ABBY_2020"
"177","PSMEM","ABBY_062","NEON.PLA.D16.ABBY.03387",NA,"ok","single bole tree","Live",12.6,130,"noChange",10.3,NA,NA,NA,4.2,3.8,"Partially shaded","",NA,NA,NA,NA,NA,NA,NA,NA,NA,NA,NA,NA,"","0000-0002-4816-2610","0000-0003-2593-761X",NA,"cd2f3d88-b601-4061-9cd7-891e4dfc2446","ABBY_062.basePlot.vst","2018-07-26","vst_ABBY_2018","D16","ABBY","ABBY_062",39,NA,57,10.1,155.9,"","","","NEON.DOC.000987vG","Pseudotsuga menziesii (Mirb.) Franco var. menziesii","variety",NA,NA,NA,"","","klazarus@battelleecology.org","kwells@battelleecology.org",NA,1,4,2020-09-25,"Pseudotsuga menziesii var. menziesii","mh",NA,"PSMEM","","Douglas-fir","Pseudotsuga menziesii var. menziesii",5,"jenkins2003","USA",1,0.56,-2.48,2.4835,0.360458,NA,NA,NA,NA,NA,NA,NA,NA,NA,"ABBY_062_vst_ABBY_2020","d6adf231-ed45-4c9b-88de-dbdc6282aaa1","ABBY_062.basePlot.vst",2020-08-26,"D16","ABBY","tower","evergreenForest",45.763476,-122.328069,"WGS84",20.1,552250.39,5067988.12,"10N",342.2,0.2,"OK","vst_ABBY_2020","towerSubset","allGrowthForms","39 | 41","NEON.DOC.000987vJ","Y","Y","Y","Y","presentInAll","Y","presentInAll","N",NA,25,"noneSelected",800,100,800,"Ferns present but not sampled AY20.",2021,"neon_abby2021","ABBY_062_vst_ABBY_2020"
"178","PSMEM","ABBY_073","NEON.PLA.D16.ABBY.03586",1,"ok","single bole tree","Live",13.1,130,"noChange",7.9,NA,NA,NA,4,3.7,"Partially shaded","",NA,NA,NA,NA,NA,NA,NA,NA,NA,NA,NA,NA,"","0000-0001-9713-5304","0000-0002-7203-5072",NA,"27cd94ee-df66-4ef6-ab43-fb8945d5c49b","ABBY_073.basePlot.vst","2019-10-28","vst_ABBY_2019","D16","ABBY","ABBY_073",23,NA,41,8.7,141.7,"map and tag","","","NEON.DOC.000987vH","Pseudotsuga menziesii (Mirb.) Franco var. menziesii","variety",NA,NA,NA,"","","0000-0001-8510-4041","0000-0003-2593-761X",NA,1,3.85,2020-09-25,"Pseudotsuga menziesii var. menziesii","mh",NA,"PSMEM","","Douglas-fir","Pseudotsuga menziesii var. menziesii",5,"jenkins2003","USA",1,0.56,-2.48,2.4835,0.360458,NA,NA,NA,NA,NA,NA,NA,NA,NA,"ABBY_073_vst_ABBY_2020","80f00bfb-76b5-448e-b0a5-bd28fb04583d","ABBY_073.basePlot.vst",2020-08-26,"D16","ABBY","tower","evergreenForest",45.762944,-122.324601,"WGS84",20.1,552520.56,5067931.28,"10N",336.5,0.1,"OK","vst_ABBY_2020","towerSubset","allGrowthForms","23 | 39","NEON.DOC.000987vJ","Y","Y","Y","Y","presentInAll","Y","presentInAll","N",NA,10,"noneSelected",800,40,800,"Ferns present but not sampled AY20.",2021,"neon_abby2021","ABBY_073_vst_ABBY_2020"
"179","PSMEM","ABBY_061","NEON.PLA.D16.ABBY.00895",NA,"ok","single bole tree","Live",14.6,130,"noChange",10.3,NA,NA,NA,3.6,3.6,"Mostly shaded","",NA,NA,NA,NA,NA,NA,NA,NA,NA,NA,NA,NA,"","0000-0003-0562-3007","0000-0001-8510-4041",NA,"30884930-19a8-4a82-b782-bcca7ea0d3d4","ABBY_061.basePlot.vst","2016-10-25","vst_ABBY_2016","D16","ABBY","ABBY_061",21,NA,31,6.8,24,"","","","NEON.DOC.000987vE","Pseudotsuga menziesii (Mirb.) Franco var. menziesii","variety",NA,NA,NA,"","","ndeweese@field-ops.org","edauria@battelleecology.org",NA,1,3.6,2020-09-23,"Pseudotsuga menziesii var. menziesii","mh",NA,"PSMEM","","Douglas-fir","Pseudotsuga menziesii var. menziesii",5,"jenkins2003","USA",1,0.56,-2.48,2.4835,0.360458,NA,NA,NA,NA,NA,NA,NA,NA,NA,"ABBY_061_vst_ABBY_2020","11747686-bb34-4a45-8b5c-ce1766d6d657","ABBY_061.basePlot.vst",2020-08-26,"D16","ABBY","tower","evergreenForest",45.762451,-122.331158,"WGS84",20.1,552011.14,5067872.22,"10N",362.8,0.1,"OK","vst_ABBY_2020","towerSubset","allGrowthForms","21 | 39","NEON.DOC.000987vJ","Y","Y","Y","Y","presentInAll","Y","presentInAll","N",NA,100,"noneSelected",800,400,800,"Ferns present but not sampled AY20.",2021,"neon_abby2021","ABBY_061_vst_ABBY_2020"
"180","PSMEM","ABBY_073","NEON.PLA.D16.ABBY.00054",1,"ok","single bole tree","Live",15.1,124,"noChange",11.1,NA,NA,NA,4.9,3.9,"Partially shaded","",NA,NA,NA,NA,NA,NA,NA,NA,NA,NA,NA,NA,"","0000-0001-9521-413X","0000-0002-2759-254X",NA,"3db23db8-89f3-44c5-a14a-12540c13046f","ABBY_073.basePlot.vst","2016-10-12","vst_ABBY_2016","D16","ABBY","ABBY_073",39,1,39,2.6,1,"","","","NEON.DOC.000987vE","Pseudotsuga menziesii (Mirb.) Franco var. menziesii","variety",NA,NA,NA,"","","wsalas@field-ops.org","bgorzek@field-ops.org",NA,1,4.4,2020-09-25,"Pseudotsuga menziesii var. menziesii","mh",NA,"PSMEM","","Douglas-fir","Pseudotsuga menziesii var. menziesii",5,"jenkins2003","USA",1,0.56,-2.48,2.4835,0.360458,NA,NA,NA,NA,NA,NA,NA,NA,NA,"ABBY_073_vst_ABBY_2020","80f00bfb-76b5-448e-b0a5-bd28fb04583d","ABBY_073.basePlot.vst",2020-08-26,"D16","ABBY","tower","evergreenForest",45.762944,-122.324601,"WGS84",20.1,552520.56,5067931.28,"10N",336.5,0.1,"OK","vst_ABBY_2020","towerSubset","allGrowthForms","23 | 39","NEON.DOC.000987vJ","Y","Y","Y","Y","presentInAll","Y","presentInAll","N",NA,10,"noneSelected",800,40,800,"Ferns present but not sampled AY20.",2021,"neon_abby2021","ABBY_073_vst_ABBY_2020"
"181","PSMEM","ABBY_061","NEON.PLA.D16.ABBY.00721",NA,"ok","single bole tree","Live",12,130,"noChange",9.6,NA,NA,NA,4.2,3.4,"Partially shaded","",NA,NA,NA,NA,NA,NA,NA,NA,NA,NA,NA,NA,"","0000-0003-0562-3007","0000-0001-8510-4041",NA,"88a6e6f0-8cf4-4490-aa23-2d5006e5d384","ABBY_061.basePlot.vst","2015-07-29","vst_ABBY_2015","D16","ABBY","ABBY_061",21,4,41,4.2,188.3,"","","","NEON.DOC.000987vE","Pseudotsuga menziesii (Mirb.) Franco var. menziesii","variety",NA,NA,NA,"","","krian@neoninc.org","lwade@field-ops.org",NA,1,3.8,2020-09-23,"Pseudotsuga menziesii var. menziesii","mh",NA,"PSMEM","","Douglas-fir","Pseudotsuga menziesii var. menziesii",5,"jenkins2003","USA",1,0.56,-2.48,2.4835,0.360458,NA,NA,NA,NA,NA,NA,NA,NA,NA,"ABBY_061_vst_ABBY_2020","11747686-bb34-4a45-8b5c-ce1766d6d657","ABBY_061.basePlot.vst",2020-08-26,"D16","ABBY","tower","evergreenForest",45.762451,-122.331158,"WGS84",20.1,552011.14,5067872.22,"10N",362.8,0.1,"OK","vst_ABBY_2020","towerSubset","allGrowthForms","21 | 39","NEON.DOC.000987vJ","Y","Y","Y","Y","presentInAll","Y","presentInAll","N",NA,100,"noneSelected",800,400,800,"Ferns present but not sampled AY20.",2021,"neon_abby2021","ABBY_061_vst_ABBY_2020"
"182","PSMEM","ABBY_063","NEON.PLA.D16.ABBY.00407",1,"ok","single bole tree","Live",14.7,130,"noChange",11.2,NA,NA,NA,5.2,5,"Partially shaded","",NA,NA,NA,NA,NA,NA,NA,NA,NA,NA,NA,NA,"","0000-0003-2593-761X","0000-0001-8510-4041",NA,"236ec60a-6e88-435a-b3a7-d9b9ce771a76","ABBY_063.basePlot.vst","2015-07-23","vst_ABBY_2015","D16","ABBY","ABBY_063",21,NA,21,19,85.8,"","","","NEON.DOC.000987vE","Pseudotsuga menziesii (Mirb.) Franco var. menziesii","variety",NA,NA,NA,"","","krian@neoninc.org","kzias@field-ops.org",NA,1,5.1,2020-09-26,"Pseudotsuga menziesii var. menziesii","mh",NA,"PSMEM","","Douglas-fir","Pseudotsuga menziesii var. menziesii",5,"jenkins2003","USA",1,0.56,-2.48,2.4835,0.360458,NA,NA,NA,NA,NA,NA,NA,NA,NA,"ABBY_063_vst_ABBY_2020","c78fb7f0-87a1-4081-b325-ce1ef95399df","ABBY_063.basePlot.vst",2020-08-26,"D16","ABBY","tower","evergreenForest",45.760513,-122.330039,"WGS84",20.1,552099.96,5067657.64,"10N",362.2,0.1,"OK","vst_ABBY_2020","towerSubset","allGrowthForms","21 | 39","NEON.DOC.000987vJ","Y","Y","Y","Y","presentInAll","Y","presentInAll","N",NA,100,"noneSelected",800,400,800,"nested WST reduced to 100 m^2 per RITM0027653. Ferns present but not sampled AY20.",2021,"neon_abby2021","ABBY_063_vst_ABBY_2020"
"183","PSMEM","ABBY_063","NEON.PLA.D16.ABBY.00417",1,"ok","single bole tree","Live",11.9,130,"noChange",10.3,NA,NA,NA,4.2,3.8,"Mostly shaded","",NA,NA,NA,NA,NA,NA,NA,NA,NA,NA,NA,NA,"","0000-0003-2593-761X","0000-0001-8510-4041",NA,"ffd6522f-c6ea-48e5-be0b-dbd62dad8906","ABBY_063.basePlot.vst","2015-07-23","vst_ABBY_2015","D16","ABBY","ABBY_063",21,NA,21,19,71,"","","","NEON.DOC.000987vE","Pseudotsuga menziesii (Mirb.) Franco var. menziesii","variety",NA,NA,NA,"","","krian@neoninc.org","kzias@field-ops.org",NA,1,4,2020-09-26,"Pseudotsuga menziesii var. menziesii","mh",NA,"PSMEM","","Douglas-fir","Pseudotsuga menziesii var. menziesii",5,"jenkins2003","USA",1,0.56,-2.48,2.4835,0.360458,NA,NA,NA,NA,NA,NA,NA,NA,NA,"ABBY_063_vst_ABBY_2020","c78fb7f0-87a1-4081-b325-ce1ef95399df","ABBY_063.basePlot.vst",2020-08-26,"D16","ABBY","tower","evergreenForest",45.760513,-122.330039,"WGS84",20.1,552099.96,5067657.64,"10N",362.2,0.1,"OK","vst_ABBY_2020","towerSubset","allGrowthForms","21 | 39","NEON.DOC.000987vJ","Y","Y","Y","Y","presentInAll","Y","presentInAll","N",NA,100,"noneSelected",800,400,800,"nested WST reduced to 100 m^2 per RITM0027653. Ferns present but not sampled AY20.",2021,"neon_abby2021","ABBY_063_vst_ABBY_2020"
"184","PSMEM","ABBY_061","NEON.PLA.D16.ABBY.00714",NA,"ok","single bole tree","Live",13.2,130,"noChange",9.9,NA,NA,NA,4,3.8,"Partially shaded","",NA,NA,NA,NA,NA,NA,NA,NA,NA,NA,NA,NA,"","0000-0003-0562-3007","0000-0001-8510-4041",NA,"2a9073a1-e124-4cd3-85f3-084c291187e2","ABBY_061.basePlot.vst","2019-10-22","vst_ABBY_2019","D16","ABBY","ABBY_061",21,1,31,1.4,243.6,"map and tag","","","NEON.DOC.000987vH","Pseudotsuga menziesii (Mirb.) Franco var. menziesii","variety",NA,NA,NA,"","","0000-0001-8397-9370","0000-0001-9932-2330",NA,1,3.9,2020-09-23,"Pseudotsuga menziesii var. menziesii","mh",NA,"PSMEM","","Douglas-fir","Pseudotsuga menziesii var. menziesii",5,"jenkins2003","USA",1,0.56,-2.48,2.4835,0.360458,NA,NA,NA,NA,NA,NA,NA,NA,NA,"ABBY_061_vst_ABBY_2020","11747686-bb34-4a45-8b5c-ce1766d6d657","ABBY_061.basePlot.vst",2020-08-26,"D16","ABBY","tower","evergreenForest",45.762451,-122.331158,"WGS84",20.1,552011.14,5067872.22,"10N",362.8,0.1,"OK","vst_ABBY_2020","towerSubset","allGrowthForms","21 | 39","NEON.DOC.000987vJ","Y","Y","Y","Y","presentInAll","Y","presentInAll","N",NA,100,"noneSelected",800,400,800,"Ferns present but not sampled AY20.",2021,"neon_abby2021","ABBY_061_vst_ABBY_2020"
"185","PSMEM","ABBY_070","NEON.PLA.D16.ABBY.03371",NA,"ok","single bole tree","Live",15.2,140,"noChange",10.6,NA,NA,NA,4.5,4.3,"Partially shaded","",NA,NA,NA,NA,NA,NA,NA,NA,NA,NA,NA,NA,"","0000-0002-7203-5072","0000-0003-0562-3007",NA,"f2a50115-bca5-4d8c-8a6f-4a0f50951842","ABBY_070.basePlot.vst","2018-07-31","vst_ABBY_2018","D16","ABBY","ABBY_070",39,NA,41,6.2,319.5,"","","","NEON.DOC.000987vG","Pseudotsuga menziesii (Mirb.) Franco var. menziesii","variety",NA,NA,NA,"","","klazarus@battelleecology.org","ccordell@battelleecology.org",NA,1,4.4,2020-09-23,"Pseudotsuga menziesii var. menziesii","mh",NA,"PSMEM","","Douglas-fir","Pseudotsuga menziesii var. menziesii",5,"jenkins2003","USA",1,0.56,-2.48,2.4835,0.360458,NA,NA,NA,NA,NA,NA,NA,NA,NA,"ABBY_070_vst_ABBY_2020","8b88ad30-ba5a-4e07-ac8d-2be764c6c3e0","ABBY_070.basePlot.vst",2020-08-26,"D16","ABBY","tower","evergreenForest",45.761334,-122.330793,"WGS84",20.1,552040.56,5067748.36,"10N",363.1,0.1,"OK","vst_ABBY_2020","towerSubset","allGrowthForms","21 | 39","NEON.DOC.000987vJ","Y","Y","Y","Y","presentInAll","Y","presentInAll","N",NA,100,"noneSelected",800,400,800,"Ferns present but not sampled AY20.",2021,"neon_abby2021","ABBY_070_vst_ABBY_2020"
"186","PSMEM","ABBY_063","NEON.PLA.D16.ABBY.00429",1,"ok","single bole tree","Live",16.9,130,"noChange",10.5,NA,NA,NA,5.6,5.2,"Full sun","",NA,NA,NA,NA,NA,NA,NA,NA,NA,NA,NA,NA,"","0000-0003-2593-761X","0000-0001-8510-4041",NA,"e18ac03b-70b0-4c2a-957f-f43fd2dd2aa1","ABBY_063.basePlot.vst","2015-07-23","vst_ABBY_2015","D16","ABBY","ABBY_063",39,NA,39,16.9,75.2,"","","","NEON.DOC.000987vE","Pseudotsuga menziesii (Mirb.) Franco var. menziesii","variety",NA,NA,NA,"","","krian@neoninc.org","kzias@field-ops.org",NA,1,5.4,2020-09-26,"Pseudotsuga menziesii var. menziesii","mh",NA,"PSMEM","","Douglas-fir","Pseudotsuga menziesii var. menziesii",5,"jenkins2003","USA",1,0.56,-2.48,2.4835,0.360458,NA,NA,NA,NA,NA,NA,NA,NA,NA,"ABBY_063_vst_ABBY_2020","c78fb7f0-87a1-4081-b325-ce1ef95399df","ABBY_063.basePlot.vst",2020-08-26,"D16","ABBY","tower","evergreenForest",45.760513,-122.330039,"WGS84",20.1,552099.96,5067657.64,"10N",362.2,0.1,"OK","vst_ABBY_2020","towerSubset","allGrowthForms","21 | 39","NEON.DOC.000987vJ","Y","Y","Y","Y","presentInAll","Y","presentInAll","N",NA,100,"noneSelected",800,400,800,"nested WST reduced to 100 m^2 per RITM0027653. Ferns present but not sampled AY20.",2021,"neon_abby2021","ABBY_063_vst_ABBY_2020"
"187","PSMEM","ABBY_061","NEON.PLA.D16.ABBY.03758",NA,"ok","single bole tree","Live",14.3,130,"noChange",8.6,NA,NA,NA,5.1,4.7,"Partially shaded","",NA,NA,NA,NA,NA,NA,NA,NA,NA,NA,NA,NA,"","0000-0002-7203-5072","0000-0001-9521-413X",NA,"f4df6b97-597a-42ed-b369-a653425afc9f","ABBY_061.basePlot.vst","2018-07-31","vst_ABBY_2018","D16","ABBY","ABBY_061",21,NA,31,4,333,"","","","NEON.DOC.000987vG","Pseudotsuga menziesii (Mirb.) Franco var. menziesii","variety",NA,NA,NA,"","","Jzemaitis@battelleecology.org","ccordell@battelleecology.org",NA,1,4.9,2020-09-23,"Pseudotsuga menziesii var. menziesii","mh",NA,"PSMEM","","Douglas-fir","Pseudotsuga menziesii var. menziesii",5,"jenkins2003","USA",1,0.56,-2.48,2.4835,0.360458,NA,NA,NA,NA,NA,NA,NA,NA,NA,"ABBY_061_vst_ABBY_2020","11747686-bb34-4a45-8b5c-ce1766d6d657","ABBY_061.basePlot.vst",2020-08-26,"D16","ABBY","tower","evergreenForest",45.762451,-122.331158,"WGS84",20.1,552011.14,5067872.22,"10N",362.8,0.1,"OK","vst_ABBY_2020","towerSubset","allGrowthForms","21 | 39","NEON.DOC.000987vJ","Y","Y","Y","Y","presentInAll","Y","presentInAll","N",NA,100,"noneSelected",800,400,800,"Ferns present but not sampled AY20.",2021,"neon_abby2021","ABBY_061_vst_ABBY_2020"
"188","PSMEM","ABBY_073","NEON.PLA.D16.ABBY.00030",1,"ok","single bole tree","Standing dead",136,130,"noChange",2.1,NA,NA,NA,1.3,1.3,"Partially shaded","",NA,NA,NA,NA,NA,NA,NA,NA,NA,NA,NA,NA,"","0000-0001-9713-5304","0000-0002-7203-5072",NA,"d7d922de-00a3-406c-a9f3-03b38de02252","ABBY_073.basePlot.vst","2016-10-12","vst_ABBY_2016","D16","ABBY","ABBY_073",23,4,25,16.4,352.6,"","","","NEON.DOC.000987vE","Pseudotsuga menziesii (Mirb.) Franco var. menziesii","variety",NA,NA,NA,"","","wsalas@field-ops.org","bgorzek@field-ops.org",NA,0,1.3,2020-09-25,"Pseudotsuga menziesii var. menziesii","mh",NA,"PSMEM","","Douglas-fir","Pseudotsuga menziesii var. menziesii",5,"jenkins2003","USA",1,0.56,-2.48,2.4835,0.360458,NA,NA,NA,NA,NA,NA,NA,NA,NA,"ABBY_073_vst_ABBY_2020","80f00bfb-76b5-448e-b0a5-bd28fb04583d","ABBY_073.basePlot.vst",2020-08-26,"D16","ABBY","tower","evergreenForest",45.762944,-122.324601,"WGS84",20.1,552520.56,5067931.28,"10N",336.5,0.1,"OK","vst_ABBY_2020","towerSubset","allGrowthForms","23 | 39","NEON.DOC.000987vJ","Y","Y","Y","Y","presentInAll","Y","presentInAll","N",NA,10,"noneSelected",800,40,800,"Ferns present but not sampled AY20.",2021,"neon_abby2021","ABBY_073_vst_ABBY_2020"
"189","PSMEM","ABBY_062","NEON.PLA.D16.ABBY.00761",NA,"ok","single bole tree","Live",11.2,130,"noChange",8.3,NA,NA,NA,3.9,3.5,"Partially shaded","",NA,NA,NA,NA,NA,NA,NA,NA,NA,NA,NA,NA,"","0000-0002-0205-7735","0000-0003-0562-3007",NA,"f407762e-354e-4c8e-8ea6-57496e8e1b5d","ABBY_062.basePlot.vst","2019-11-06","vst_ABBY_2019","D16","ABBY","ABBY_062",41,4,61,5.5,221.7,"map and tag","","","NEON.DOC.000987vH","Pseudotsuga menziesii (Mirb.) Franco var. menziesii","variety",NA,NA,NA,"","","0000-0001-8510-4041","0000-0002-4400-4199",NA,1,3.7,2020-09-25,"Pseudotsuga menziesii var. menziesii","mh",NA,"PSMEM","","Douglas-fir","Pseudotsuga menziesii var. menziesii",5,"jenkins2003","USA",1,0.56,-2.48,2.4835,0.360458,NA,NA,NA,NA,NA,NA,NA,NA,NA,"ABBY_062_vst_ABBY_2020","d6adf231-ed45-4c9b-88de-dbdc6282aaa1","ABBY_062.basePlot.vst",2020-08-26,"D16","ABBY","tower","evergreenForest",45.763476,-122.328069,"WGS84",20.1,552250.39,5067988.12,"10N",342.2,0.2,"OK","vst_ABBY_2020","towerSubset","allGrowthForms","39 | 41","NEON.DOC.000987vJ","Y","Y","Y","Y","presentInAll","Y","presentInAll","N",NA,25,"noneSelected",800,100,800,"Ferns present but not sampled AY20.",2021,"neon_abby2021","ABBY_062_vst_ABBY_2020"
"190","PSMEM","ABBY_073","NEON.PLA.D16.ABBY.01837",1,"ok","single bole tree","Live",14.5,130,"noChange",10.1,NA,NA,NA,5,4.5,"Partially shaded","",NA,NA,NA,NA,NA,NA,NA,NA,NA,NA,NA,NA,"","0000-0001-9521-413X","0000-0002-2759-254X",NA,"8da4a1c8-926c-4f69-84d5-e2e454d25286","ABBY_073.basePlot.vst","2017-09-18","vst_ABBY_2017","D16","ABBY","ABBY_073",39,NA,59,9.9,239.5,"","","","NEON.DOC.000987vE","Pseudotsuga menziesii (Mirb.) Franco var. menziesii","variety",NA,NA,NA,"","","Eolsen@battelleecology.org","vschmitt@battelleecology.org",NA,1,4.75,2020-09-25,"Pseudotsuga menziesii var. menziesii","mh",NA,"PSMEM","","Douglas-fir","Pseudotsuga menziesii var. menziesii",5,"jenkins2003","USA",1,0.56,-2.48,2.4835,0.360458,NA,NA,NA,NA,NA,NA,NA,NA,NA,"ABBY_073_vst_ABBY_2020","80f00bfb-76b5-448e-b0a5-bd28fb04583d","ABBY_073.basePlot.vst",2020-08-26,"D16","ABBY","tower","evergreenForest",45.762944,-122.324601,"WGS84",20.1,552520.56,5067931.28,"10N",336.5,0.1,"OK","vst_ABBY_2020","towerSubset","allGrowthForms","23 | 39","NEON.DOC.000987vJ","Y","Y","Y","Y","presentInAll","Y","presentInAll","N",NA,10,"noneSelected",800,40,800,"Ferns present but not sampled AY20.",2021,"neon_abby2021","ABBY_073_vst_ABBY_2020"
"191","PSMEM","ABBY_063","NEON.PLA.D16.ABBY.00431",1,"ok","single bole tree","Dead, broken bole",104.4,130,"noChange",1.9,NA,1.9,93,0.9,0.9,"Full sun","",NA,NA,NA,NA,NA,NA,NA,NA,NA,NA,NA,NA,"Cause of death unknown","0000-0003-2593-761X","0000-0001-8510-4041",NA,"344542f2-dfd8-414d-ab9e-af089a18dc3f","ABBY_063.basePlot.vst","2015-07-23","vst_ABBY_2015","D16","ABBY","ABBY_063",39,NA,39,26.2,45.4,"","","","NEON.DOC.000987vE","Pseudotsuga menziesii (Mirb.) Franco var. menziesii","variety",NA,NA,NA,"","","krian@neoninc.org","kzias@field-ops.org",NA,0,0.9,2020-09-26,"Pseudotsuga menziesii var. menziesii","mh",NA,"PSMEM","","Douglas-fir","Pseudotsuga menziesii var. menziesii",5,"jenkins2003","USA",1,0.56,-2.48,2.4835,0.360458,NA,NA,NA,NA,NA,NA,NA,NA,NA,"ABBY_063_vst_ABBY_2020","c78fb7f0-87a1-4081-b325-ce1ef95399df","ABBY_063.basePlot.vst",2020-08-26,"D16","ABBY","tower","evergreenForest",45.760513,-122.330039,"WGS84",20.1,552099.96,5067657.64,"10N",362.2,0.1,"OK","vst_ABBY_2020","towerSubset","allGrowthForms","21 | 39","NEON.DOC.000987vJ","Y","Y","Y","Y","presentInAll","Y","presentInAll","N",NA,100,"noneSelected",800,400,800,"nested WST reduced to 100 m^2 per RITM0027653. Ferns present but not sampled AY20.",2021,"neon_abby2021","ABBY_063_vst_ABBY_2020"
"192","PSMEM","ABBY_061","NEON.PLA.D16.ABBY.00948",NA,"ok","single bole tree","Live",16.4,130,"noChange",11.1,NA,NA,NA,5.4,4.8,"Partially shaded","",NA,NA,NA,NA,NA,NA,NA,NA,NA,NA,NA,NA,"","0000-0003-2593-761X","0000-0002-0205-7735",NA,"38d3fe7c-dee4-4f1d-ae17-89bd40636f28","ABBY_061.basePlot.vst","2016-08-16","vst_ABBY_2016","D16","ABBY","ABBY_061",39,4,49,8.6,38.9,"","","","NEON.DOC.000987vE","Pseudotsuga menziesii (Mirb.) Franco var. menziesii","variety",NA,NA,NA,"","","jzemaitis@neoninc.org","bgorzek@field-ops.org",NA,1,5.1,2020-09-23,"Pseudotsuga menziesii var. menziesii","mh",NA,"PSMEM","","Douglas-fir","Pseudotsuga menziesii var. menziesii",5,"jenkins2003","USA",1,0.56,-2.48,2.4835,0.360458,NA,NA,NA,NA,NA,NA,NA,NA,NA,"ABBY_061_vst_ABBY_2020","11747686-bb34-4a45-8b5c-ce1766d6d657","ABBY_061.basePlot.vst",2020-08-26,"D16","ABBY","tower","evergreenForest",45.762451,-122.331158,"WGS84",20.1,552011.14,5067872.22,"10N",362.8,0.1,"OK","vst_ABBY_2020","towerSubset","allGrowthForms","21 | 39","NEON.DOC.000987vJ","Y","Y","Y","Y","presentInAll","Y","presentInAll","N",NA,100,"noneSelected",800,400,800,"Ferns present but not sampled AY20.",2021,"neon_abby2021","ABBY_061_vst_ABBY_2020"
"193","PSMEM","ABBY_073","NEON.PLA.D16.ABBY.09086",1,"ok","single bole tree","Live",11.2,130,"noChange",8,NA,NA,NA,3.4,3.3,"Full sun","",NA,NA,NA,NA,NA,NA,NA,NA,NA,NA,NA,NA,"","0000-0001-9713-5304","0000-0002-7203-5072",NA,"0bfd95ce-d498-421f-a8c7-8a66b9aab387","ABBY_073.basePlot.vst","2020-09-25","vst_ABBY_2020","D16","ABBY","ABBY_073",23,NA,41,8.6,111.9,"map and tag","","","NEON.DOC.000987vJ","Pseudotsuga menziesii (Mirb.) Franco var. menziesii","variety",NA,NA,NA,"","","0000-0002-7203-5072","0000-0001-9713-5304",NA,1,3.35,2020-09-25,"Pseudotsuga menziesii var. menziesii","mh",NA,"PSMEM","","Douglas-fir","Pseudotsuga menziesii var. menziesii",5,"jenkins2003","USA",1,0.56,-2.48,2.4835,0.360458,NA,NA,NA,NA,NA,NA,NA,NA,NA,"ABBY_073_vst_ABBY_2020","80f00bfb-76b5-448e-b0a5-bd28fb04583d","ABBY_073.basePlot.vst",2020-08-26,"D16","ABBY","tower","evergreenForest",45.762944,-122.324601,"WGS84",20.1,552520.56,5067931.28,"10N",336.5,0.1,"OK","vst_ABBY_2020","towerSubset","allGrowthForms","23 | 39","NEON.DOC.000987vJ","Y","Y","Y","Y","presentInAll","Y","presentInAll","N",NA,10,"noneSelected",800,40,800,"Ferns present but not sampled AY20.",2021,"neon_abby2021","ABBY_073_vst_ABBY_2020"
"194","PSMEM","ABBY_063","NEON.PLA.D16.ABBY.00435",1,"ok","single bole tree","Live",10.6,130,"noChange",7.6,NA,NA,NA,3.3,2.8,"Full sun","",NA,NA,NA,NA,NA,NA,NA,NA,NA,NA,NA,NA,"","0000-0003-2593-761X","0000-0001-8510-4041",NA,"1679f9f9-f2a5-4796-a7bd-4ca2e9943ba9","ABBY_063.basePlot.vst","2015-07-23","vst_ABBY_2015","D16","ABBY","ABBY_063",39,NA,39,16.8,89,"","","","NEON.DOC.000987vE","Pseudotsuga menziesii (Mirb.) Franco var. menziesii","variety",NA,NA,NA,"","","krian@neoninc.org","kzias@field-ops.org",NA,1,3.05,2020-09-26,"Pseudotsuga menziesii var. menziesii","mh",NA,"PSMEM","","Douglas-fir","Pseudotsuga menziesii var. menziesii",5,"jenkins2003","USA",1,0.56,-2.48,2.4835,0.360458,NA,NA,NA,NA,NA,NA,NA,NA,NA,"ABBY_063_vst_ABBY_2020","c78fb7f0-87a1-4081-b325-ce1ef95399df","ABBY_063.basePlot.vst",2020-08-26,"D16","ABBY","tower","evergreenForest",45.760513,-122.330039,"WGS84",20.1,552099.96,5067657.64,"10N",362.2,0.1,"OK","vst_ABBY_2020","towerSubset","allGrowthForms","21 | 39","NEON.DOC.000987vJ","Y","Y","Y","Y","presentInAll","Y","presentInAll","N",NA,100,"noneSelected",800,400,800,"nested WST reduced to 100 m^2 per RITM0027653. Ferns present but not sampled AY20.",2021,"neon_abby2021","ABBY_063_vst_ABBY_2020"
"195","PSMEM","ABBY_062","NEON.PLA.D16.ABBY.00753",1,"ok","single bole tree","Live",12,135,"protocolChange",11.1,NA,NA,NA,3.4,3.3,"Partially shaded","",NA,NA,NA,NA,NA,NA,NA,NA,NA,NA,NA,NA,"Diameter measurement height changed to 135 cm branch growth. Previously (2019) measured at 157 cm.","0000-0002-0205-7735","0000-0003-0562-3007",NA,"52566a80-80a2-456a-8148-09fdf43c989d","ABBY_062.basePlot.vst","2019-11-06","vst_ABBY_2019","D16","ABBY","ABBY_062",41,NA,41,3.9,63.8,"map and tag","","","NEON.DOC.000987vH","Pseudotsuga menziesii (Mirb.) Franco var. menziesii","variety",NA,NA,NA,"","","0000-0001-8510-4041","0000-0002-4400-4199",NA,1,3.35,2020-09-25,"Pseudotsuga menziesii var. menziesii","mh",NA,"PSMEM","","Douglas-fir","Pseudotsuga menziesii var. menziesii",5,"jenkins2003","USA",1,0.56,-2.48,2.4835,0.360458,NA,NA,NA,NA,NA,NA,NA,NA,NA,"ABBY_062_vst_ABBY_2020","d6adf231-ed45-4c9b-88de-dbdc6282aaa1","ABBY_062.basePlot.vst",2020-08-26,"D16","ABBY","tower","evergreenForest",45.763476,-122.328069,"WGS84",20.1,552250.39,5067988.12,"10N",342.2,0.2,"OK","vst_ABBY_2020","towerSubset","allGrowthForms","39 | 41","NEON.DOC.000987vJ","Y","Y","Y","Y","presentInAll","Y","presentInAll","N",NA,25,"noneSelected",800,100,800,"Ferns present but not sampled AY20.",2021,"neon_abby2021","ABBY_062_vst_ABBY_2020"
"196","PSMEM","ABBY_061","NEON.PLA.D16.ABBY.00647",1,"ok","single bole tree","Live",16.5,130,"boleChange",9.6,NA,NA,NA,4.6,4.5,"Partially shaded","",NA,NA,NA,NA,NA,NA,NA,NA,NA,NA,NA,NA,"","0000-0003-2593-761X","0000-0002-0205-7735",NA,"dd9aa6bc-5870-48fd-939b-84f3a578abf4","ABBY_061.basePlot.vst","2019-10-22","vst_ABBY_2019","D16","ABBY","ABBY_061",39,NA,49,10.4,301.6,"map and tag","","","NEON.DOC.000987vH","Pseudotsuga menziesii (Mirb.) Franco var. menziesii","variety",NA,NA,NA,"","","0000-0001-8510-4041","0000-0003-2593-761X",NA,1,4.55,2020-09-23,"Pseudotsuga menziesii var. menziesii","mh",NA,"PSMEM","","Douglas-fir","Pseudotsuga menziesii var. menziesii",5,"jenkins2003","USA",1,0.56,-2.48,2.4835,0.360458,NA,NA,NA,NA,NA,NA,NA,NA,NA,"ABBY_061_vst_ABBY_2020","11747686-bb34-4a45-8b5c-ce1766d6d657","ABBY_061.basePlot.vst",2020-08-26,"D16","ABBY","tower","evergreenForest",45.762451,-122.331158,"WGS84",20.1,552011.14,5067872.22,"10N",362.8,0.1,"OK","vst_ABBY_2020","towerSubset","allGrowthForms","21 | 39","NEON.DOC.000987vJ","Y","Y","Y","Y","presentInAll","Y","presentInAll","N",NA,100,"noneSelected",800,400,800,"Ferns present but not sampled AY20.",2021,"neon_abby2021","ABBY_061_vst_ABBY_2020"
"197","PSMEM","ABBY_063","NEON.PLA.D16.ABBY.00420",1,"ok","single bole tree","Live",17.6,130,"noChange",12,NA,NA,NA,6,5,"Partially shaded","",NA,NA,NA,NA,NA,NA,NA,NA,NA,NA,NA,NA,"","0000-0003-2593-761X","0000-0001-8510-4041",NA,"7cd9ba71-348c-4cce-8211-43c41c416bdb","ABBY_063.basePlot.vst","2015-07-23","vst_ABBY_2015","D16","ABBY","ABBY_063",21,NA,21,23,59.1,"","","","NEON.DOC.000987vE","Pseudotsuga menziesii (Mirb.) Franco var. menziesii","variety",NA,NA,NA,"","","krian@neoninc.org","kzias@field-ops.org",NA,1,5.5,2020-09-26,"Pseudotsuga menziesii var. menziesii","mh",NA,"PSMEM","","Douglas-fir","Pseudotsuga menziesii var. menziesii",5,"jenkins2003","USA",1,0.56,-2.48,2.4835,0.360458,NA,NA,NA,NA,NA,NA,NA,NA,NA,"ABBY_063_vst_ABBY_2020","c78fb7f0-87a1-4081-b325-ce1ef95399df","ABBY_063.basePlot.vst",2020-08-26,"D16","ABBY","tower","evergreenForest",45.760513,-122.330039,"WGS84",20.1,552099.96,5067657.64,"10N",362.2,0.1,"OK","vst_ABBY_2020","towerSubset","allGrowthForms","21 | 39","NEON.DOC.000987vJ","Y","Y","Y","Y","presentInAll","Y","presentInAll","N",NA,100,"noneSelected",800,400,800,"nested WST reduced to 100 m^2 per RITM0027653. Ferns present but not sampled AY20.",2021,"neon_abby2021","ABBY_063_vst_ABBY_2020"
"198","PSMEM","ABBY_063","NEON.PLA.D16.ABBY.00296",1,"ok","single bole tree","Live",16.5,130,"noChange",11,NA,NA,NA,4.4,3.7,"Partially shaded","",NA,NA,NA,NA,NA,NA,NA,NA,NA,NA,NA,NA,"","0000-0003-2593-761X","0000-0001-8510-4041",NA,"5c32662f-5260-4b77-8c00-3182d110e78c","ABBY_063.basePlot.vst","2016-10-24","vst_ABBY_2016","D16","ABBY","ABBY_063",39,NA,59,7.2,247.7,"","","","NEON.DOC.000987vE","Pseudotsuga menziesii (Mirb.) Franco var. menziesii","variety",NA,NA,NA,"","mapped 20171115","jzemaitis@neoninc.org","bgorzek@field-ops.org",NA,1,4.05,2020-09-26,"Pseudotsuga menziesii var. menziesii","mh",NA,"PSMEM","","Douglas-fir","Pseudotsuga menziesii var. menziesii",5,"jenkins2003","USA",1,0.56,-2.48,2.4835,0.360458,NA,NA,NA,NA,NA,NA,NA,NA,NA,"ABBY_063_vst_ABBY_2020","c78fb7f0-87a1-4081-b325-ce1ef95399df","ABBY_063.basePlot.vst",2020-08-26,"D16","ABBY","tower","evergreenForest",45.760513,-122.330039,"WGS84",20.1,552099.96,5067657.64,"10N",362.2,0.1,"OK","vst_ABBY_2020","towerSubset","allGrowthForms","21 | 39","NEON.DOC.000987vJ","Y","Y","Y","Y","presentInAll","Y","presentInAll","N",NA,100,"noneSelected",800,400,800,"nested WST reduced to 100 m^2 per RITM0027653. Ferns present but not sampled AY20.",2021,"neon_abby2021","ABBY_063_vst_ABBY_2020"
"199","PSMEM","ABBY_073","NEON.PLA.D16.ABBY.07468",1,"ok","single bole tree","Live",10.8,140,"noChange",8.1,NA,NA,NA,3.5,3.4,"Partially shaded","",NA,NA,NA,NA,NA,NA,NA,NA,NA,NA,NA,NA,"","0000-0001-9521-413X","0000-0002-2759-254X",NA,"618b6ad4-c507-4f7a-a582-930bcc4529b9","ABBY_073.basePlot.vst","2020-09-25","vst_ABBY_2020","D16","ABBY","ABBY_073",39,NA,41,8.8,337.7,"map and tag","","","NEON.DOC.000987vJ","Pseudotsuga menziesii (Mirb.) Franco var. menziesii","variety",NA,NA,NA,"","","0000-0002-2759-254X","0000-0001-9521-413X",NA,1,3.45,2020-09-25,"Pseudotsuga menziesii var. menziesii","mh",NA,"PSMEM","","Douglas-fir","Pseudotsuga menziesii var. menziesii",5,"jenkins2003","USA",1,0.56,-2.48,2.4835,0.360458,NA,NA,NA,NA,NA,NA,NA,NA,NA,"ABBY_073_vst_ABBY_2020","80f00bfb-76b5-448e-b0a5-bd28fb04583d","ABBY_073.basePlot.vst",2020-08-26,"D16","ABBY","tower","evergreenForest",45.762944,-122.324601,"WGS84",20.1,552520.56,5067931.28,"10N",336.5,0.1,"OK","vst_ABBY_2020","towerSubset","allGrowthForms","23 | 39","NEON.DOC.000987vJ","Y","Y","Y","Y","presentInAll","Y","presentInAll","N",NA,10,"noneSelected",800,40,800,"Ferns present but not sampled AY20.",2021,"neon_abby2021","ABBY_073_vst_ABBY_2020"
"200","PSMEM","ABBY_070","NEON.PLA.D16.ABBY.01013",NA,"ok","single bole tree","Live",18.6,130,"noChange",11.6,NA,NA,NA,5.6,3.9,"Partially shaded","",NA,NA,NA,NA,NA,NA,NA,NA,NA,NA,NA,NA,"","0000-0002-2759-254X","0000-0001-9521-413X",NA,"7dbf7316-1b2a-4a76-b5f1-4ab3419cc2bc","ABBY_070.basePlot.vst","2016-10-25","vst_ABBY_2016","D16","ABBY","ABBY_070",21,NA,23,5.7,325.5,"","","","NEON.DOC.000987vE","Pseudotsuga menziesii (Mirb.) Franco var. menziesii","variety",NA,NA,NA,"","","vschmitt@field-ops.org","wsalas@field-ops.org",NA,1,4.75,2020-09-24,"Pseudotsuga menziesii var. menziesii","mh",NA,"PSMEM","","Douglas-fir","Pseudotsuga menziesii var. menziesii",5,"jenkins2003","USA",1,0.56,-2.48,2.4835,0.360458,NA,NA,NA,NA,NA,NA,NA,NA,NA,"ABBY_070_vst_ABBY_2020","8b88ad30-ba5a-4e07-ac8d-2be764c6c3e0","ABBY_070.basePlot.vst",2020-08-26,"D16","ABBY","tower","evergreenForest",45.761334,-122.330793,"WGS84",20.1,552040.56,5067748.36,"10N",363.1,0.1,"OK","vst_ABBY_2020","towerSubset","allGrowthForms","21 | 39","NEON.DOC.000987vJ","Y","Y","Y","Y","presentInAll","Y","presentInAll","N",NA,100,"noneSelected",800,400,800,"Ferns present but not sampled AY20.",2021,"neon_abby2021","ABBY_070_vst_ABBY_2020"
"201","PSMEM","ABBY_063","NEON.PLA.D16.ABBY.00404",1,"ok","single bole tree","Live",10.2,130,"noChange",10,NA,NA,NA,4,3.8,"Mostly shaded","",NA,NA,NA,NA,NA,NA,NA,NA,NA,NA,NA,NA,"","0000-0003-2593-761X","0000-0001-8510-4041",NA,"580f2e9b-b894-4dc5-921d-b36cb86b43a7","ABBY_063.basePlot.vst","2015-07-23","vst_ABBY_2015","D16","ABBY","ABBY_063",21,NA,21,17.5,78,"","","","NEON.DOC.000987vE","Pseudotsuga menziesii (Mirb.) Franco var. menziesii","variety",NA,NA,NA,"","","krian@neoninc.org","kzias@field-ops.org",NA,1,3.9,2020-09-26,"Pseudotsuga menziesii var. menziesii","mh",NA,"PSMEM","","Douglas-fir","Pseudotsuga menziesii var. menziesii",5,"jenkins2003","USA",1,0.56,-2.48,2.4835,0.360458,NA,NA,NA,NA,NA,NA,NA,NA,NA,"ABBY_063_vst_ABBY_2020","c78fb7f0-87a1-4081-b325-ce1ef95399df","ABBY_063.basePlot.vst",2020-08-26,"D16","ABBY","tower","evergreenForest",45.760513,-122.330039,"WGS84",20.1,552099.96,5067657.64,"10N",362.2,0.1,"OK","vst_ABBY_2020","towerSubset","allGrowthForms","21 | 39","NEON.DOC.000987vJ","Y","Y","Y","Y","presentInAll","Y","presentInAll","N",NA,100,"noneSelected",800,400,800,"nested WST reduced to 100 m^2 per RITM0027653. Ferns present but not sampled AY20.",2021,"neon_abby2021","ABBY_063_vst_ABBY_2020"
"202","PSMEM","ABBY_063","NEON.PLA.D16.ABBY.00453",1,"ok","single bole tree","Live",15.6,130,"protocolChange",9.9,NA,NA,NA,4.4,3.9,"Mostly shaded","",NA,NA,NA,NA,NA,NA,NA,NA,NA,NA,NA,NA,"Previous dbh measured under 130 cm","0000-0003-2593-761X","0000-0001-8510-4041",NA,"897a4681-83aa-45ae-b839-d60252b4fdd9","ABBY_063.basePlot.vst","2015-07-23","vst_ABBY_2015","D16","ABBY","ABBY_063",39,NA,57,7.4,94.8,"","","","NEON.DOC.000987vE","Pseudotsuga menziesii (Mirb.) Franco var. menziesii","variety",NA,NA,NA,"","","krian@neoninc.org","kzias@field-ops.org",NA,1,4.15,2020-09-26,"Pseudotsuga menziesii var. menziesii","mh",NA,"PSMEM","","Douglas-fir","Pseudotsuga menziesii var. menziesii",5,"jenkins2003","USA",1,0.56,-2.48,2.4835,0.360458,NA,NA,NA,NA,NA,NA,NA,NA,NA,"ABBY_063_vst_ABBY_2020","c78fb7f0-87a1-4081-b325-ce1ef95399df","ABBY_063.basePlot.vst",2020-08-26,"D16","ABBY","tower","evergreenForest",45.760513,-122.330039,"WGS84",20.1,552099.96,5067657.64,"10N",362.2,0.1,"OK","vst_ABBY_2020","towerSubset","allGrowthForms","21 | 39","NEON.DOC.000987vJ","Y","Y","Y","Y","presentInAll","Y","presentInAll","N",NA,100,"noneSelected",800,400,800,"nested WST reduced to 100 m^2 per RITM0027653. Ferns present but not sampled AY20.",2021,"neon_abby2021","ABBY_063_vst_ABBY_2020"
"203","PSMEM","ABBY_062","NEON.PLA.D16.ABBY.03611",NA,"ok","single bole tree","Live",11.3,130,"noChange",9.2,NA,NA,NA,3.4,3.3,"Partially shaded","",NA,NA,NA,NA,NA,NA,NA,NA,NA,NA,NA,NA,"","0000-0002-0205-7735","0000-0003-0562-3007",NA,"70553049-5d78-4b1d-bdf9-9c9b8e263a84","ABBY_062.basePlot.vst","2019-11-06","vst_ABBY_2019","D16","ABBY","ABBY_062",41,NA,59,10.2,136.8,"map and tag","","","NEON.DOC.000987vH","Pseudotsuga menziesii (Mirb.) Franco var. menziesii","variety",NA,NA,NA,"","","0000-0001-8510-4041","0000-0002-4400-4199",NA,1,3.35,2020-09-25,"Pseudotsuga menziesii var. menziesii","mh",NA,"PSMEM","","Douglas-fir","Pseudotsuga menziesii var. menziesii",5,"jenkins2003","USA",1,0.56,-2.48,2.4835,0.360458,NA,NA,NA,NA,NA,NA,NA,NA,NA,"ABBY_062_vst_ABBY_2020","d6adf231-ed45-4c9b-88de-dbdc6282aaa1","ABBY_062.basePlot.vst",2020-08-26,"D16","ABBY","tower","evergreenForest",45.763476,-122.328069,"WGS84",20.1,552250.39,5067988.12,"10N",342.2,0.2,"OK","vst_ABBY_2020","towerSubset","allGrowthForms","39 | 41","NEON.DOC.000987vJ","Y","Y","Y","Y","presentInAll","Y","presentInAll","N",NA,25,"noneSelected",800,100,800,"Ferns present but not sampled AY20.",2021,"neon_abby2021","ABBY_062_vst_ABBY_2020"
"204","PSMEM","ABBY_063","NEON.PLA.D16.ABBY.00451",1,"ok","single bole tree","Live",11.5,132,"protocolChange",9,NA,NA,NA,3.7,3.4,"Partially shaded","",NA,NA,NA,NA,NA,NA,NA,NA,NA,NA,NA,NA,"Previous dbh measured below 130 cm","0000-0003-2593-761X","0000-0001-8510-4041",NA,"dc70df09-3044-4587-81e5-a74d6d579c8e","ABBY_063.basePlot.vst","2015-07-23","vst_ABBY_2015","D16","ABBY","ABBY_063",39,NA,39,19,19.4,"","","","NEON.DOC.000987vE","Pseudotsuga menziesii (Mirb.) Franco var. menziesii","variety",NA,NA,NA,"","","krian@neoninc.org","kzias@field-ops.org",NA,1,3.55,2020-09-26,"Pseudotsuga menziesii var. menziesii","mh",NA,"PSMEM","","Douglas-fir","Pseudotsuga menziesii var. menziesii",5,"jenkins2003","USA",1,0.56,-2.48,2.4835,0.360458,NA,NA,NA,NA,NA,NA,NA,NA,NA,"ABBY_063_vst_ABBY_2020","c78fb7f0-87a1-4081-b325-ce1ef95399df","ABBY_063.basePlot.vst",2020-08-26,"D16","ABBY","tower","evergreenForest",45.760513,-122.330039,"WGS84",20.1,552099.96,5067657.64,"10N",362.2,0.1,"OK","vst_ABBY_2020","towerSubset","allGrowthForms","21 | 39","NEON.DOC.000987vJ","Y","Y","Y","Y","presentInAll","Y","presentInAll","N",NA,100,"noneSelected",800,400,800,"nested WST reduced to 100 m^2 per RITM0027653. Ferns present but not sampled AY20.",2021,"neon_abby2021","ABBY_063_vst_ABBY_2020"
"205","PSMEM","ABBY_070","NEON.PLA.D16.ABBY.01012",NA,"ok","single bole tree","Live",20.6,130,"noChange",11.5,NA,NA,NA,5.8,4.8,"Partially shaded","",NA,NA,NA,NA,NA,NA,NA,NA,NA,NA,NA,NA,"","0000-0002-2759-254X","0000-0001-9521-413X",NA,"9683a681-6ce7-4148-8033-be2d25522302","ABBY_070.basePlot.vst","2016-10-25","vst_ABBY_2016","D16","ABBY","ABBY_070",21,NA,23,3.1,348.5,"","","","NEON.DOC.000987vE","Pseudotsuga menziesii (Mirb.) Franco var. menziesii","variety",NA,NA,NA,"","","vschmitt@field-ops.org","wsalas@field-ops.org",NA,1,5.3,2020-09-24,"Pseudotsuga menziesii var. menziesii","mh",NA,"PSMEM","","Douglas-fir","Pseudotsuga menziesii var. menziesii",5,"jenkins2003","USA",1,0.56,-2.48,2.4835,0.360458,NA,NA,NA,NA,NA,NA,NA,NA,NA,"ABBY_070_vst_ABBY_2020","8b88ad30-ba5a-4e07-ac8d-2be764c6c3e0","ABBY_070.basePlot.vst",2020-08-26,"D16","ABBY","tower","evergreenForest",45.761334,-122.330793,"WGS84",20.1,552040.56,5067748.36,"10N",363.1,0.1,"OK","vst_ABBY_2020","towerSubset","allGrowthForms","21 | 39","NEON.DOC.000987vJ","Y","Y","Y","Y","presentInAll","Y","presentInAll","N",NA,100,"noneSelected",800,400,800,"Ferns present but not sampled AY20.",2021,"neon_abby2021","ABBY_070_vst_ABBY_2020"
"206","PSMEM","ABBY_063","NEON.PLA.D16.ABBY.00454",1,"ok","single bole tree","Live",13.6,138,"noChange",10.5,NA,NA,NA,4.3,3.5,"Partially shaded","",NA,NA,NA,NA,NA,NA,NA,NA,NA,NA,NA,NA,"","0000-0003-2593-761X","0000-0001-8510-4041",NA,"4cf54db8-aee0-4487-a171-fc63a348f9d1","ABBY_063.basePlot.vst","2015-07-23","vst_ABBY_2015","D16","ABBY","ABBY_063",39,NA,57,11,100.3,"","","","NEON.DOC.000987vE","Pseudotsuga menziesii (Mirb.) Franco var. menziesii","variety",NA,NA,NA,"","","krian@neoninc.org","kzias@field-ops.org",NA,1,3.9,2020-09-26,"Pseudotsuga menziesii var. menziesii","mh",NA,"PSMEM","","Douglas-fir","Pseudotsuga menziesii var. menziesii",5,"jenkins2003","USA",1,0.56,-2.48,2.4835,0.360458,NA,NA,NA,NA,NA,NA,NA,NA,NA,"ABBY_063_vst_ABBY_2020","c78fb7f0-87a1-4081-b325-ce1ef95399df","ABBY_063.basePlot.vst",2020-08-26,"D16","ABBY","tower","evergreenForest",45.760513,-122.330039,"WGS84",20.1,552099.96,5067657.64,"10N",362.2,0.1,"OK","vst_ABBY_2020","towerSubset","allGrowthForms","21 | 39","NEON.DOC.000987vJ","Y","Y","Y","Y","presentInAll","Y","presentInAll","N",NA,100,"noneSelected",800,400,800,"nested WST reduced to 100 m^2 per RITM0027653. Ferns present but not sampled AY20.",2021,"neon_abby2021","ABBY_063_vst_ABBY_2020"
"207","PSMEM","ABBY_062","NEON.PLA.D16.ABBY.03388",NA,"ok","single bole tree","Live",13.3,145,"noChange",11,NA,NA,NA,4.4,3.8,"Partially shaded","",NA,NA,NA,NA,NA,NA,NA,NA,NA,NA,NA,NA,"","0000-0002-4816-2610","0000-0003-2593-761X",NA,"fb648718-b4a2-4eb8-ad2e-fc8840605bcc","ABBY_062.basePlot.vst","2018-09-20","vst_ABBY_2018","D16","ABBY","ABBY_062",39,NA,57,9.8,173.2,"","","","NEON.DOC.000987vG","Pseudotsuga menziesii (Mirb.) Franco var. menziesii","variety",NA,NA,NA,"","","klazarus@battelleecology.org","kwells@battelleecology.org",NA,1,4.1,2020-09-25,"Pseudotsuga menziesii var. menziesii","mh",NA,"PSMEM","","Douglas-fir","Pseudotsuga menziesii var. menziesii",5,"jenkins2003","USA",1,0.56,-2.48,2.4835,0.360458,NA,NA,NA,NA,NA,NA,NA,NA,NA,"ABBY_062_vst_ABBY_2020","d6adf231-ed45-4c9b-88de-dbdc6282aaa1","ABBY_062.basePlot.vst",2020-08-26,"D16","ABBY","tower","evergreenForest",45.763476,-122.328069,"WGS84",20.1,552250.39,5067988.12,"10N",342.2,0.2,"OK","vst_ABBY_2020","towerSubset","allGrowthForms","39 | 41","NEON.DOC.000987vJ","Y","Y","Y","Y","presentInAll","Y","presentInAll","N",NA,25,"noneSelected",800,100,800,"Ferns present but not sampled AY20.",2021,"neon_abby2021","ABBY_062_vst_ABBY_2020"
"208","PSMEM","ABBY_062","NEON.PLA.D16.ABBY.00793",NA,"ok","single bole tree","Live",12.9,138,"noChange",9.1,NA,NA,NA,3.2,3.1,"Partially shaded","",NA,NA,NA,NA,NA,NA,NA,NA,NA,NA,NA,NA,"","0000-0002-4816-2610","0000-0003-2593-761X",NA,"4b1bdaa8-4264-4d0f-8cf3-0275495a14c5","ABBY_062.basePlot.vst","2019-11-06","vst_ABBY_2019","D16","ABBY","ABBY_062",39,1,39,3.4,58.7,"map and tag","","","NEON.DOC.000987vH","Pseudotsuga menziesii (Mirb.) Franco var. menziesii","variety",NA,NA,NA,"","","0000-0003-1908-4817","0000-0003-1908-4817",NA,1,3.15,2020-09-25,"Pseudotsuga menziesii var. menziesii","mh",NA,"PSMEM","","Douglas-fir","Pseudotsuga menziesii var. menziesii",5,"jenkins2003","USA",1,0.56,-2.48,2.4835,0.360458,NA,NA,NA,NA,NA,NA,NA,NA,NA,"ABBY_062_vst_ABBY_2020","d6adf231-ed45-4c9b-88de-dbdc6282aaa1","ABBY_062.basePlot.vst",2020-08-26,"D16","ABBY","tower","evergreenForest",45.763476,-122.328069,"WGS84",20.1,552250.39,5067988.12,"10N",342.2,0.2,"OK","vst_ABBY_2020","towerSubset","allGrowthForms","39 | 41","NEON.DOC.000987vJ","Y","Y","Y","Y","presentInAll","Y","presentInAll","N",NA,25,"noneSelected",800,100,800,"Ferns present but not sampled AY20.",2021,"neon_abby2021","ABBY_062_vst_ABBY_2020"
"209","PSMEM","ABBY_062","NEON.PLA.D16.ABBY.03979",NA,"ok","single bole tree","Live",12.8,130,"noChange",10.9,NA,NA,NA,3.6,3.4,"Partially shaded","",NA,NA,NA,NA,NA,NA,NA,NA,NA,NA,NA,NA,"","0000-0002-0205-7735","0000-0003-0562-3007",NA,"910d6c1a-631b-4dc6-8e85-b6b4df9e662d","ABBY_062.basePlot.vst","2019-11-06","vst_ABBY_2019","D16","ABBY","ABBY_062",41,NA,59,13.3,154.1,"map and tag","","","NEON.DOC.000987vH","Pseudotsuga menziesii (Mirb.) Franco var. menziesii","variety",NA,NA,NA,"","","0000-0001-8510-4041","0000-0002-4400-4199",NA,1,3.5,2020-09-25,"Pseudotsuga menziesii var. menziesii","mh",NA,"PSMEM","","Douglas-fir","Pseudotsuga menziesii var. menziesii",5,"jenkins2003","USA",1,0.56,-2.48,2.4835,0.360458,NA,NA,NA,NA,NA,NA,NA,NA,NA,"ABBY_062_vst_ABBY_2020","d6adf231-ed45-4c9b-88de-dbdc6282aaa1","ABBY_062.basePlot.vst",2020-08-26,"D16","ABBY","tower","evergreenForest",45.763476,-122.328069,"WGS84",20.1,552250.39,5067988.12,"10N",342.2,0.2,"OK","vst_ABBY_2020","towerSubset","allGrowthForms","39 | 41","NEON.DOC.000987vJ","Y","Y","Y","Y","presentInAll","Y","presentInAll","N",NA,25,"noneSelected",800,100,800,"Ferns present but not sampled AY20.",2021,"neon_abby2021","ABBY_062_vst_ABBY_2020"
"210","PSMEM","ABBY_063","NEON.PLA.D16.ABBY.00450",1,"ok","single bole tree","Live",11.3,135,"noChange",9,NA,NA,NA,4.2,3.8,"Partially shaded","",NA,NA,NA,NA,NA,NA,NA,NA,NA,NA,NA,NA,"","0000-0001-8510-4041","0000-0003-2593-761X",NA,"cbb47627-f697-4078-bb3c-97b6af22961d","ABBY_063.basePlot.vst","2021-01-07","vst_ABBY_2020","D16","ABBY","ABBY_063",39,NA,57,5,142.9,"map and tag","","","NEON.DOC.000987vJ","Pseudotsuga menziesii (Mirb.) Franco var. menziesii","variety",NA,NA,NA,"","","0000-0001-8510-4041","0000-0001-6193-1800",NA,1,4,2020-09-24,"Pseudotsuga menziesii var. menziesii","mh",NA,"PSMEM","","Douglas-fir","Pseudotsuga menziesii var. menziesii",5,"jenkins2003","USA",1,0.56,-2.48,2.4835,0.360458,NA,NA,NA,NA,NA,NA,NA,NA,NA,"ABBY_063_vst_ABBY_2020","c78fb7f0-87a1-4081-b325-ce1ef95399df","ABBY_063.basePlot.vst",2020-08-26,"D16","ABBY","tower","evergreenForest",45.760513,-122.330039,"WGS84",20.1,552099.96,5067657.64,"10N",362.2,0.1,"OK","vst_ABBY_2020","towerSubset","allGrowthForms","21 | 39","NEON.DOC.000987vJ","Y","Y","Y","Y","presentInAll","Y","presentInAll","N",NA,100,"noneSelected",800,400,800,"nested WST reduced to 100 m^2 per RITM0027653. Ferns present but not sampled AY20.",2021,"neon_abby2021","ABBY_063_vst_ABBY_2020"
"211","PSMEM","ABBY_070","NEON.PLA.D16.ABBY.00741",NA,"ok","single bole tree","Live",12.9,130,"noChange",9.3,NA,NA,NA,3.9,3.1,"Partially shaded","",NA,NA,NA,NA,NA,NA,NA,NA,NA,NA,NA,NA,"","0000-0002-2759-254X","0000-0001-9521-413X",NA,"8c79a659-96ca-49bc-96cb-6f6a6d23f30f","ABBY_070.basePlot.vst","2018-07-31","vst_ABBY_2018","D16","ABBY","ABBY_070",21,1,21,9.7,17.2,"","","","NEON.DOC.000987vG","Pseudotsuga menziesii (Mirb.) Franco var. menziesii","variety",NA,NA,NA,"","","ccordell@battelleecology.org","klazarus@battelleecology.org",NA,1,3.5,2020-09-24,"Pseudotsuga menziesii var. menziesii","mh",NA,"PSMEM","","Douglas-fir","Pseudotsuga menziesii var. menziesii",5,"jenkins2003","USA",1,0.56,-2.48,2.4835,0.360458,NA,NA,NA,NA,NA,NA,NA,NA,NA,"ABBY_070_vst_ABBY_2020","8b88ad30-ba5a-4e07-ac8d-2be764c6c3e0","ABBY_070.basePlot.vst",2020-08-26,"D16","ABBY","tower","evergreenForest",45.761334,-122.330793,"WGS84",20.1,552040.56,5067748.36,"10N",363.1,0.1,"OK","vst_ABBY_2020","towerSubset","allGrowthForms","21 | 39","NEON.DOC.000987vJ","Y","Y","Y","Y","presentInAll","Y","presentInAll","N",NA,100,"noneSelected",800,400,800,"Ferns present but not sampled AY20.",2021,"neon_abby2021","ABBY_070_vst_ABBY_2020"
"212","PSMEM","ABBY_063","NEON.PLA.D16.ABBY.00448",1,"ok","single bole tree","Live",14.2,130,"protocolChange",9.3,NA,NA,NA,5,4.9,"Partially shaded","",NA,NA,NA,NA,NA,NA,NA,NA,NA,NA,NA,NA,"Previous measure height under 130 cm","0000-0003-2593-761X","0000-0001-8510-4041",NA,"8e1625fe-1cea-43ac-9937-8bd1af2062e6","ABBY_063.basePlot.vst","2015-07-23","vst_ABBY_2015","D16","ABBY","ABBY_063",39,NA,39,16.5,29.5,"","","","NEON.DOC.000987vE","Pseudotsuga menziesii (Mirb.) Franco var. menziesii","variety",NA,NA,NA,"","","krian@neoninc.org","kzias@field-ops.org",NA,1,4.95,2020-09-26,"Pseudotsuga menziesii var. menziesii","mh",NA,"PSMEM","","Douglas-fir","Pseudotsuga menziesii var. menziesii",5,"jenkins2003","USA",1,0.56,-2.48,2.4835,0.360458,NA,NA,NA,NA,NA,NA,NA,NA,NA,"ABBY_063_vst_ABBY_2020","c78fb7f0-87a1-4081-b325-ce1ef95399df","ABBY_063.basePlot.vst",2020-08-26,"D16","ABBY","tower","evergreenForest",45.760513,-122.330039,"WGS84",20.1,552099.96,5067657.64,"10N",362.2,0.1,"OK","vst_ABBY_2020","towerSubset","allGrowthForms","21 | 39","NEON.DOC.000987vJ","Y","Y","Y","Y","presentInAll","Y","presentInAll","N",NA,100,"noneSelected",800,400,800,"nested WST reduced to 100 m^2 per RITM0027653. Ferns present but not sampled AY20.",2021,"neon_abby2021","ABBY_063_vst_ABBY_2020"
"213","PSMEM","ABBY_073","NEON.PLA.D16.ABBY.03095",1,"ok","single bole tree","Live",13.6,130,"noChange",10.4,NA,NA,NA,4.2,3.7,"Partially shaded","",NA,NA,NA,NA,NA,NA,NA,NA,NA,NA,NA,NA,"","0000-0001-9521-413X","0000-0002-2759-254X",NA,"60bcd128-8852-45fa-b378-2e50f31c71c7","ABBY_073.basePlot.vst","2018-08-01","vst_ABBY_2018","D16","ABBY","ABBY_073",39,NA,41,10.9,313.8,"","","","NEON.DOC.000987vG","Pseudotsuga menziesii (Mirb.) Franco var. menziesii","variety",NA,NA,NA,"","","ccordell@battelleecology.org","Jzemaitis@battelleecology.org",NA,1,3.95,2020-09-25,"Pseudotsuga menziesii var. menziesii","mh",NA,"PSMEM","","Douglas-fir","Pseudotsuga menziesii var. menziesii",5,"jenkins2003","USA",1,0.56,-2.48,2.4835,0.360458,NA,NA,NA,NA,NA,NA,NA,NA,NA,"ABBY_073_vst_ABBY_2020","80f00bfb-76b5-448e-b0a5-bd28fb04583d","ABBY_073.basePlot.vst",2020-08-26,"D16","ABBY","tower","evergreenForest",45.762944,-122.324601,"WGS84",20.1,552520.56,5067931.28,"10N",336.5,0.1,"OK","vst_ABBY_2020","towerSubset","allGrowthForms","23 | 39","NEON.DOC.000987vJ","Y","Y","Y","Y","presentInAll","Y","presentInAll","N",NA,10,"noneSelected",800,40,800,"Ferns present but not sampled AY20.",2021,"neon_abby2021","ABBY_073_vst_ABBY_2020"
"214","PSMEM","ABBY_073","NEON.PLA.D16.ABBY.00040",1,"ok","single bole tree","Live",16.1,140,"branchGrowth",10.8,NA,NA,NA,5,4.5,"Partially shaded","",NA,NA,NA,NA,NA,NA,NA,NA,NA,NA,NA,NA,"","0000-0001-9521-413X","0000-0002-2759-254X",NA,"2de26e63-4713-4c59-9afe-99f11ea027b4","ABBY_073.basePlot.vst","2016-10-12","vst_ABBY_2016","D16","ABBY","ABBY_073",39,NA,39,13.1,71.3,"","","","NEON.DOC.000987vE","Pseudotsuga menziesii (Mirb.) Franco var. menziesii","variety",NA,NA,NA,"","","wsalas@field-ops.org","bgorzek@field-ops.org",NA,1,4.75,2020-09-25,"Pseudotsuga menziesii var. menziesii","mh",NA,"PSMEM","","Douglas-fir","Pseudotsuga menziesii var. menziesii",5,"jenkins2003","USA",1,0.56,-2.48,2.4835,0.360458,NA,NA,NA,NA,NA,NA,NA,NA,NA,"ABBY_073_vst_ABBY_2020","80f00bfb-76b5-448e-b0a5-bd28fb04583d","ABBY_073.basePlot.vst",2020-08-26,"D16","ABBY","tower","evergreenForest",45.762944,-122.324601,"WGS84",20.1,552520.56,5067931.28,"10N",336.5,0.1,"OK","vst_ABBY_2020","towerSubset","allGrowthForms","23 | 39","NEON.DOC.000987vJ","Y","Y","Y","Y","presentInAll","Y","presentInAll","N",NA,10,"noneSelected",800,40,800,"Ferns present but not sampled AY20.",2021,"neon_abby2021","ABBY_073_vst_ABBY_2020"
"215","PSMEM","ABBY_070","NEON.PLA.D16.ABBY.02862",NA,"ok","single bole tree","Live",14.6,130,"noChange",9.7,NA,NA,NA,4.7,4,"Partially shaded","",NA,NA,NA,NA,NA,NA,NA,NA,NA,NA,NA,NA,"","0000-0002-2759-254X","0000-0001-9521-413X",NA,"d9badff3-93bc-4b16-a93d-9cea9ac60704","ABBY_070.basePlot.vst","2017-09-26","vst_ABBY_2017","D16","ABBY","ABBY_070",21,NA,31,8.2,291.8,"","","","NEON.DOC.000987vG","Pseudotsuga menziesii (Mirb.) Franco var. menziesii","variety",NA,NA,NA,"","","Eolsen@battelleecology.org","Kchilders@battelleecology.org",NA,1,4.35,2020-09-24,"Pseudotsuga menziesii var. menziesii","mh",NA,"PSMEM","","Douglas-fir","Pseudotsuga menziesii var. menziesii",5,"jenkins2003","USA",1,0.56,-2.48,2.4835,0.360458,NA,NA,NA,NA,NA,NA,NA,NA,NA,"ABBY_070_vst_ABBY_2020","8b88ad30-ba5a-4e07-ac8d-2be764c6c3e0","ABBY_070.basePlot.vst",2020-08-26,"D16","ABBY","tower","evergreenForest",45.761334,-122.330793,"WGS84",20.1,552040.56,5067748.36,"10N",363.1,0.1,"OK","vst_ABBY_2020","towerSubset","allGrowthForms","21 | 39","NEON.DOC.000987vJ","Y","Y","Y","Y","presentInAll","Y","presentInAll","N",NA,100,"noneSelected",800,400,800,"Ferns present but not sampled AY20.",2021,"neon_abby2021","ABBY_070_vst_ABBY_2020"
"216","PSMEM","ABBY_063","NEON.PLA.D16.ABBY.00447",1,"ok","single bole tree","Live",14,130,"noChange",10.3,NA,NA,NA,3.8,3.2,"Partially shaded","",NA,NA,NA,NA,NA,NA,NA,NA,NA,NA,NA,NA,"","0000-0001-8510-4041","0000-0003-2593-761X",NA,"e7d6431b-643a-4110-9691-73e59e2f8fd3","ABBY_063.basePlot.vst","2015-07-23","vst_ABBY_2015","D16","ABBY","ABBY_063",39,NA,39,15.5,20.5,"","","","NEON.DOC.000987vE","Pseudotsuga menziesii (Mirb.) Franco var. menziesii","variety",NA,NA,NA,"","","krian@neoninc.org","kzias@field-ops.org",NA,1,3.5,2020-09-24,"Pseudotsuga menziesii var. menziesii","mh",NA,"PSMEM","","Douglas-fir","Pseudotsuga menziesii var. menziesii",5,"jenkins2003","USA",1,0.56,-2.48,2.4835,0.360458,NA,NA,NA,NA,NA,NA,NA,NA,NA,"ABBY_063_vst_ABBY_2020","c78fb7f0-87a1-4081-b325-ce1ef95399df","ABBY_063.basePlot.vst",2020-08-26,"D16","ABBY","tower","evergreenForest",45.760513,-122.330039,"WGS84",20.1,552099.96,5067657.64,"10N",362.2,0.1,"OK","vst_ABBY_2020","towerSubset","allGrowthForms","21 | 39","NEON.DOC.000987vJ","Y","Y","Y","Y","presentInAll","Y","presentInAll","N",NA,100,"noneSelected",800,400,800,"nested WST reduced to 100 m^2 per RITM0027653. Ferns present but not sampled AY20.",2021,"neon_abby2021","ABBY_063_vst_ABBY_2020"
"217","PSMEM","ABBY_063","NEON.PLA.D16.ABBY.00427",1,"ok","single bole tree","Live",13.8,133,"noChange",11,NA,NA,NA,5,3.4,"Mostly shaded","",NA,NA,NA,NA,NA,NA,NA,NA,NA,NA,NA,NA,"","0000-0003-2593-761X","0000-0001-8510-4041",NA,"4de193c7-14fd-4aa1-88f7-93f198e654bc","ABBY_063.basePlot.vst","2015-07-23","vst_ABBY_2015","D16","ABBY","ABBY_063",39,NA,41,20.9,344,"","","","NEON.DOC.000987vE","Pseudotsuga menziesii (Mirb.) Franco var. menziesii","variety",NA,NA,NA,"","2017 remap from pt. 59 13.9m @ 91.1 degrees","krian@neoninc.org","kzias@field-ops.org",NA,1,4.2,2020-09-26,"Pseudotsuga menziesii var. menziesii","mh",NA,"PSMEM","","Douglas-fir","Pseudotsuga menziesii var. menziesii",5,"jenkins2003","USA",1,0.56,-2.48,2.4835,0.360458,NA,NA,NA,NA,NA,NA,NA,NA,NA,"ABBY_063_vst_ABBY_2020","c78fb7f0-87a1-4081-b325-ce1ef95399df","ABBY_063.basePlot.vst",2020-08-26,"D16","ABBY","tower","evergreenForest",45.760513,-122.330039,"WGS84",20.1,552099.96,5067657.64,"10N",362.2,0.1,"OK","vst_ABBY_2020","towerSubset","allGrowthForms","21 | 39","NEON.DOC.000987vJ","Y","Y","Y","Y","presentInAll","Y","presentInAll","N",NA,100,"noneSelected",800,400,800,"nested WST reduced to 100 m^2 per RITM0027653. Ferns present but not sampled AY20.",2021,"neon_abby2021","ABBY_063_vst_ABBY_2020"
"218","PSMEM","ABBY_063","NEON.PLA.D16.ABBY.00436",1,"ok","single bole tree","Live",16.8,130,"noChange",10.4,NA,NA,NA,5.2,3.9,"Partially shaded","",NA,NA,NA,NA,NA,NA,NA,NA,NA,NA,NA,NA,"","0000-0003-2593-761X","0000-0001-8510-4041",NA,"1012adae-fcbd-4114-bb5c-f82194374194","ABBY_063.basePlot.vst","2015-07-23","vst_ABBY_2015","D16","ABBY","ABBY_063",39,NA,39,21.6,65.9,"","","","NEON.DOC.000987vE","Pseudotsuga menziesii (Mirb.) Franco var. menziesii","variety",NA,NA,NA,"","","krian@neoninc.org","kzias@field-ops.org",NA,1,4.55,2020-09-26,"Pseudotsuga menziesii var. menziesii","mh",NA,"PSMEM","","Douglas-fir","Pseudotsuga menziesii var. menziesii",5,"jenkins2003","USA",1,0.56,-2.48,2.4835,0.360458,NA,NA,NA,NA,NA,NA,NA,NA,NA,"ABBY_063_vst_ABBY_2020","c78fb7f0-87a1-4081-b325-ce1ef95399df","ABBY_063.basePlot.vst",2020-08-26,"D16","ABBY","tower","evergreenForest",45.760513,-122.330039,"WGS84",20.1,552099.96,5067657.64,"10N",362.2,0.1,"OK","vst_ABBY_2020","towerSubset","allGrowthForms","21 | 39","NEON.DOC.000987vJ","Y","Y","Y","Y","presentInAll","Y","presentInAll","N",NA,100,"noneSelected",800,400,800,"nested WST reduced to 100 m^2 per RITM0027653. Ferns present but not sampled AY20.",2021,"neon_abby2021","ABBY_063_vst_ABBY_2020"
"219","PSMEM","ABBY_070","NEON.PLA.D16.ABBY.00748",NA,"ok","single bole tree","Live",12.7,130,"noChange",9,NA,NA,NA,4.2,4.1,"Partially shaded","",NA,NA,NA,NA,NA,NA,NA,NA,NA,NA,NA,NA,"","0000-0002-2759-254X","0000-0001-9521-413X",NA,"6f3b714b-e9ba-4a36-9ab8-28252ba288a4","ABBY_070.basePlot.vst","2018-07-31","vst_ABBY_2018","D16","ABBY","ABBY_070",21,1,21,8.3,87.8,"","","","NEON.DOC.000987vG","Pseudotsuga menziesii (Mirb.) Franco var. menziesii","variety",NA,NA,NA,"","","ccordell@battelleecology.org","klazarus@battelleecology.org",NA,1,4.15,2020-09-24,"Pseudotsuga menziesii var. menziesii","mh",NA,"PSMEM","","Douglas-fir","Pseudotsuga menziesii var. menziesii",5,"jenkins2003","USA",1,0.56,-2.48,2.4835,0.360458,NA,NA,NA,NA,NA,NA,NA,NA,NA,"ABBY_070_vst_ABBY_2020","8b88ad30-ba5a-4e07-ac8d-2be764c6c3e0","ABBY_070.basePlot.vst",2020-08-26,"D16","ABBY","tower","evergreenForest",45.761334,-122.330793,"WGS84",20.1,552040.56,5067748.36,"10N",363.1,0.1,"OK","vst_ABBY_2020","towerSubset","allGrowthForms","21 | 39","NEON.DOC.000987vJ","Y","Y","Y","Y","presentInAll","Y","presentInAll","N",NA,100,"noneSelected",800,400,800,"Ferns present but not sampled AY20.",2021,"neon_abby2021","ABBY_070_vst_ABBY_2020"
"220","PSMEM","ABBY_073","NEON.PLA.D16.ABBY.09082",1,"ok","single bole tree","Live",10.4,130,"noChange",8.6,NA,NA,NA,3.4,3.2,"Partially shaded","",NA,NA,NA,NA,NA,NA,NA,NA,NA,NA,NA,NA,"","0000-0001-9521-413X","0000-0002-2759-254X",NA,"b587ffe4-d21a-4b56-b59b-6a8a8c5020cc","ABBY_073.basePlot.vst","2020-09-25","vst_ABBY_2020","D16","ABBY","ABBY_073",39,NA,59,9.7,220.4,"map and tag","","","NEON.DOC.000987vJ","Pseudotsuga menziesii (Mirb.) Franco var. menziesii","variety",NA,NA,NA,"","","0000-0002-2759-254X","0000-0001-9521-413X",NA,1,3.3,2020-09-25,"Pseudotsuga menziesii var. menziesii","mh",NA,"PSMEM","","Douglas-fir","Pseudotsuga menziesii var. menziesii",5,"jenkins2003","USA",1,0.56,-2.48,2.4835,0.360458,NA,NA,NA,NA,NA,NA,NA,NA,NA,"ABBY_073_vst_ABBY_2020","80f00bfb-76b5-448e-b0a5-bd28fb04583d","ABBY_073.basePlot.vst",2020-08-26,"D16","ABBY","tower","evergreenForest",45.762944,-122.324601,"WGS84",20.1,552520.56,5067931.28,"10N",336.5,0.1,"OK","vst_ABBY_2020","towerSubset","allGrowthForms","23 | 39","NEON.DOC.000987vJ","Y","Y","Y","Y","presentInAll","Y","presentInAll","N",NA,10,"noneSelected",800,40,800,"Ferns present but not sampled AY20.",2021,"neon_abby2021","ABBY_073_vst_ABBY_2020"
"221","PSMEM","ABBY_063","NEON.PLA.D16.ABBY.00406",1,"ok","single bole tree","Live",11.9,130,"noChange",9.4,NA,NA,NA,4.6,4.1,"Mostly shaded","",NA,NA,NA,NA,NA,NA,NA,NA,NA,NA,NA,NA,"","0000-0003-2593-761X","0000-0001-8510-4041",NA,"2954870c-0964-4975-bb40-88074bb1d705","ABBY_063.basePlot.vst","2015-07-23","vst_ABBY_2015","D16","ABBY","ABBY_063",21,NA,21,16.2,88.6,"","","","NEON.DOC.000987vE","Pseudotsuga menziesii (Mirb.) Franco var. menziesii","variety",NA,NA,NA,"","","krian@neoninc.org","kzias@field-ops.org",NA,1,4.35,2020-09-26,"Pseudotsuga menziesii var. menziesii","mh",NA,"PSMEM","","Douglas-fir","Pseudotsuga menziesii var. menziesii",5,"jenkins2003","USA",1,0.56,-2.48,2.4835,0.360458,NA,NA,NA,NA,NA,NA,NA,NA,NA,"ABBY_063_vst_ABBY_2020","c78fb7f0-87a1-4081-b325-ce1ef95399df","ABBY_063.basePlot.vst",2020-08-26,"D16","ABBY","tower","evergreenForest",45.760513,-122.330039,"WGS84",20.1,552099.96,5067657.64,"10N",362.2,0.1,"OK","vst_ABBY_2020","towerSubset","allGrowthForms","21 | 39","NEON.DOC.000987vJ","Y","Y","Y","Y","presentInAll","Y","presentInAll","N",NA,100,"noneSelected",800,400,800,"nested WST reduced to 100 m^2 per RITM0027653. Ferns present but not sampled AY20.",2021,"neon_abby2021","ABBY_063_vst_ABBY_2020"
"222","PSMEM","ABBY_063","NEON.PLA.D16.ABBY.00401",1,"ok","single bole tree","Live",16.3,130,"noChange",10.4,NA,NA,NA,4.3,3.9,"Partially shaded","",NA,NA,NA,NA,NA,NA,NA,NA,NA,NA,NA,NA,"","0000-0003-2593-761X","0000-0001-8510-4041",NA,"b3019d58-12bc-4265-91a0-eaa01093b38c","ABBY_063.basePlot.vst","2015-07-23","vst_ABBY_2015","D16","ABBY","ABBY_063",21,NA,21,11.4,87,"","","","NEON.DOC.000987vE","Pseudotsuga menziesii (Mirb.) Franco var. menziesii","variety",NA,NA,NA,"","","krian@neoninc.org","kzias@field-ops.org",NA,1,4.1,2020-09-26,"Pseudotsuga menziesii var. menziesii","mh",NA,"PSMEM","","Douglas-fir","Pseudotsuga menziesii var. menziesii",5,"jenkins2003","USA",1,0.56,-2.48,2.4835,0.360458,NA,NA,NA,NA,NA,NA,NA,NA,NA,"ABBY_063_vst_ABBY_2020","c78fb7f0-87a1-4081-b325-ce1ef95399df","ABBY_063.basePlot.vst",2020-08-26,"D16","ABBY","tower","evergreenForest",45.760513,-122.330039,"WGS84",20.1,552099.96,5067657.64,"10N",362.2,0.1,"OK","vst_ABBY_2020","towerSubset","allGrowthForms","21 | 39","NEON.DOC.000987vJ","Y","Y","Y","Y","presentInAll","Y","presentInAll","N",NA,100,"noneSelected",800,400,800,"nested WST reduced to 100 m^2 per RITM0027653. Ferns present but not sampled AY20.",2021,"neon_abby2021","ABBY_063_vst_ABBY_2020"
"223","PSMEM","ABBY_063","NEON.PLA.D16.ABBY.00430",1,"ok","single bole tree","Live",14.9,130,"noChange",10.1,NA,NA,NA,4.7,4.5,"Full sun","",NA,NA,NA,NA,NA,NA,NA,NA,NA,NA,NA,NA,"","0000-0003-2593-761X","0000-0001-8510-4041",NA,"6b2a7573-1590-430b-968e-1bfa712c4a3e","ABBY_063.basePlot.vst","2015-07-23","vst_ABBY_2015","D16","ABBY","ABBY_063",39,NA,39,12.2,42.8,"","","","NEON.DOC.000987vE","Pseudotsuga menziesii (Mirb.) Franco var. menziesii","variety",NA,NA,NA,"","transcription error corrected (stemDist)","krian@neoninc.org","kzias@field-ops.org",NA,1,4.6,2020-09-26,"Pseudotsuga menziesii var. menziesii","mh",NA,"PSMEM","","Douglas-fir","Pseudotsuga menziesii var. menziesii",5,"jenkins2003","USA",1,0.56,-2.48,2.4835,0.360458,NA,NA,NA,NA,NA,NA,NA,NA,NA,"ABBY_063_vst_ABBY_2020","c78fb7f0-87a1-4081-b325-ce1ef95399df","ABBY_063.basePlot.vst",2020-08-26,"D16","ABBY","tower","evergreenForest",45.760513,-122.330039,"WGS84",20.1,552099.96,5067657.64,"10N",362.2,0.1,"OK","vst_ABBY_2020","towerSubset","allGrowthForms","21 | 39","NEON.DOC.000987vJ","Y","Y","Y","Y","presentInAll","Y","presentInAll","N",NA,100,"noneSelected",800,400,800,"nested WST reduced to 100 m^2 per RITM0027653. Ferns present but not sampled AY20.",2021,"neon_abby2021","ABBY_063_vst_ABBY_2020"
"224","PSMEM","ABBY_070","NEON.PLA.D16.ABBY.02864",NA,"ok","single bole tree","Live",17.1,135,"noChange",10.1,NA,NA,NA,4.5,3.7,"Partially shaded","",NA,NA,NA,NA,NA,NA,NA,NA,NA,NA,NA,NA,"","0000-0002-2759-254X","0000-0001-9521-413X",NA,"aa9e49d4-4cb4-4e0d-b411-96409f733060","ABBY_070.basePlot.vst","2017-09-26","vst_ABBY_2017","D16","ABBY","ABBY_070",21,NA,31,2.8,109.9,"","","","NEON.DOC.000987vG","Pseudotsuga menziesii (Mirb.) Franco var. menziesii","variety",NA,NA,NA,"","","Eolsen@battelleecology.org","Kchilders@battelleecology.org",NA,1,4.1,2020-09-24,"Pseudotsuga menziesii var. menziesii","mh",NA,"PSMEM","","Douglas-fir","Pseudotsuga menziesii var. menziesii",5,"jenkins2003","USA",1,0.56,-2.48,2.4835,0.360458,NA,NA,NA,NA,NA,NA,NA,NA,NA,"ABBY_070_vst_ABBY_2020","8b88ad30-ba5a-4e07-ac8d-2be764c6c3e0","ABBY_070.basePlot.vst",2020-08-26,"D16","ABBY","tower","evergreenForest",45.761334,-122.330793,"WGS84",20.1,552040.56,5067748.36,"10N",363.1,0.1,"OK","vst_ABBY_2020","towerSubset","allGrowthForms","21 | 39","NEON.DOC.000987vJ","Y","Y","Y","Y","presentInAll","Y","presentInAll","N",NA,100,"noneSelected",800,400,800,"Ferns present but not sampled AY20.",2021,"neon_abby2021","ABBY_070_vst_ABBY_2020"
"225","PSMEM","ABBY_063","NEON.PLA.D16.ABBY.00422",1,"ok","single bole tree","Live",11.2,130,"noChange",7.2,NA,NA,NA,4.3,4,"Full sun","",NA,NA,NA,NA,NA,NA,NA,NA,NA,NA,NA,NA,"","0000-0003-2593-761X","0000-0001-8510-4041",NA,"5cf25398-2095-45d8-ba0b-237e93b24137","ABBY_063.basePlot.vst","2020-11-16","vst_ABBY_2020","D16","ABBY","ABBY_063",21,NA,41,5.9,265.6,"map and tag","","","NEON.DOC.000987vJ","Pseudotsuga menziesii (Mirb.) Franco var. menziesii","variety",NA,NA,NA,"","","0000-0001-9521-413X","0000-0002-2759-254X",NA,1,4.15,2020-09-26,"Pseudotsuga menziesii var. menziesii","mh",NA,"PSMEM","","Douglas-fir","Pseudotsuga menziesii var. menziesii",5,"jenkins2003","USA",1,0.56,-2.48,2.4835,0.360458,NA,NA,NA,NA,NA,NA,NA,NA,NA,"ABBY_063_vst_ABBY_2020","c78fb7f0-87a1-4081-b325-ce1ef95399df","ABBY_063.basePlot.vst",2020-08-26,"D16","ABBY","tower","evergreenForest",45.760513,-122.330039,"WGS84",20.1,552099.96,5067657.64,"10N",362.2,0.1,"OK","vst_ABBY_2020","towerSubset","allGrowthForms","21 | 39","NEON.DOC.000987vJ","Y","Y","Y","Y","presentInAll","Y","presentInAll","N",NA,100,"noneSelected",800,400,800,"nested WST reduced to 100 m^2 per RITM0027653. Ferns present but not sampled AY20.",2021,"neon_abby2021","ABBY_063_vst_ABBY_2020"
"226","PSMEM","ABBY_070","NEON.PLA.D16.ABBY.01008",NA,"ok","single bole tree","Live",17.2,130,"noChange",9.5,NA,NA,NA,5.1,4.8,"Partially shaded","",NA,NA,NA,NA,NA,NA,NA,NA,NA,NA,NA,NA,"","0000-0002-2759-254X","0000-0001-9521-413X",NA,"311b0e8f-238f-4433-8701-574edf57e379","ABBY_070.basePlot.vst","2016-10-25","vst_ABBY_2016","D16","ABBY","ABBY_070",21,NA,31,6.5,176.6,"","","","NEON.DOC.000987vE","Pseudotsuga menziesii (Mirb.) Franco var. menziesii","variety",NA,NA,NA,"","","vschmitt@field-ops.org","wsalas@field-ops.org",NA,1,4.95,2020-09-24,"Pseudotsuga menziesii var. menziesii","mh",NA,"PSMEM","","Douglas-fir","Pseudotsuga menziesii var. menziesii",5,"jenkins2003","USA",1,0.56,-2.48,2.4835,0.360458,NA,NA,NA,NA,NA,NA,NA,NA,NA,"ABBY_070_vst_ABBY_2020","8b88ad30-ba5a-4e07-ac8d-2be764c6c3e0","ABBY_070.basePlot.vst",2020-08-26,"D16","ABBY","tower","evergreenForest",45.761334,-122.330793,"WGS84",20.1,552040.56,5067748.36,"10N",363.1,0.1,"OK","vst_ABBY_2020","towerSubset","allGrowthForms","21 | 39","NEON.DOC.000987vJ","Y","Y","Y","Y","presentInAll","Y","presentInAll","N",NA,100,"noneSelected",800,400,800,"Ferns present but not sampled AY20.",2021,"neon_abby2021","ABBY_070_vst_ABBY_2020"
"227","PSMEM","ABBY_073","NEON.PLA.D16.ABBY.02541",1,"ok","single bole tree","Live",14.1,130,"noChange",9.3,NA,NA,NA,4.7,4.6,"Partially shaded","",NA,NA,NA,NA,NA,NA,NA,NA,NA,NA,NA,NA,"","0000-0001-9521-413X","0000-0002-2759-254X",NA,"f0aff843-518c-4a4c-acab-db3d1372cd72","ABBY_073.basePlot.vst","2018-08-01","vst_ABBY_2018","D16","ABBY","ABBY_073",39,NA,57,4.6,125.4,"","","","NEON.DOC.000987vG","Pseudotsuga menziesii (Mirb.) Franco var. menziesii","variety",NA,NA,NA,"","","ccordell@battelleecology.org","Jzemaitis@battelleecology.org",NA,1,4.65,2020-09-25,"Pseudotsuga menziesii var. menziesii","mh",NA,"PSMEM","","Douglas-fir","Pseudotsuga menziesii var. menziesii",5,"jenkins2003","USA",1,0.56,-2.48,2.4835,0.360458,NA,NA,NA,NA,NA,NA,NA,NA,NA,"ABBY_073_vst_ABBY_2020","80f00bfb-76b5-448e-b0a5-bd28fb04583d","ABBY_073.basePlot.vst",2020-08-26,"D16","ABBY","tower","evergreenForest",45.762944,-122.324601,"WGS84",20.1,552520.56,5067931.28,"10N",336.5,0.1,"OK","vst_ABBY_2020","towerSubset","allGrowthForms","23 | 39","NEON.DOC.000987vJ","Y","Y","Y","Y","presentInAll","Y","presentInAll","N",NA,10,"noneSelected",800,40,800,"Ferns present but not sampled AY20.",2021,"neon_abby2021","ABBY_073_vst_ABBY_2020"
"228","PSMEM","ABBY_063","NEON.PLA.D16.ABBY.00452",1,"ok","single bole tree","Live",16,140,"protocolChange",11.3,NA,NA,NA,4.8,4.1,"Partially shaded","",NA,NA,NA,NA,NA,NA,NA,NA,NA,NA,NA,NA,"Previous dbh measured under 130 cm. Current dbh measure height at 140 due to branches at 130.","0000-0003-2593-761X","0000-0001-8510-4041",NA,"797d79f5-d46e-4386-95fa-35ea961add97","ABBY_063.basePlot.vst","2015-07-23","vst_ABBY_2015","D16","ABBY","ABBY_063",39,NA,57,9.7,111.9,"","","","NEON.DOC.000987vE","Pseudotsuga menziesii (Mirb.) Franco var. menziesii","variety",NA,NA,NA,"","","krian@neoninc.org","kzias@field-ops.org",NA,1,4.45,2020-09-26,"Pseudotsuga menziesii var. menziesii","mh",NA,"PSMEM","","Douglas-fir","Pseudotsuga menziesii var. menziesii",5,"jenkins2003","USA",1,0.56,-2.48,2.4835,0.360458,NA,NA,NA,NA,NA,NA,NA,NA,NA,"ABBY_063_vst_ABBY_2020","c78fb7f0-87a1-4081-b325-ce1ef95399df","ABBY_063.basePlot.vst",2020-08-26,"D16","ABBY","tower","evergreenForest",45.760513,-122.330039,"WGS84",20.1,552099.96,5067657.64,"10N",362.2,0.1,"OK","vst_ABBY_2020","towerSubset","allGrowthForms","21 | 39","NEON.DOC.000987vJ","Y","Y","Y","Y","presentInAll","Y","presentInAll","N",NA,100,"noneSelected",800,400,800,"nested WST reduced to 100 m^2 per RITM0027653. Ferns present but not sampled AY20.",2021,"neon_abby2021","ABBY_063_vst_ABBY_2020"
"229","PSMEM","ABBY_070","NEON.PLA.D16.ABBY.00740",NA,"ok","single bole tree","Live",20,130,"noChange",11,NA,NA,NA,5.2,4.8,"Partially shaded","",NA,NA,NA,NA,NA,NA,NA,NA,NA,NA,NA,NA,"","0000-0002-2759-254X","0000-0001-9521-413X",NA,"a5d57d87-9831-456a-910b-062c6d6e0b84","ABBY_070.basePlot.vst","2015-07-29","vst_ABBY_2015","D16","ABBY","ABBY_070",21,1,31,2.5,256.5,"","","","NEON.DOC.000987vE","Pseudotsuga menziesii (Mirb.) Franco var. menziesii","variety",NA,NA,NA,"","added stem mapping data from 2016 bout; updated taxonID from PSME to PSMEM","lwade@field-ops.org","krian@neoninc.org",NA,1,5,2020-09-24,"Pseudotsuga menziesii var. menziesii","mh",NA,"PSMEM","","Douglas-fir","Pseudotsuga menziesii var. menziesii",5,"jenkins2003","USA",1,0.56,-2.48,2.4835,0.360458,NA,NA,NA,NA,NA,NA,NA,NA,NA,"ABBY_070_vst_ABBY_2020","8b88ad30-ba5a-4e07-ac8d-2be764c6c3e0","ABBY_070.basePlot.vst",2020-08-26,"D16","ABBY","tower","evergreenForest",45.761334,-122.330793,"WGS84",20.1,552040.56,5067748.36,"10N",363.1,0.1,"OK","vst_ABBY_2020","towerSubset","allGrowthForms","21 | 39","NEON.DOC.000987vJ","Y","Y","Y","Y","presentInAll","Y","presentInAll","N",NA,100,"noneSelected",800,400,800,"Ferns present but not sampled AY20.",2021,"neon_abby2021","ABBY_070_vst_ABBY_2020"
"230","PSMEM","ABBY_063","NEON.PLA.D16.ABBY.00416",1,"ok","single bole tree","Live",13.9,130,"noChange",10.7,NA,NA,NA,5.5,4.9,"Partially shaded","",NA,NA,NA,NA,NA,NA,NA,NA,NA,NA,NA,NA,"","0000-0003-2593-761X","0000-0001-8510-4041",NA,"8fd058b0-c571-48aa-8f90-678d3ceb9906","ABBY_063.basePlot.vst","2015-07-23","vst_ABBY_2015","D16","ABBY","ABBY_063",21,NA,21,18.6,64,"","","","NEON.DOC.000987vE","Pseudotsuga menziesii (Mirb.) Franco var. menziesii","variety",NA,NA,NA,"","","krian@neoninc.org","kzias@field-ops.org",NA,1,5.2,2020-09-26,"Pseudotsuga menziesii var. menziesii","mh",NA,"PSMEM","","Douglas-fir","Pseudotsuga menziesii var. menziesii",5,"jenkins2003","USA",1,0.56,-2.48,2.4835,0.360458,NA,NA,NA,NA,NA,NA,NA,NA,NA,"ABBY_063_vst_ABBY_2020","c78fb7f0-87a1-4081-b325-ce1ef95399df","ABBY_063.basePlot.vst",2020-08-26,"D16","ABBY","tower","evergreenForest",45.760513,-122.330039,"WGS84",20.1,552099.96,5067657.64,"10N",362.2,0.1,"OK","vst_ABBY_2020","towerSubset","allGrowthForms","21 | 39","NEON.DOC.000987vJ","Y","Y","Y","Y","presentInAll","Y","presentInAll","N",NA,100,"noneSelected",800,400,800,"nested WST reduced to 100 m^2 per RITM0027653. Ferns present but not sampled AY20.",2021,"neon_abby2021","ABBY_063_vst_ABBY_2020"
"231","PSMEM","ABBY_070","NEON.PLA.D16.ABBY.01005",NA,"ok","single bole tree","Live",19.7,130,"noChange",9.8,NA,NA,NA,5.4,5.1,"Partially shaded","",NA,NA,NA,NA,NA,NA,NA,NA,NA,NA,NA,NA,"","0000-0002-7203-5072","0000-0003-0562-3007",NA,"171253f9-497f-4eeb-9dc6-bfe14e358906","ABBY_070.basePlot.vst","2016-10-25","vst_ABBY_2016","D16","ABBY","ABBY_070",39,NA,57,12,116.8,"","","","NEON.DOC.000987vE","Pseudotsuga menziesii (Mirb.) Franco var. menziesii","variety",NA,NA,NA,"","","vschmitt@field-ops.org","wsalas@field-ops.org",NA,1,5.25,2020-09-23,"Pseudotsuga menziesii var. menziesii","mh",NA,"PSMEM","","Douglas-fir","Pseudotsuga menziesii var. menziesii",5,"jenkins2003","USA",1,0.56,-2.48,2.4835,0.360458,NA,NA,NA,NA,NA,NA,NA,NA,NA,"ABBY_070_vst_ABBY_2020","8b88ad30-ba5a-4e07-ac8d-2be764c6c3e0","ABBY_070.basePlot.vst",2020-08-26,"D16","ABBY","tower","evergreenForest",45.761334,-122.330793,"WGS84",20.1,552040.56,5067748.36,"10N",363.1,0.1,"OK","vst_ABBY_2020","towerSubset","allGrowthForms","21 | 39","NEON.DOC.000987vJ","Y","Y","Y","Y","presentInAll","Y","presentInAll","N",NA,100,"noneSelected",800,400,800,"Ferns present but not sampled AY20.",2021,"neon_abby2021","ABBY_070_vst_ABBY_2020"
"232","PSMEM","ABBY_070","NEON.PLA.D16.ABBY.00738",NA,"ok","single bole tree","Live",17.8,130,"noChange",10.6,NA,NA,NA,5.4,4.5,"Partially shaded","",NA,NA,NA,NA,NA,NA,NA,NA,NA,NA,NA,NA,"","0000-0002-2759-254X","0000-0001-9521-413X",NA,"e9e187eb-ae8e-43c3-8a8d-8f0b6a5bf82d","ABBY_070.basePlot.vst","2015-07-29","vst_ABBY_2015","D16","ABBY","ABBY_070",21,4,31,4,46.5,"","","","NEON.DOC.000987vE","Pseudotsuga menziesii (Mirb.) Franco var. menziesii","variety",NA,NA,NA,"","added stem mapping data from 2016 bout","lwade@field-ops.org","krian@neoninc.org",NA,1,4.95,2020-09-24,"Pseudotsuga menziesii var. menziesii","mh",NA,"PSMEM","","Douglas-fir","Pseudotsuga menziesii var. menziesii",5,"jenkins2003","USA",1,0.56,-2.48,2.4835,0.360458,NA,NA,NA,NA,NA,NA,NA,NA,NA,"ABBY_070_vst_ABBY_2020","8b88ad30-ba5a-4e07-ac8d-2be764c6c3e0","ABBY_070.basePlot.vst",2020-08-26,"D16","ABBY","tower","evergreenForest",45.761334,-122.330793,"WGS84",20.1,552040.56,5067748.36,"10N",363.1,0.1,"OK","vst_ABBY_2020","towerSubset","allGrowthForms","21 | 39","NEON.DOC.000987vJ","Y","Y","Y","Y","presentInAll","Y","presentInAll","N",NA,100,"noneSelected",800,400,800,"Ferns present but not sampled AY20.",2021,"neon_abby2021","ABBY_070_vst_ABBY_2020"
"233","PSMEM","ABBY_063","NEON.PLA.D16.ABBY.00419",1,"ok","single bole tree","Live",11.9,130,"noChange",8.7,NA,NA,NA,4.3,3.9,"Partially shaded","",NA,NA,NA,NA,NA,NA,NA,NA,NA,NA,NA,NA,"","0000-0003-2593-761X","0000-0001-8510-4041",NA,"835b36c3-2716-4bef-bf91-9ab69763c133","ABBY_063.basePlot.vst","2015-07-23","vst_ABBY_2015","D16","ABBY","ABBY_063",21,NA,21,20.3,57.5,"","","","NEON.DOC.000987vE","Pseudotsuga menziesii (Mirb.) Franco var. menziesii","variety",NA,NA,NA,"","no transcription errors found","krian@neoninc.org","kzias@field-ops.org",NA,1,4.1,2020-09-26,"Pseudotsuga menziesii var. menziesii","mh",NA,"PSMEM","","Douglas-fir","Pseudotsuga menziesii var. menziesii",5,"jenkins2003","USA",1,0.56,-2.48,2.4835,0.360458,NA,NA,NA,NA,NA,NA,NA,NA,NA,"ABBY_063_vst_ABBY_2020","c78fb7f0-87a1-4081-b325-ce1ef95399df","ABBY_063.basePlot.vst",2020-08-26,"D16","ABBY","tower","evergreenForest",45.760513,-122.330039,"WGS84",20.1,552099.96,5067657.64,"10N",362.2,0.1,"OK","vst_ABBY_2020","towerSubset","allGrowthForms","21 | 39","NEON.DOC.000987vJ","Y","Y","Y","Y","presentInAll","Y","presentInAll","N",NA,100,"noneSelected",800,400,800,"nested WST reduced to 100 m^2 per RITM0027653. Ferns present but not sampled AY20.",2021,"neon_abby2021","ABBY_063_vst_ABBY_2020"
"234","PSMEM","ABBY_073","NEON.PLA.D16.ABBY.03590",1,"ok","single bole tree","Live",11.1,130,"noChange",8.1,NA,NA,NA,3.8,3.6,"Partially shaded","",NA,NA,NA,NA,NA,NA,NA,NA,NA,NA,NA,NA,"","0000-0001-9713-5304","0000-0002-7203-5072",NA,"e16b2e56-4f50-4fe7-8492-44845403831b","ABBY_073.basePlot.vst","2019-10-28","vst_ABBY_2019","D16","ABBY","ABBY_073",23,NA,41,2.8,132.2,"map and tag","","","NEON.DOC.000987vH","Pseudotsuga menziesii (Mirb.) Franco var. menziesii","variety",NA,NA,NA,"","","0000-0001-8510-4041","0000-0003-2593-761X",NA,1,3.7,2020-09-25,"Pseudotsuga menziesii var. menziesii","mh",NA,"PSMEM","","Douglas-fir","Pseudotsuga menziesii var. menziesii",5,"jenkins2003","USA",1,0.56,-2.48,2.4835,0.360458,NA,NA,NA,NA,NA,NA,NA,NA,NA,"ABBY_073_vst_ABBY_2020","80f00bfb-76b5-448e-b0a5-bd28fb04583d","ABBY_073.basePlot.vst",2020-08-26,"D16","ABBY","tower","evergreenForest",45.762944,-122.324601,"WGS84",20.1,552520.56,5067931.28,"10N",336.5,0.1,"OK","vst_ABBY_2020","towerSubset","allGrowthForms","23 | 39","NEON.DOC.000987vJ","Y","Y","Y","Y","presentInAll","Y","presentInAll","N",NA,10,"noneSelected",800,40,800,"Ferns present but not sampled AY20.",2021,"neon_abby2021","ABBY_073_vst_ABBY_2020"
