"area.code","time","when","main","split","stage","dist.type","dist.year","dist.ed22","dist.age","leitold","treeid","common.name","scientific.name","family.name","type","ident","poly","cnpj","area","total.area","dbh.cutoff","lon","lat","UTM.Easting","UTM.Northing","X","Y","CA","RE","RN","RW","RS","D.class","light","canopy","gf.WSD","gf.crown","gf.htot","farea","WSD","DBH","size","BA","AGC","AE.AGC","ME.AGC","LNAGC","SD.LNAGC","VOL","Dead","Hcom","Htot","pft","colour","cex","ndead","nplant","ntotal","flgsz","gtstd","tree.date","identifier","longitude","latitude","count","stn.palace","agb.chave","acd.chave","se.agb.measurement","se.agb.allometry","se.agb.sampling","se.agb.census","se.acd.measurement","se.acd.allometry","se.acd.sampling","se.acd.census","volume","basal.area","crown.area","canopy.hgt","lorey.hgt","wood.dens","nplant.std","ba.std","ca.std","agb.std","acd.std","nplant.shape","nplant.scale","lorey.hgt.std","wood.dens.std","nplant.005.010","ba.005.010","ca.005.010","agb.005.010","acd.005.010","nplant.010.020","ba.010.020","ca.010.020","agb.010.020","acd.010.020","nplant.020.035","ba.020.035","ca.020.035","agb.020.035","acd.020.035","nplant.035.055","ba.035.055","ca.035.055","agb.035.055","acd.035.055","nplant.055.Inf","ba.055.Inf","ca.055.Inf","agb.055.Inf","acd.055.Inf","date"
"AND_A01",2013,"8/22/2013","P01","B01","unknown","UKN00","#NAME?",3,60,"CVL1999+BRN2009",1,"morta",NA,NA,"O",1,"P01_B01_050x050m","T01_P01_U0001z",262.2850219,2636.919079,10,-46.83059321,-2.548232448,296471.6252,9718217.154,3,5.5,0.031415927,0.1,0.1,0.1,0.1,2,NA,NA,0,1,0,1,0.696,13,"010-020",132.7322896,32.12174847,11.84273301,4.056658439,3.405808823,0.357,0.092303875,TRUE,NA,7.9,3,"chartreuse4",0.439575436,0.003812646,0,0.003812646,0,1,2013-08-22,"P01_B01_050x050m",-46.83059321,-2.548232448,NA,NA,NA,NA,NA,NA,NA,NA,NA,NA,NA,NA,NA,NA,NA,NA,NA,NA,NA,NA,NA,NA,NA,NA,NA,NA,NA,NA,NA,NA,NA,NA,NA,NA,NA,NA,NA,NA,NA,NA,NA,NA,NA,NA,NA,NA,NA,NA,NA,NA,NA,NA,NA
"AND_A01",2013,"8/22/2013","P01","B01","unknown","UKN00","#NAME?",3,60,"CVL1999+BRN2009",2,"morta",NA,NA,"O",1,"P01_B01_050x050m","T01_P01_U0002z",262.2850219,2636.919079,10,-46.83059321,-2.548232448,296474.207,9718214.32,1.8,9,0.031415927,0.1,0.1,0.1,0.1,2,NA,NA,0,1,0,1,0.696,21,"020-035",346.3605901,66.92984574,24.67587635,7.67577633,4.139920492,0.357,0.192327143,TRUE,NA,6,3,"chartreuse4",0.548749052,0.003812646,0,0.003812646,0,1,2013-08-22,"P01_B01_050x050m",-46.83059321,-2.548232448,NA,NA,NA,NA,NA,NA,NA,NA,NA,NA,NA,NA,NA,NA,NA,NA,NA,NA,NA,NA,NA,NA,NA,NA,NA,NA,NA,NA,NA,NA,NA,NA,NA,NA,NA,NA,NA,NA,NA,NA,NA,NA,NA,NA,NA,NA,NA,NA,NA,NA,NA,NA,NA
"AND_A01",2013,"8/22/2013","P01","B01","unknown","UKN00","#NAME?",3,60,"CVL1999+BRN2009",3,"envira preta","Guatteria schomburgkiana","Annonaceae","O",1,"P01_B01_050x050m","T01_P01_U0003z",262.2850219,2636.919079,10,-46.83059321,-2.548232448,296475.731,9718211.616,1.5,12,2.968805058,0.8,1.1,1,1,NA,1,"S",10,0,0,1,0.6,11.6,"010-020",105.6831769,12.79398008,4.71691914,2.203621097,2.485250254,0.357,0.0426466,FALSE,3.17,5.45,2,"chartreuse",0.420470053,0,0.003812646,0.003812646,0,1,2013-08-22,"P01_B01_050x050m",-46.83059321,-2.548232448,NA,NA,NA,NA,NA,NA,NA,NA,NA,NA,NA,NA,NA,NA,NA,NA,NA,NA,NA,NA,NA,NA,NA,NA,NA,NA,NA,NA,NA,NA,NA,NA,NA,NA,NA,NA,NA,NA,NA,NA,NA,NA,NA,NA,NA,NA,NA,NA,NA,NA,NA,NA,NA
"AND_A01",2013,"8/22/2013","P01","B01","unknown","UKN00","#NAME?",3,60,"CVL1999+BRN2009",4,"iperana","Eperua bijuga","Fabaceae","O",1,"P01_B01_050x050m","T01_P01_U0004z",2636.919079,2636.919079,10,-46.83059321,-2.548232448,296473.7785,9718209.724,4,13,11.62389282,1.8,1.4,2.2,2.3,NA,1,"S",10,0,0,1,0.729,142,"055-Inf",15836.76857,3920.75738,1445.515423,172.0475659,8.210315623,0.357,10.75653602,FALSE,6.21,10.56,3,"chartreuse4",2.2,0,0.00037923,0.00037923,1,1,2013-08-22,"P01_B01_050x050m",-46.83059321,-2.548232448,NA,NA,NA,NA,NA,NA,NA,NA,NA,NA,NA,NA,NA,NA,NA,NA,NA,NA,NA,NA,NA,NA,NA,NA,NA,NA,NA,NA,NA,NA,NA,NA,NA,NA,NA,NA,NA,NA,NA,NA,NA,NA,NA,NA,NA,NA,NA,NA,NA,NA,NA,NA,NA
"AND_A01",2013,"8/22/2013","P01","B01","unknown","UKN00","#NAME?",3,60,"CVL1999+BRN2009",5,"morta",NA,NA,"O",1,"P01_B01_050x050m","T01_P01_U0005z",262.2850219,2636.919079,10,-46.83059321,-2.548232448,296478.0885,9718208.032,0.8,16.1,0.031415927,0.1,0.1,0.1,0.1,2,NA,NA,0,1,0,1,0.696,15.3,"010-020",183.8538561,41.05397615,15.13589084,5.028560389,3.651163192,0.357,0.117971196,TRUE,NA,7.16,3,"chartreuse4",0.470962851,0.003812646,0,0.003812646,0,1,2013-08-22,"P01_B01_050x050m",-46.83059321,-2.548232448,NA,NA,NA,NA,NA,NA,NA,NA,NA,NA,NA,NA,NA,NA,NA,NA,NA,NA,NA,NA,NA,NA,NA,NA,NA,NA,NA,NA,NA,NA,NA,NA,NA,NA,NA,NA,NA,NA,NA,NA,NA,NA,NA,NA,NA,NA,NA,NA,NA,NA,NA,NA,NA
"AND_A01",2013,"8/22/2013","P01","B01","unknown","UKN00","#NAME?",3,60,"CVL1999+BRN2009",6,"jatereu","Lecythis idatimon","Lecythidaceae","O",1,"P01_B01_050x050m","T01_P01_U0006z",2636.919079,2636.919079,10,-46.83059321,-2.548232448,296481.0013,9718202.683,0.3,22,10.88561854,1.7,2,1.6,2.2,NA,1,"E",10,0,0,1,0.799,41.5,"035-055",1352.651987,939.9486249,346.5427984,44.74385796,6.782100719,0.357,2.352812578,FALSE,16.49,26.11,3,"chartreuse4",0.828506444,0,0.00037923,0.00037923,0,1,2013-08-22,"P01_B01_050x050m",-46.83059321,-2.548232448,NA,NA,NA,NA,NA,NA,NA,NA,NA,NA,NA,NA,NA,NA,NA,NA,NA,NA,NA,NA,NA,NA,NA,NA,NA,NA,NA,NA,NA,NA,NA,NA,NA,NA,NA,NA,NA,NA,NA,NA,NA,NA,NA,NA,NA,NA,NA,NA,NA,NA,NA,NA,NA
"AND_A01",2013,"8/22/2013","P01","B01","unknown","UKN00","#NAME?",3,60,"CVL1999+BRN2009",7,"acai","Euterpe oleracea","Arecaceae","P",1,"P01_B01_050x050m","T01_P01_U0007z",262.2850219,2636.919079,10,-46.83059321,-2.548232448,296481.084,9718202.495,0.3,22.2,11.0689326,1.87705905,1.87705905,1.87705905,1.87705905,NA,1,"E",10,1,0,1,0.39,11.6,"010-020",105.6831769,15.92391601,10.23402259,0.075454652,2.594950131,0.588,0.081661108,FALSE,NA,5.22,2,"chartreuse",0.420470053,0,0.003812646,0.003812646,0,1,2013-08-22,"P01_B01_050x050m",-46.83059321,-2.548232448,NA,NA,NA,NA,NA,NA,NA,NA,NA,NA,NA,NA,NA,NA,NA,NA,NA,NA,NA,NA,NA,NA,NA,NA,NA,NA,NA,NA,NA,NA,NA,NA,NA,NA,NA,NA,NA,NA,NA,NA,NA,NA,NA,NA,NA,NA,NA,NA,NA,NA,NA,NA,NA
"AND_A01",2013,"8/22/2013","P01","B01","unknown","UKN00","#NAME?",3,60,"CVL1999+BRN2009",8,"lacre","Vismia guianensis","Hypericaceae","O",1,"P01_B01_050x050m","T01_P01_U0008z",262.2850219,2636.919079,10,-46.83059321,-2.548232448,296477.6213,9718200.98,4,22.3,11.30973355,1.7,1.5,2.3,2.1,NA,1,"E",10,0,0,1,0.475,10.6,"010-020",88.24733764,11.6652721,4.300784035,1.823645208,2.392891732,0.357,0.049116935,FALSE,3.71,7.5,2,"chartreuse",0.406823351,0,0.003812646,0.003812646,0,1,2013-08-22,"P01_B01_050x050m",-46.83059321,-2.548232448,NA,NA,NA,NA,NA,NA,NA,NA,NA,NA,NA,NA,NA,NA,NA,NA,NA,NA,NA,NA,NA,NA,NA,NA,NA,NA,NA,NA,NA,NA,NA,NA,NA,NA,NA,NA,NA,NA,NA,NA,NA,NA,NA,NA,NA,NA,NA,NA,NA,NA,NA,NA,NA
"AND_A01",2013,"8/22/2013","P01","B01","unknown","UKN00","#NAME?",3,60,"CVL1999+BRN2009",9,"morta",NA,NA,"O",1,"P01_B01_050x050m","T01_P01_U0009z",262.2850219,2636.919079,10,-46.83059321,-2.548232448,296481.5953,9718192.956,3.6,31,0.031415927,0.1,0.1,0.1,0.1,3,NA,NA,0,1,0,1,0.587,18.1,"010-020",257.3042923,20.22201558,7.455507338,3.840093986,2.943047391,0.357,0.068899542,TRUE,NA,2.46,2,"chartreuse",0.509173616,0.003812646,0,0.003812646,0,1,2013-08-22,"P01_B01_050x050m",-46.83059321,-2.548232448,NA,NA,NA,NA,NA,NA,NA,NA,NA,NA,NA,NA,NA,NA,NA,NA,NA,NA,NA,NA,NA,NA,NA,NA,NA,NA,NA,NA,NA,NA,NA,NA,NA,NA,NA,NA,NA,NA,NA,NA,NA,NA,NA,NA,NA,NA,NA,NA,NA,NA,NA,NA,NA
"AND_A01",2013,"8/22/2013","P01","B01","unknown","UKN00","#NAME?",3,60,"CVL1999+BRN2009",10,"tachi branco","Tachigali paniculata","Fabaceae","O",1,"P01_B01_050x050m","T01_P01_U0010z",2636.919079,2636.919079,10,-46.83059321,-2.548232448,296488.315,9718186.836,0,39,84.1161433,5.2,2.6,6.7,6.4,NA,1,"E",10,0,0,1,0.554,57,"055-Inf",2551.758633,1786.808931,658.7655438,81.18855152,7.424462088,0.357,6.450573756,FALSE,26.28,38.55,2,"chartreuse",1.040030326,0,0.00037923,0.00037923,1,1,2013-08-22,"P01_B01_050x050m",-46.83059321,-2.548232448,NA,NA,NA,NA,NA,NA,NA,NA,NA,NA,NA,NA,NA,NA,NA,NA,NA,NA,NA,NA,NA,NA,NA,NA,NA,NA,NA,NA,NA,NA,NA,NA,NA,NA,NA,NA,NA,NA,NA,NA,NA,NA,NA,NA,NA,NA,NA,NA,NA,NA,NA,NA,NA
"AND_A01",2013,"8/22/2013","P01","B01","unknown","UKN00","#NAME?",3,60,"CVL1999+BRN2009",11,"maravuvuia","Croton matourensis","Euphorbiaceae","O",1,"P01_B01_050x050m","T01_P01_U0011z",262.2850219,2636.919079,10,-46.83059321,-2.548232448,296488.3847,9718177.767,3.5,47.2,6.126105675,1.2,1.6,1.8,1,NA,1,"S",10,0,0,1,0.388,10.8,"010-020",91.60884178,13.88114181,5.117736865,1.881764652,2.566806715,0.357,0.071552277,FALSE,7.69,10.57,2,"chartreuse",0.409552691,0,0.003812646,0.003812646,0,1,2013-08-22,"P01_B01_050x050m",-46.83059321,-2.548232448,NA,NA,NA,NA,NA,NA,NA,NA,NA,NA,NA,NA,NA,NA,NA,NA,NA,NA,NA,NA,NA,NA,NA,NA,NA,NA,NA,NA,NA,NA,NA,NA,NA,NA,NA,NA,NA,NA,NA,NA,NA,NA,NA,NA,NA,NA,NA,NA,NA,NA,NA,NA,NA
"AND_A01",2013,"8/22/2013","P01","B01","unknown","UKN00","#NAME?",3,60,"CVL1999+BRN2009",12,"morta",NA,NA,"O",1,"P01_B01_050x050m","T01_P01_U0012z",262.2850219,2636.919079,10,-46.83059321,-2.548232448,296491.8467,9718178.307,0.2,48,0.031415927,0.1,0.1,0.1,0.1,3,NA,NA,0,1,0,1,0.587,11.5,"010-020",103.8689071,11.1210377,4.100134225,2.1900371,2.345114103,0.357,0.037891099,TRUE,NA,3.59,2,"chartreuse",0.419105383,0.003812646,0,0.003812646,0,1,2013-08-22,"P01_B01_050x050m",-46.83059321,-2.548232448,NA,NA,NA,NA,NA,NA,NA,NA,NA,NA,NA,NA,NA,NA,NA,NA,NA,NA,NA,NA,NA,NA,NA,NA,NA,NA,NA,NA,NA,NA,NA,NA,NA,NA,NA,NA,NA,NA,NA,NA,NA,NA,NA,NA,NA,NA,NA,NA,NA,NA,NA,NA,NA
"AND_A01",2013,"8/22/2013","P01","B01","unknown","UKN00","#NAME?",3,60,"CVL1999+BRN2009",13,"embauba vermelha","Cecropia distachya","Urticaceae","O",1,"P01_B01_050x050m","T01_P01_U0013z",262.2850219,2636.919079,10,-46.83059321,-2.548232448,296492.5496,9718176.71,0.2,49.7,4.71238898,1,1.5,1.4,1,NA,2,"S",11,0,0,1,0.339857143,11,"010-020",95.03317777,13.71517099,5.056546293,1.820135579,2.554778092,0.357,0.080711389,FALSE,9.04,11.49,2,"chartreuse",0.412282032,0,0.003812646,0.003812646,0,1,2013-08-22,"P01_B01_050x050m",-46.83059321,-2.548232448,NA,NA,NA,NA,NA,NA,NA,NA,NA,NA,NA,NA,NA,NA,NA,NA,NA,NA,NA,NA,NA,NA,NA,NA,NA,NA,NA,NA,NA,NA,NA,NA,NA,NA,NA,NA,NA,NA,NA,NA,NA,NA,NA,NA,NA,NA,NA,NA,NA,NA,NA,NA,NA
"AND_A01",2013,"8/22/2013","P01","B01","unknown","UKN00","#NAME?",3,60,"CVL1999+BRN2009",14,"breu barrote","Tetragastris panamensis","Burseraceae","O",1,"P01_B01_050x050m","T01_P01_U0014z",2636.919079,2636.919079,10,-46.83059321,-2.548232448,296464.4028,9718177.587,25,38.5,42.3800849,2.3,3.2,4.8,4.4,NA,2,"S",10,0,0,1,0.717,44.8,"035-055",1576.32553,555.2798957,204.7220921,32.91677742,6.255747803,0.357,1.548897896,FALSE,9.99,14.56,3,"chartreuse4",0.873540561,0,0.00037923,0.00037923,0,1,2013-08-22,"P01_B01_050x050m",-46.83059321,-2.548232448,NA,NA,NA,NA,NA,NA,NA,NA,NA,NA,NA,NA,NA,NA,NA,NA,NA,NA,NA,NA,NA,NA,NA,NA,NA,NA,NA,NA,NA,NA,NA,NA,NA,NA,NA,NA,NA,NA,NA,NA,NA,NA,NA,NA,NA,NA,NA,NA,NA,NA,NA,NA,NA
"AND_A01",2013,"8/22/2013","P01","B01","unknown","UKN00","#NAME?",3,60,"CVL1999+BRN2009",15,"andiroba","Carapa guianensis","Meliaceae","O",1,"P01_B01_050x050m","T01_P01_U0015z",2636.919079,2636.919079,10,-46.83059321,-2.548232448,296448.7425,9718175.084,40,35,18.06415776,3.7,2.6,1.3,2,NA,1,"E",10,0,0,1,0.53,44.4,"035-055",1548.302523,585.1580209,215.73764,33.52044149,6.308157432,0.357,2.208143475,FALSE,14.9,21.16,2,"chartreuse",0.86808188,0,0.00037923,0.00037923,0,1,2013-08-22,"P01_B01_050x050m",-46.83059321,-2.548232448,NA,NA,NA,NA,NA,NA,NA,NA,NA,NA,NA,NA,NA,NA,NA,NA,NA,NA,NA,NA,NA,NA,NA,NA,NA,NA,NA,NA,NA,NA,NA,NA,NA,NA,NA,NA,NA,NA,NA,NA,NA,NA,NA,NA,NA,NA,NA,NA,NA,NA,NA,NA,NA
"AND_A01",2013,"8/22/2013","P01","B01","unknown","UKN00","#NAME?",3,60,"CVL1999+BRN2009",16,"matamata branco","Eschweilera coriacea","Lecythidaceae","O",1,"P01_B01_050x050m","T01_P01_U0016z",2636.919079,2636.919079,10,-46.83059321,-2.548232448,296457.3621,9718188.646,27,26,42.33296101,3.5,3.6,4.2,3.4,NA,1,"E",10,0,0,1,0.852,41.6,"035-055",1359.178646,615.4393395,226.9018384,35.2381567,6.358611886,0.357,1.444693285,FALSE,12.08,15.79,4,"#004E00",0.829871114,0,0.00037923,0.00037923,0,1,2013-08-22,"P01_B01_050x050m",-46.83059321,-2.548232448,NA,NA,NA,NA,NA,NA,NA,NA,NA,NA,NA,NA,NA,NA,NA,NA,NA,NA,NA,NA,NA,NA,NA,NA,NA,NA,NA,NA,NA,NA,NA,NA,NA,NA,NA,NA,NA,NA,NA,NA,NA,NA,NA,NA,NA,NA,NA,NA,NA,NA,NA,NA,NA
"AND_A01",2013,"8/22/2013","P01","B01","unknown","UKN00","#NAME?",3,60,"CVL1999+BRN2009",17,"inga vermelho","Inga alba","Fabaceae","O",1,"P01_B01_050x050m","T01_P01_U0017z",2636.919079,2636.919079,10,-46.83059321,-2.548232448,296461.6868,9718191.516,22,25,43.98229715,4.3,6.2,2.7,1.8,NA,1,"E",10,0,0,1,0.586,37.8,"035-055",1122.208312,457.0765108,168.5162029,26.82209169,6.061126297,0.357,1.559988092,FALSE,10.5,20.5,2,"chartreuse",0.778013647,0,0.00037923,0.00037923,0,1,2013-08-22,"P01_B01_050x050m",-46.83059321,-2.548232448,NA,NA,NA,NA,NA,NA,NA,NA,NA,NA,NA,NA,NA,NA,NA,NA,NA,NA,NA,NA,NA,NA,NA,NA,NA,NA,NA,NA,NA,NA,NA,NA,NA,NA,NA,NA,NA,NA,NA,NA,NA,NA,NA,NA,NA,NA,NA,NA,NA,NA,NA,NA,NA
"AND_A01",2013,"8/22/2013","P01","B01","unknown","UKN00","#NAME?",3,60,"CVL1999+BRN2009",18,"pente-de-macaco","Apeiba petoumo","Malvaceae","O",1,"P01_B01_050x050m","T01_P01_U0018z",2636.919079,2636.919079,10,-46.83059321,-2.548232448,296447.2845,9718165.528,45,43,31.53373626,2.8,5.1,2.7,2.2,NA,1,"E",11,0,0,1,0.264,50.5,"035-055",2002.961666,526.5144368,194.116765,43.04010046,6.202554252,0.357,3.988745733,FALSE,20.35,29.47,2,"chartreuse",0.951326763,0,0.00037923,0.00037923,0,1,2013-08-22,"P01_B01_050x050m",-46.83059321,-2.548232448,NA,NA,NA,NA,NA,NA,NA,NA,NA,NA,NA,NA,NA,NA,NA,NA,NA,NA,NA,NA,NA,NA,NA,NA,NA,NA,NA,NA,NA,NA,NA,NA,NA,NA,NA,NA,NA,NA,NA,NA,NA,NA,NA,NA,NA,NA,NA,NA,NA,NA,NA,NA,NA
"AND_A01",2013,"8/22/2013","P01","B01","unknown","UKN00","#NAME?",3,60,"CVL1999+BRN2009",19,"cajuacu","Anacardium spruceanum","Anacardiaceae","O",1,"P01_B01_050x050m","T01_P01_U0019z",2636.919079,2636.919079,10,-46.83059321,-2.548232448,296430.2458,9718192.187,50,13,193.0901385,10,8.7,6.5,6.2,NA,1,"E",10,0,0,1,0.479,101.6,"055-Inf",8107.319666,4956.9097,1827.52686,227.5118089,8.444813281,0.357,20.69690898,FALSE,25.95,39.92,2,"chartreuse",1.648673237,0,0.00037923,0.00037923,1,1,2013-08-22,"P01_B01_050x050m",-46.83059321,-2.548232448,NA,NA,NA,NA,NA,NA,NA,NA,NA,NA,NA,NA,NA,NA,NA,NA,NA,NA,NA,NA,NA,NA,NA,NA,NA,NA,NA,NA,NA,NA,NA,NA,NA,NA,NA,NA,NA,NA,NA,NA,NA,NA,NA,NA,NA,NA,NA,NA,NA,NA,NA,NA,NA
"AND_A01",2013,"8/22/2013","P01","B01","unknown","UKN00","#NAME?",3,60,"CVL1999+BRN2009",20,"escorrega-macaco","Capirona decorticans","Rubiaceae","O",1,"P01_B01_050x050m","T01_P01_U0020z",2636.919079,2636.919079,10,-46.83059321,-2.548232448,296438.3163,9718204.362,38,5,82.46680716,4.2,5.2,5.8,5.3,NA,1,"E",10,0,0,1,0.593,48.3,"035-055",1832.247521,1064.029886,392.2894131,51.61718649,6.906094258,0.357,3.588633681,FALSE,20.76,29.49,2,"chartreuse",0.921304018,0,0.00037923,0.00037923,0,1,2013-08-22,"P01_B01_050x050m",-46.83059321,-2.548232448,NA,NA,NA,NA,NA,NA,NA,NA,NA,NA,NA,NA,NA,NA,NA,NA,NA,NA,NA,NA,NA,NA,NA,NA,NA,NA,NA,NA,NA,NA,NA,NA,NA,NA,NA,NA,NA,NA,NA,NA,NA,NA,NA,NA,NA,NA,NA,NA,NA,NA,NA,NA,NA
"AND_A01",2013,"8/22/2013","P01","B01","unknown","UKN00","#NAME?",3,60,"CVL1999+BRN2009",21,"matamata branco","Eschweilera coriacea","Lecythidaceae","O",1,"P01_B01_050x050m","T01_P01_U0021z",2636.919079,2636.919079,10,-46.83059321,-2.548232448,296460.3604,9718209.867,16,8,32.82964323,4.3,3.6,1.2,4,NA,1,"E",10,0,0,1,0.852,54,"035-055",2290.221044,1416.197729,522.127605,64.0681434,7.192006404,0.357,3.324407816,FALSE,12.74,22.01,4,"#004E00",0.99909022,0,0.00037923,0.00037923,0,1,2013-08-22,"P01_B01_050x050m",-46.83059321,-2.548232448,NA,NA,NA,NA,NA,NA,NA,NA,NA,NA,NA,NA,NA,NA,NA,NA,NA,NA,NA,NA,NA,NA,NA,NA,NA,NA,NA,NA,NA,NA,NA,NA,NA,NA,NA,NA,NA,NA,NA,NA,NA,NA,NA,NA,NA,NA,NA,NA,NA,NA,NA,NA,NA
"AND_A01",2013,"8/22/2013","P02","B01","unknown","UKN00","#NAME?",3,60,"CVL1999+BRN2009",22,"abiurana branca","Pouteria guianensis","Sapotaceae","O",2,"P02_B01_050x050m","T01_P02_U0022z",257.1669245,2525.592162,10,-46.83001554,-2.549447002,296534.2042,9718081.61,4,6,13.19468915,1.8,1.8,2.2,2.4,NA,2,"S",10,0,0,1,0.929,21.5,"020-035",363.050301,146.7552729,54.10613051,12.43698657,4.92504189,0.357,0.315942461,FALSE,8.45,12.48,4,"#004E00",0.555572403,0,0.003888525,0.003888525,0,1,2013-08-22,"P02_B01_050x050m",-46.83001554,-2.549447002,NA,NA,NA,NA,NA,NA,NA,NA,NA,NA,NA,NA,NA,NA,NA,NA,NA,NA,NA,NA,NA,NA,NA,NA,NA,NA,NA,NA,NA,NA,NA,NA,NA,NA,NA,NA,NA,NA,NA,NA,NA,NA,NA,NA,NA,NA,NA,NA,NA,NA,NA,NA,NA
"AND_A01",2013,"8/22/2013","P02","B01","unknown","UKN00","#NAME?",3,60,"CVL1999+BRN2009",23,"arataciu","Sagotia racemosa","Euphorbiaceae","O",2,"P02_B01_050x050m","T01_P02_U0023z",257.1669245,2525.592162,10,-46.83001554,-2.549447002,296538.6349,9718077.055,2.3,12,4.146902303,1.1,0.8,1.3,1.4,NA,2,"S",10,0,0,1,0.58,13.1,"010-020",134.7821788,19.03007084,7.016057928,2.817788239,2.882295904,0.357,0.065620934,FALSE,4.18,6.64,2,"chartreuse",0.440940106,0,0.003888525,0.003888525,0,1,2013-08-22,"P02_B01_050x050m",-46.83001554,-2.549447002,NA,NA,NA,NA,NA,NA,NA,NA,NA,NA,NA,NA,NA,NA,NA,NA,NA,NA,NA,NA,NA,NA,NA,NA,NA,NA,NA,NA,NA,NA,NA,NA,NA,NA,NA,NA,NA,NA,NA,NA,NA,NA,NA,NA,NA,NA,NA,NA,NA,NA,NA,NA,NA
"AND_A01",2013,"8/22/2013","P02","B01","unknown","UKN00","#NAME?",3,60,"CVL1999+BRN2009",24,"jeniparana","Gustavia augusta","Lecythidaceae","O",2,"P02_B01_050x050m","T01_P02_U0024z",257.1669245,2525.592162,10,-46.83001554,-2.549447002,296538.0784,9718074.92,3.8,13.7,9.236282402,1.2,4.3,1.2,0.6,NA,2,"S",10,0,0,1,0.65,12.4,"010-020",120.7628216,26.15517417,9.642960275,3.392695581,3.200322536,0.357,0.080477459,FALSE,5.53,9.16,3,"chartreuse4",0.431387415,0,0.003888525,0.003888525,0,1,2013-08-22,"P02_B01_050x050m",-46.83001554,-2.549447002,NA,NA,NA,NA,NA,NA,NA,NA,NA,NA,NA,NA,NA,NA,NA,NA,NA,NA,NA,NA,NA,NA,NA,NA,NA,NA,NA,NA,NA,NA,NA,NA,NA,NA,NA,NA,NA,NA,NA,NA,NA,NA,NA,NA,NA,NA,NA,NA,NA,NA,NA,NA,NA
"AND_A01",2013,"8/22/2013","P02","B01","unknown","UKN00","#NAME?",3,60,"CVL1999+BRN2009",25,"jatereu","Lecythis idatimon","Lecythidaceae","O",2,"P02_B01_050x050m","T01_P02_U0025z",257.1669245,2525.592162,10,-46.83001554,-2.549447002,296537.3961,9718074.273,4.7,14,3.455751919,1,1.2,1,1,NA,2,"S",10,0,0,1,0.799,10.8,"010-020",91.60884178,26.22452658,9.66852931,3.479143771,3.202970602,0.357,0.065643371,FALSE,6.39,9.85,3,"chartreuse4",0.409552691,0,0.003888525,0.003888525,0,1,2013-08-22,"P02_B01_050x050m",-46.83001554,-2.549447002,NA,NA,NA,NA,NA,NA,NA,NA,NA,NA,NA,NA,NA,NA,NA,NA,NA,NA,NA,NA,NA,NA,NA,NA,NA,NA,NA,NA,NA,NA,NA,NA,NA,NA,NA,NA,NA,NA,NA,NA,NA,NA,NA,NA,NA,NA,NA,NA,NA,NA,NA,NA,NA
"AND_A01",2013,"8/22/2013","P02","B01","unknown","UKN00","#NAME?",3,60,"CVL1999+BRN2009",26,"pau-para-tudo","Simaba cedron","Simaroubaceae","O",2,"P02_B01_050x050m","T01_P02_U0026z",257.1669245,2525.592162,10,-46.83001554,-2.549447002,296540.5412,9718074.628,1.8,15,2.686061719,0.8,1,1.1,0.8,NA,2,"S",10,0,0,1,0.474,10.3,"010-020",83.32289115,10.72027939,3.952381569,1.720284826,2.308412718,0.357,0.045233246,FALSE,5.13,7.3,2,"chartreuse",0.40272934,0,0.003888525,0.003888525,0,1,2013-08-22,"P02_B01_050x050m",-46.83001554,-2.549447002,NA,NA,NA,NA,NA,NA,NA,NA,NA,NA,NA,NA,NA,NA,NA,NA,NA,NA,NA,NA,NA,NA,NA,NA,NA,NA,NA,NA,NA,NA,NA,NA,NA,NA,NA,NA,NA,NA,NA,NA,NA,NA,NA,NA,NA,NA,NA,NA,NA,NA,NA,NA,NA
"AND_A01",2013,"8/22/2013","P02","B01","unknown","UKN00","#NAME?",3,60,"CVL1999+BRN2009",27,"inga-xixica","Inga heterophylla","Fabaceae","O",2,"P02_B01_050x050m","T01_P02_U0027z",2525.592162,2525.592162,10,-46.83001554,-2.549447002,296536.8626,9718072.925,5.8,15,20.67167966,1.4,0.8,3.3,4.8,NA,1,"S",10,0,0,1,0.56,45.4,"035-055",1618.831278,695.4213253,256.389813,37.82002515,6.480793385,0.357,2.48364759,FALSE,15.32,22.86,2,"chartreuse",0.881728582,0,0.000395947,0.000395947,0,1,2013-08-22,"P02_B01_050x050m",-46.83001554,-2.549447002,NA,NA,NA,NA,NA,NA,NA,NA,NA,NA,NA,NA,NA,NA,NA,NA,NA,NA,NA,NA,NA,NA,NA,NA,NA,NA,NA,NA,NA,NA,NA,NA,NA,NA,NA,NA,NA,NA,NA,NA,NA,NA,NA,NA,NA,NA,NA,NA,NA,NA,NA,NA,NA
"AND_A01",2013,"8/22/2013","P02","B01","unknown","UKN00","#NAME?",3,60,"CVL1999+BRN2009",28,"jatereu","Lecythis idatimon","Lecythidaceae","O",2,"P02_B01_050x050m","T01_P02_U0028z",257.1669245,2525.592162,10,-46.83001554,-2.549447002,296539.1619,9718071.236,4.6,17.5,4.90088454,1.2,1.3,1.4,1.1,NA,2,"S",10,0,0,1,0.799,16.2,"010-020",206.119894,81.67141779,30.11083896,7.556643365,4.338979597,0.357,0.204434087,FALSE,10.28,14.02,3,"chartreuse4",0.483244882,0,0.003888525,0.003888525,0,1,2013-08-22,"P02_B01_050x050m",-46.83001554,-2.549447002,NA,NA,NA,NA,NA,NA,NA,NA,NA,NA,NA,NA,NA,NA,NA,NA,NA,NA,NA,NA,NA,NA,NA,NA,NA,NA,NA,NA,NA,NA,NA,NA,NA,NA,NA,NA,NA,NA,NA,NA,NA,NA,NA,NA,NA,NA,NA,NA,NA,NA,NA,NA,NA
"AND_A01",2013,"8/22/2013","P02","B01","unknown","UKN00","#NAME?",3,60,"CVL1999+BRN2009",29,"breu branco","Protium paniculatum","Burseraceae","O",2,"P02_B01_050x050m","T01_P02_U0029z",257.1669245,2525.592162,10,-46.83001554,-2.549447002,296541.1062,9718068.94,4,20.4,6.361725124,1.7,1.5,1.3,1.2,NA,2,"C",10,0,0,1,0.49,26.9,"020-035",568.321965,196.2727468,72.36236654,13.72428984,5.215780757,0.357,0.801113252,FALSE,14.75,20.36,2,"chartreuse",0.629264594,0,0.003888525,0.003888525,0,1,2013-08-22,"P02_B01_050x050m",-46.83001554,-2.549447002,NA,NA,NA,NA,NA,NA,NA,NA,NA,NA,NA,NA,NA,NA,NA,NA,NA,NA,NA,NA,NA,NA,NA,NA,NA,NA,NA,NA,NA,NA,NA,NA,NA,NA,NA,NA,NA,NA,NA,NA,NA,NA,NA,NA,NA,NA,NA,NA,NA,NA,NA,NA,NA
"AND_A01",2013,"8/22/2013","P02","B01","unknown","UKN00","#NAME?",3,60,"CVL1999+BRN2009",30,"breu vermelho","Protium hebetatum","Burseraceae","O",2,"P02_B01_050x050m","T01_P02_U0030z",257.1669245,2525.592162,10,-46.83001554,-2.549447002,296542.1376,9718068.752,3.2,21,5.183627878,0.7,3.4,0.8,1,NA,2,"S",11,0,0,1,0.557870968,10.2,"010-020",81.71282492,21.33174997,7.864647211,2.619737105,2.996472072,0.357,0.076475569,FALSE,10.24,12.8,2,"chartreuse",0.40136467,0,0.003888525,0.003888525,0,1,2013-08-22,"P02_B01_050x050m",-46.83001554,-2.549447002,NA,NA,NA,NA,NA,NA,NA,NA,NA,NA,NA,NA,NA,NA,NA,NA,NA,NA,NA,NA,NA,NA,NA,NA,NA,NA,NA,NA,NA,NA,NA,NA,NA,NA,NA,NA,NA,NA,NA,NA,NA,NA,NA,NA,NA,NA,NA,NA,NA,NA,NA,NA,NA
"AND_A01",2013,"8/22/2013","P02","B01","unknown","UKN00","#NAME?",3,60,"CVL1999+BRN2009",31,"abiurana branca","Pouteria guianensis","Sapotaceae","O",2,"P02_B01_050x050m","T01_P02_U0031z",2525.592162,2525.592162,10,-46.83001554,-2.549447002,296537.8607,9718066.797,7.8,21,65.7692422,4.5,6.4,3.4,4.2,NA,1,"E",10,0,0,1,0.929,50,"035-055",1963.495408,2080.646534,767.0983852,79.97347627,7.576709458,0.357,4.479325153,FALSE,27.05,34.92,4,"#004E00",0.944503412,0,0.000395947,0.000395947,0,1,2013-08-22,"P02_B01_050x050m",-46.83001554,-2.549447002,NA,NA,NA,NA,NA,NA,NA,NA,NA,NA,NA,NA,NA,NA,NA,NA,NA,NA,NA,NA,NA,NA,NA,NA,NA,NA,NA,NA,NA,NA,NA,NA,NA,NA,NA,NA,NA,NA,NA,NA,NA,NA,NA,NA,NA,NA,NA,NA,NA,NA,NA,NA,NA
"AND_A01",2013,"8/22/2013","P02","B01","unknown","UKN00","#NAME?",3,60,"CVL1999+BRN2009",32,"abiurana","Pouteria gongrijpii","Sapotaceae","O",2,"P02_B01_050x050m","T01_P02_U0032z",257.1669245,2525.592162,10,-46.83001554,-2.549447002,296544.8944,9718066.27,2,24.4,3.463605901,1.5,1.6,0.6,0.5,NA,2,"S",10,0,0,1,0.799,17.3,"010-020",235.0618163,92.91054453,34.25451057,8.335555483,4.467912643,0.357,0.23256707,FALSE,9.86,14.03,3,"chartreuse4",0.498256255,0,0.003888525,0.003888525,0,1,2013-08-22,"P02_B01_050x050m",-46.83001554,-2.549447002,NA,NA,NA,NA,NA,NA,NA,NA,NA,NA,NA,NA,NA,NA,NA,NA,NA,NA,NA,NA,NA,NA,NA,NA,NA,NA,NA,NA,NA,NA,NA,NA,NA,NA,NA,NA,NA,NA,NA,NA,NA,NA,NA,NA,NA,NA,NA,NA,NA,NA,NA,NA,NA
"AND_A01",2013,"8/22/2013","P02","B01","unknown","UKN00","#NAME?",3,60,"CVL1999+BRN2009",33,"breu branco","Protium paniculatum","Burseraceae","O",2,"P02_B01_050x050m","T01_P02_U0033z",257.1669245,2525.592162,10,-46.83001554,-2.549447002,296544.4259,9718061.122,4.8,28.9,5.937610115,1.6,1,1.1,1.8,NA,2,"S",10,0,0,1,0.49,18.5,"010-020",268.8025214,84.26164736,31.0658118,7.044397387,4.370202307,0.357,0.343925091,FALSE,11.82,18.1,2,"chartreuse",0.514632297,0,0.003888525,0.003888525,0,1,2013-08-22,"P02_B01_050x050m",-46.83001554,-2.549447002,NA,NA,NA,NA,NA,NA,NA,NA,NA,NA,NA,NA,NA,NA,NA,NA,NA,NA,NA,NA,NA,NA,NA,NA,NA,NA,NA,NA,NA,NA,NA,NA,NA,NA,NA,NA,NA,NA,NA,NA,NA,NA,NA,NA,NA,NA,NA,NA,NA,NA,NA,NA,NA
"AND_A01",2013,"8/22/2013","P02","B01","unknown","UKN00","#NAME?",3,60,"CVL1999+BRN2009",34,"embauba branca","Cecropia palmata","Urticaceae","O",2,"P02_B01_050x050m","T01_P02_U0034z",257.1669245,2525.592162,10,-46.83001554,-2.549447002,296550.3997,9718055.582,2.3,36.4,5.513495107,1.2,1.3,1.5,1.3,NA,1,"S",11,0,0,1,0.339857143,13.7,"010-020",147.4113813,26.32933697,9.707171087,2.93628231,3.206959292,0.357,0.154943555,FALSE,10.74,14.45,2,"chartreuse",0.449128127,0,0.003888525,0.003888525,0,1,2013-08-22,"P02_B01_050x050m",-46.83001554,-2.549447002,NA,NA,NA,NA,NA,NA,NA,NA,NA,NA,NA,NA,NA,NA,NA,NA,NA,NA,NA,NA,NA,NA,NA,NA,NA,NA,NA,NA,NA,NA,NA,NA,NA,NA,NA,NA,NA,NA,NA,NA,NA,NA,NA,NA,NA,NA,NA,NA,NA,NA,NA,NA,NA
"AND_A01",2013,"8/22/2013","P02","B01","unknown","UKN00","#NAME?",3,60,"CVL1999+BRN2009",35,"morta",NA,NA,"O",2,"P02_B01_050x050m","T01_P02_U0035z",257.1669245,2525.592162,10,-46.83001554,-2.549447002,296550.976,9718055.181,2,37,0.031415927,0.1,0.1,0.1,0.1,2,NA,NA,0,1,0,1,0.696,12.7,"010-020",126.6768698,20.29032427,7.480691568,3.300718093,2.946419635,0.357,0.05830553,TRUE,NA,4.77,3,"chartreuse4",0.435481425,0.003888525,0,0.003888525,0,1,2013-08-22,"P02_B01_050x050m",-46.83001554,-2.549447002,NA,NA,NA,NA,NA,NA,NA,NA,NA,NA,NA,NA,NA,NA,NA,NA,NA,NA,NA,NA,NA,NA,NA,NA,NA,NA,NA,NA,NA,NA,NA,NA,NA,NA,NA,NA,NA,NA,NA,NA,NA,NA,NA,NA,NA,NA,NA,NA,NA,NA,NA,NA,NA
"AND_A01",2013,"8/22/2013","P02","B01","unknown","UKN00","#NAME?",3,60,"CVL1999+BRN2009",36,"embauba branca","Cecropia palmata","Urticaceae","O",2,"P02_B01_050x050m","T01_P02_U0036z",257.1669245,2525.592162,10,-46.83001554,-2.549447002,296552.2294,9718053.548,1.7,39,1.468694566,0.5,0.9,0.6,0.8,NA,1,"S",11,0,0,1,0.339857143,11.9,"010-020",111.2202339,17.06300946,6.290836426,2.13649805,2.773188431,0.357,0.100412834,FALSE,11.1,12.28,2,"chartreuse",0.424564064,0,0.003888525,0.003888525,0,1,2013-08-22,"P02_B01_050x050m",-46.83001554,-2.549447002,NA,NA,NA,NA,NA,NA,NA,NA,NA,NA,NA,NA,NA,NA,NA,NA,NA,NA,NA,NA,NA,NA,NA,NA,NA,NA,NA,NA,NA,NA,NA,NA,NA,NA,NA,NA,NA,NA,NA,NA,NA,NA,NA,NA,NA,NA,NA,NA,NA,NA,NA,NA,NA
"AND_A01",2013,"8/22/2013","P02","B01","unknown","UKN00","#NAME?",3,60,"CVL1999+BRN2009",37,"mamui","Jacaratia spinosa","Caricaceae","O",2,"P02_B01_050x050m","T01_P02_U0037z",257.1669245,2525.592162,10,-46.83001554,-2.549447002,296550.0213,9718052.575,4,39,0.86393798,0.5,0.5,0.5,0.6,NA,1,"S",10,0,0,1,0.42,15.9,"010-020",198.5565097,19.04688222,7.022255994,2.721672467,2.883178925,0.357,0.090699439,FALSE,5.19,6.23,2,"chartreuse",0.479150872,0,0.003888525,0.003888525,0,1,2013-08-22,"P02_B01_050x050m",-46.83001554,-2.549447002,NA,NA,NA,NA,NA,NA,NA,NA,NA,NA,NA,NA,NA,NA,NA,NA,NA,NA,NA,NA,NA,NA,NA,NA,NA,NA,NA,NA,NA,NA,NA,NA,NA,NA,NA,NA,NA,NA,NA,NA,NA,NA,NA,NA,NA,NA,NA,NA,NA,NA,NA,NA,NA
"AND_A01",2013,"8/22/2013","P02","B01","unknown","UKN00","#NAME?",3,60,"CVL1999+BRN2009",38,"mamui","Jacaratia spinosa","Caricaceae","O",2,"P02_B01_050x050m","T01_P02_U0038z",257.1669245,2525.592162,10,-46.83001554,-2.549447002,296549.8293,9718052.491,4.2,39,0.950331778,0.5,0.7,0.6,0.4,NA,1,"S",10,0,0,1,0.42,11.3,"010-020",100.2874915,9.855850562,3.633681612,1.638743351,2.224340745,0.357,0.046932622,FALSE,5.24,6.28,2,"chartreuse",0.416376042,0,0.003888525,0.003888525,0,1,2013-08-22,"P02_B01_050x050m",-46.83001554,-2.549447002,NA,NA,NA,NA,NA,NA,NA,NA,NA,NA,NA,NA,NA,NA,NA,NA,NA,NA,NA,NA,NA,NA,NA,NA,NA,NA,NA,NA,NA,NA,NA,NA,NA,NA,NA,NA,NA,NA,NA,NA,NA,NA,NA,NA,NA,NA,NA,NA,NA,NA,NA,NA,NA
"AND_A01",2013,"8/22/2013","P02","B01","unknown","UKN00","#NAME?",3,60,"CVL1999+BRN2009",39,"trema","Trema micrantha","Cannabaceae","O",2,"P02_B01_050x050m","T01_P02_U0039z",257.1669245,2525.592162,10,-46.83001554,-2.549447002,296549.7333,9718052.448,4.3,39,10.68141502,2,1.6,2,1.8,NA,1,"S",10,0,0,1,0.319,10.1,"010-020",80.11846665,8.310045442,3.063770004,1.296824174,2.053740577,0.357,0.052100598,FALSE,4,8.69,2,"chartreuse",0.4,0,0.003888525,0.003888525,0,1,2013-08-22,"P02_B01_050x050m",-46.83001554,-2.549447002,NA,NA,NA,NA,NA,NA,NA,NA,NA,NA,NA,NA,NA,NA,NA,NA,NA,NA,NA,NA,NA,NA,NA,NA,NA,NA,NA,NA,NA,NA,NA,NA,NA,NA,NA,NA,NA,NA,NA,NA,NA,NA,NA,NA,NA,NA,NA,NA,NA,NA,NA,NA,NA
"AND_A01",2013,"8/22/2013","P02","B01","unknown","UKN00","#NAME?",3,60,"CVL1999+BRN2009",40,"abiurana branca","Pouteria guianensis","Sapotaceae","O",2,"P02_B01_050x050m","T01_P02_U0040z",257.1669245,2525.592162,10,-46.83001554,-2.549447002,296556.0948,9718046.507,1.7,47,15.89645883,2.2,2.1,2.4,2.3,NA,1,"S",10,0,0,1,0.929,30.9,"020-035",749.9060204,464.8910403,171.3972847,27.16395048,6.078078556,0.357,1.000841852,FALSE,10.76,19.69,4,"#004E00",0.683851403,0,0.003888525,0.003888525,0,1,2013-08-22,"P02_B01_050x050m",-46.83001554,-2.549447002,NA,NA,NA,NA,NA,NA,NA,NA,NA,NA,NA,NA,NA,NA,NA,NA,NA,NA,NA,NA,NA,NA,NA,NA,NA,NA,NA,NA,NA,NA,NA,NA,NA,NA,NA,NA,NA,NA,NA,NA,NA,NA,NA,NA,NA,NA,NA,NA,NA,NA,NA,NA,NA
"AND_A01",2013,"8/22/2013","P02","B01","unknown","UKN00","#NAME?",3,60,"CVL1999+BRN2009",41,"matamata branco","Eschweilera coriacea","Lecythidaceae","O",2,"P02_B01_050x050m","T01_P02_U0041z",2525.592162,2525.592162,10,-46.83001554,-2.549447002,296532.524,9718038.427,25,45,72.37444076,4.8,5.3,4.7,4.4,NA,1,"E",10,0,0,1,0.852,53.8,"035-055",2273.28786,1576.560036,581.2504134,68.41549398,7.29927606,0.357,3.700845155,FALSE,15.29,24.75,4,"#004E00",0.996360879,0,0.000395947,0.000395947,0,1,2013-08-22,"P02_B01_050x050m",-46.83001554,-2.549447002,NA,NA,NA,NA,NA,NA,NA,NA,NA,NA,NA,NA,NA,NA,NA,NA,NA,NA,NA,NA,NA,NA,NA,NA,NA,NA,NA,NA,NA,NA,NA,NA,NA,NA,NA,NA,NA,NA,NA,NA,NA,NA,NA,NA,NA,NA,NA,NA,NA,NA,NA,NA,NA
"AND_A01",2013,"8/22/2013","P02","B01","unknown","UKN00","#NAME?",3,60,"CVL1999+BRN2009",42,"breu barrote","Tetragastris panamensis","Burseraceae","O",2,"P02_B01_050x050m","T01_P02_U0042z",2525.592162,2525.592162,10,-46.83001554,-2.549447002,296510.4537,9718028.189,48,45.6,28.74557278,4,3.8,2,2.3,NA,1,"E",10,0,0,1,0.717,46.6,"035-055",1705.539236,978.2573286,360.6665548,47.47928193,6.822048253,0.357,2.728751265,FALSE,12.58,24.04,3,"chartreuse4",0.898104625,0,0.000395947,0.000395947,0,1,2013-08-22,"P02_B01_050x050m",-46.83001554,-2.549447002,NA,NA,NA,NA,NA,NA,NA,NA,NA,NA,NA,NA,NA,NA,NA,NA,NA,NA,NA,NA,NA,NA,NA,NA,NA,NA,NA,NA,NA,NA,NA,NA,NA,NA,NA,NA,NA,NA,NA,NA,NA,NA,NA,NA,NA,NA,NA,NA,NA,NA,NA,NA,NA
"AND_A01",2013,"8/22/2013","P02","B01","unknown","UKN00","#NAME?",3,60,"CVL1999+BRN2009",43,"muiratinga","Maquira coriacea","Moraceae","O",2,"P02_B01_050x050m","T01_P02_U0043z",2525.592162,2525.592162,10,-46.83001554,-2.549447002,296506.2609,9718032.243,50,40,30.63052837,3.8,0.7,2.7,5.3,NA,1,"E",10,0,0,1,0.511,36,"035-055",1017.87602,455.5539,167.9548426,26.57985291,6.057789541,0.357,1.782989824,FALSE,18.89,25.83,2,"chartreuse",0.753449583,0,0.000395947,0.000395947,0,1,2013-08-22,"P02_B01_050x050m",-46.83001554,-2.549447002,NA,NA,NA,NA,NA,NA,NA,NA,NA,NA,NA,NA,NA,NA,NA,NA,NA,NA,NA,NA,NA,NA,NA,NA,NA,NA,NA,NA,NA,NA,NA,NA,NA,NA,NA,NA,NA,NA,NA,NA,NA,NA,NA,NA,NA,NA,NA,NA,NA,NA,NA,NA,NA
"AND_A01",2013,"8/22/2013","P02","B01","unknown","UKN00","#NAME?",3,60,"CVL1999+BRN2009",44,"mamui","Jacaratia spinosa","Caricaceae","O",2,"P02_B01_050x050m","T01_P02_U0044z",2525.592162,2525.592162,10,-46.83001554,-2.549447002,296510.632,9718042.631,42,32,18.37831702,2.3,2.7,2.2,2.5,NA,1,"E",10,0,0,1,0.42,45.8,"035-055",1647.482603,378.9840813,139.724875,25.74842893,5.873769702,0.357,1.804686101,FALSE,13.9,16.08,2,"chartreuse",0.887187263,0,0.000395947,0.000395947,0,1,2013-08-22,"P02_B01_050x050m",-46.83001554,-2.549447002,NA,NA,NA,NA,NA,NA,NA,NA,NA,NA,NA,NA,NA,NA,NA,NA,NA,NA,NA,NA,NA,NA,NA,NA,NA,NA,NA,NA,NA,NA,NA,NA,NA,NA,NA,NA,NA,NA,NA,NA,NA,NA,NA,NA,NA,NA,NA,NA,NA,NA,NA,NA,NA
"AND_A01",2013,"8/22/2013","P02","B01","unknown","UKN00","#NAME?",3,60,"CVL1999+BRN2009",45,"cajuacu","Anacardium spruceanum","Anacardiaceae","O",2,"P02_B01_050x050m","T01_P02_U0045z",2525.592162,2525.592162,10,-46.83001554,-2.549447002,296505.0768,9718042.262,47,30,31.88716543,3,3.6,2.8,3.4,NA,1,"E",10,0,0,1,0.479,41.1,"035-055",1326.702432,604.722032,222.9505525,34.30371364,6.341044401,0.357,2.524935416,FALSE,17.74,28.26,2,"chartreuse",0.823047763,0,0.000395947,0.000395947,0,1,2013-08-22,"P02_B01_050x050m",-46.83001554,-2.549447002,NA,NA,NA,NA,NA,NA,NA,NA,NA,NA,NA,NA,NA,NA,NA,NA,NA,NA,NA,NA,NA,NA,NA,NA,NA,NA,NA,NA,NA,NA,NA,NA,NA,NA,NA,NA,NA,NA,NA,NA,NA,NA,NA,NA,NA,NA,NA,NA,NA,NA,NA,NA,NA
"AND_A01",2013,"8/22/2013","P02","B01","unknown","UKN00","#NAME?",3,60,"CVL1999+BRN2009",46,"matamata branco","Eschweilera coriacea","Lecythidaceae","O",2,"P02_B01_050x050m","T01_P02_U0046z",2525.592162,2525.592162,10,-46.83001554,-2.549447002,296492.7852,9718066.336,48,2,116.5530874,7.5,7,6.5,3.6,NA,1,"C",10,0,0,1,0.852,48,"035-055",1809.557368,1636.778378,603.4518745,67.30950232,7.336760685,0.357,3.842202766,FALSE,19.4,32.31,4,"#004E00",0.917210008,0,0.000395947,0.000395947,0,1,2013-08-22,"P02_B01_050x050m",-46.83001554,-2.549447002,NA,NA,NA,NA,NA,NA,NA,NA,NA,NA,NA,NA,NA,NA,NA,NA,NA,NA,NA,NA,NA,NA,NA,NA,NA,NA,NA,NA,NA,NA,NA,NA,NA,NA,NA,NA,NA,NA,NA,NA,NA,NA,NA,NA,NA,NA,NA,NA,NA,NA,NA,NA,NA
"AND_A01",2013,"8/22/2013","P02","B01","unknown","UKN00","#NAME?",3,60,"CVL1999+BRN2009",47,"escorrega-macaco","Capirona decorticans","Rubiaceae","O",2,"P02_B01_050x050m","T01_P02_U0047z",2525.592162,2525.592162,10,-46.83001554,-2.549447002,296498.6525,9718070.201,41,1,120.0873792,8.7,6.8,2.3,7.1,NA,2,"C",10,0,0,1,0.593,38,"035-055",1134.114948,623.2019898,229.7637933,33.0464156,6.371146187,0.357,2.101861686,FALSE,17.79,27.54,2,"chartreuse",0.780742987,0,0.000395947,0.000395947,0,1,2013-08-22,"P02_B01_050x050m",-46.83001554,-2.549447002,NA,NA,NA,NA,NA,NA,NA,NA,NA,NA,NA,NA,NA,NA,NA,NA,NA,NA,NA,NA,NA,NA,NA,NA,NA,NA,NA,NA,NA,NA,NA,NA,NA,NA,NA,NA,NA,NA,NA,NA,NA,NA,NA,NA,NA,NA,NA,NA,NA,NA,NA,NA,NA
"AND_A01",2013,"8/22/2013","P02","B01","unknown","UKN00","#NAME?",3,60,"CVL1999+BRN2009",48,"pau-jacare","Laetia procera","Salicaceae","O",2,"P02_B01_050x050m","T01_P02_U0048z",2525.592162,2525.592162,10,-46.83001554,-2.549447002,296518.8274,9718076.539,20,4,42.85132379,3,4.2,3.2,4.6,NA,1,"E",10,0,0,1,0.648,43.9,"035-055",1513.627194,779.5082304,287.3912003,40.06756875,6.594938747,0.357,2.4058896,FALSE,19.85,23.75,3,"chartreuse4",0.861258529,0,0.000395947,0.000395947,0,1,2013-08-22,"P02_B01_050x050m",-46.83001554,-2.549447002,NA,NA,NA,NA,NA,NA,NA,NA,NA,NA,NA,NA,NA,NA,NA,NA,NA,NA,NA,NA,NA,NA,NA,NA,NA,NA,NA,NA,NA,NA,NA,NA,NA,NA,NA,NA,NA,NA,NA,NA,NA,NA,NA,NA,NA,NA,NA,NA,NA,NA,NA,NA,NA
"AND_A01",2013,"8/22/2013","P02","B01","unknown","UKN00","#NAME?",3,60,"CVL1999+BRN2009",49,"abiurana branca","Pouteria guianensis","Sapotaceae","O",2,"P02_B01_050x050m","T01_P02_U0049z",2525.592162,2525.592162,10,-46.83001554,-2.549447002,296521.4251,9718060.365,25,20,30.67765226,3.8,1.7,2.5,4.5,NA,1,"E",10,0,0,1,0.929,60,"055-Inf",2827.433388,2334.015562,860.5111631,91.78506954,7.69162098,0.357,5.024791307,FALSE,23.95,27.28,4,"#004E00",1.080970432,0,0.000395947,0.000395947,1,1,2013-08-22,"P02_B01_050x050m",-46.83001554,-2.549447002,NA,NA,NA,NA,NA,NA,NA,NA,NA,NA,NA,NA,NA,NA,NA,NA,NA,NA,NA,NA,NA,NA,NA,NA,NA,NA,NA,NA,NA,NA,NA,NA,NA,NA,NA,NA,NA,NA,NA,NA,NA,NA,NA,NA,NA,NA,NA,NA,NA,NA,NA,NA,NA
"AND_A01",2013,"8/22/2013","P02","B01","unknown","UKN00","#NAME?",3,60,"CVL1999+BRN2009",50,"matamata branco","Eschweilera coriacea","Lecythidaceae","O",2,"P02_B01_050x050m","T01_P02_U0050z",2525.592162,2525.592162,10,-46.83001554,-2.549447002,296523.2009,9718056.855,25,24,9.330530181,0.6,0.8,2.7,2.8,NA,1,"E",10,0,0,1,0.852,42.4,"035-055",1411.957402,964.2929511,355.5181304,46.20880511,6.80767064,0.357,2.263598477,FALSE,13.79,24.08,4,"#004E00",0.840788476,0,0.000395947,0.000395947,0,1,2013-08-22,"P02_B01_050x050m",-46.83001554,-2.549447002,NA,NA,NA,NA,NA,NA,NA,NA,NA,NA,NA,NA,NA,NA,NA,NA,NA,NA,NA,NA,NA,NA,NA,NA,NA,NA,NA,NA,NA,NA,NA,NA,NA,NA,NA,NA,NA,NA,NA,NA,NA,NA,NA,NA,NA,NA,NA,NA,NA,NA,NA,NA,NA
"AND_A01",2013,"8/22/2013","P02","B01","unknown","UKN00","#NAME?",3,60,"CVL1999+BRN2009",51,"matamata branco","Eschweilera coriacea","Lecythidaceae","O",2,"P02_B01_050x050m","T01_P02_U0051z",2525.592162,2525.592162,10,-46.83001554,-2.549447002,296523.1506,9718054.675,26,26,25.8710155,3.6,1.7,2.5,3.7,NA,1,"E",10,0,0,1,0.852,37.5,"035-055",1104.466167,564.9539766,208.2887584,32.12992272,6.273019771,0.357,1.326183044,FALSE,13.49,17.8,4,"#004E00",0.773919636,0,0.000395947,0.000395947,0,1,2013-08-22,"P02_B01_050x050m",-46.83001554,-2.549447002,NA,NA,NA,NA,NA,NA,NA,NA,NA,NA,NA,NA,NA,NA,NA,NA,NA,NA,NA,NA,NA,NA,NA,NA,NA,NA,NA,NA,NA,NA,NA,NA,NA,NA,NA,NA,NA,NA,NA,NA,NA,NA,NA,NA,NA,NA,NA,NA,NA,NA,NA,NA,NA
"AND_A01",2013,"8/22/2013","P02","B01","unknown","UKN00","#NAME?",3,60,"CVL1999+BRN2009",52,"morta",NA,NA,"O",2,"P02_B01_050x050m","T01_P02_U0052z",2525.592162,2525.592162,10,-46.83001554,-2.549447002,296525.1607,9718064.246,20,18,0.031415927,0.1,0.1,0.1,0.1,3,NA,NA,0,1,0,1,0.587,50,"035-055",1963.495408,300.6723982,110.8527121,24.70652554,5.642296794,0.357,1.024437473,TRUE,NA,5.56,2,"chartreuse",0.944503412,0.000395947,0,0.000395947,0,1,2013-08-22,"P02_B01_050x050m",-46.83001554,-2.549447002,NA,NA,NA,NA,NA,NA,NA,NA,NA,NA,NA,NA,NA,NA,NA,NA,NA,NA,NA,NA,NA,NA,NA,NA,NA,NA,NA,NA,NA,NA,NA,NA,NA,NA,NA,NA,NA,NA,NA,NA,NA,NA,NA,NA,NA,NA,NA,NA,NA,NA,NA,NA,NA
"AND_A01",2013,"8/22/2013","P03","B01","unknown","UKN00","#NAME?",3,60,"CVL1999+BRN2009",53,"mamui","Jacaratia spinosa","Caricaceae","O",3,"P03_B01_050x050m","T01_P03_U0053z",233.2285359,2276.702073,10,-46.82945531,-2.55067684,296597.1594,9717946.521,3,3,1.837831702,0.6,1.1,0.7,0.7,NA,2,"S",10,0,0,1,0.42,11.3,"010-020",100.2874915,23.59409502,8.698734696,2.646836337,3.09727197,0.357,0.112352833,FALSE,11.3,15.36,2,"chartreuse",0.416376042,0,0.00428764,0.00428764,0,1,2013-08-22,"P03_B01_050x050m",-46.82945531,-2.55067684,NA,NA,NA,NA,NA,NA,NA,NA,NA,NA,NA,NA,NA,NA,NA,NA,NA,NA,NA,NA,NA,NA,NA,NA,NA,NA,NA,NA,NA,NA,NA,NA,NA,NA,NA,NA,NA,NA,NA,NA,NA,NA,NA,NA,NA,NA,NA,NA,NA,NA,NA,NA,NA
"AND_A01",2013,"8/22/2013","P03","B01","unknown","UKN00","#NAME?",3,60,"CVL1999+BRN2009",54,"burangica","Galipea trifoliata","Rutaceae","O",3,"P03_B01_050x050m","T01_P03_U0054z",233.2285359,2276.702073,10,-46.82945531,-2.55067684,296601.7308,9717943.526,0.2,7.5,11.87522023,0.8,2.5,2.8,1.7,NA,2,"S",11,0,0,1,0.997,12.3,"010-020",118.8228881,63.95113364,23.57767672,6.420533959,4.094394755,0.357,0.128287129,FALSE,10.06,15.17,4,"#004E00",0.430022745,0,0.00428764,0.00428764,0,1,2013-08-22,"P03_B01_050x050m",-46.82945531,-2.55067684,NA,NA,NA,NA,NA,NA,NA,NA,NA,NA,NA,NA,NA,NA,NA,NA,NA,NA,NA,NA,NA,NA,NA,NA,NA,NA,NA,NA,NA,NA,NA,NA,NA,NA,NA,NA,NA,NA,NA,NA,NA,NA,NA,NA,NA,NA,NA,NA,NA,NA,NA,NA,NA
"AND_A01",2013,"8/22/2013","P03","B01","unknown","UKN00","#NAME?",3,60,"CVL1999+BRN2009",55,"breu branco","Protium paniculatum","Burseraceae","O",3,"P03_B01_050x050m","T01_P03_U0055z",233.2285359,2276.702073,10,-46.82945531,-2.55067684,296599.3906,9717942.77,2.7,7.5,12.86482192,1.4,2.7,2.8,1.2,NA,2,"S",10,0,0,1,0.49,18,"010-020",254.4690049,79.70120595,29.38445593,6.740127126,4.314560217,0.357,0.325311045,FALSE,12.32,18.06,2,"chartreuse",0.507808946,0,0.00428764,0.00428764,0,1,2013-08-22,"P03_B01_050x050m",-46.82945531,-2.55067684,NA,NA,NA,NA,NA,NA,NA,NA,NA,NA,NA,NA,NA,NA,NA,NA,NA,NA,NA,NA,NA,NA,NA,NA,NA,NA,NA,NA,NA,NA,NA,NA,NA,NA,NA,NA,NA,NA,NA,NA,NA,NA,NA,NA,NA,NA,NA,NA,NA,NA,NA,NA,NA
"AND_A01",2013,"8/22/2013","P03","B01","unknown","UKN00","#NAME?",3,60,"CVL1999+BRN2009",56,"iperana","Eperua bijuga","Fabaceae","O",3,"P03_B01_050x050m","T01_P03_U0056z",233.2285359,2276.702073,10,-46.82945531,-2.55067684,296600.1216,9717938.539,4,12,19.19513111,3.4,1.2,1.3,4,NA,2,"S",10,0,0,1,0.729,26,"020-035",530.9291585,153.6647474,56.65353421,12.68907453,4.971048764,0.357,0.42157681,FALSE,8.27,11.4,3,"chartreuse4",0.616982563,0,0.00428764,0.00428764,0,1,2013-08-22,"P03_B01_050x050m",-46.82945531,-2.55067684,NA,NA,NA,NA,NA,NA,NA,NA,NA,NA,NA,NA,NA,NA,NA,NA,NA,NA,NA,NA,NA,NA,NA,NA,NA,NA,NA,NA,NA,NA,NA,NA,NA,NA,NA,NA,NA,NA,NA,NA,NA,NA,NA,NA,NA,NA,NA,NA,NA,NA,NA,NA,NA
"AND_A01",2013,"8/22/2013","P03","B01","unknown","UKN00","#NAME?",3,60,"CVL1999+BRN2009",57,"maracatiara","Astronium graveolens","Anacardiaceae","O",3,"P03_B01_050x050m","T01_P03_U0057z",233.2285359,2276.702073,10,-46.82945531,-2.55067684,296599.84,9717938.45,4.3,12,14.6241138,1.2,2.3,3.7,1.5,NA,2,"S",10,0,0,1,0.868,23.6,"020-035",437.4353611,334.5654269,123.3484855,19.7309475,5.749107956,0.357,0.77088808,FALSE,19.16,25.79,4,"#004E00",0.584230478,0,0.00428764,0.00428764,0,1,2013-08-22,"P03_B01_050x050m",-46.82945531,-2.55067684,NA,NA,NA,NA,NA,NA,NA,NA,NA,NA,NA,NA,NA,NA,NA,NA,NA,NA,NA,NA,NA,NA,NA,NA,NA,NA,NA,NA,NA,NA,NA,NA,NA,NA,NA,NA,NA,NA,NA,NA,NA,NA,NA,NA,NA,NA,NA,NA,NA,NA,NA,NA,NA
"AND_A01",2013,"8/22/2013","P03","B01","unknown","UKN00","#NAME?",3,60,"CVL1999+BRN2009",58,"tachi","Tachigali myrmecophila","Fabaceae","O",3,"P03_B01_050x050m","T01_P03_U0058z",233.2285359,2276.702073,10,-46.82945531,-2.55067684,296602.7221,9717935.994,2.8,15.4,31.66725395,2.2,2.6,4.2,3.7,NA,1,"C",10,0,0,1,0.476,30.9,"020-035",749.9060204,290.534415,107.115013,18.71039799,5.607997537,0.357,1.220732836,FALSE,13.6,23.74,2,"chartreuse",0.683851403,0,0.00428764,0.00428764,0,1,2013-08-22,"P03_B01_050x050m",-46.82945531,-2.55067684,NA,NA,NA,NA,NA,NA,NA,NA,NA,NA,NA,NA,NA,NA,NA,NA,NA,NA,NA,NA,NA,NA,NA,NA,NA,NA,NA,NA,NA,NA,NA,NA,NA,NA,NA,NA,NA,NA,NA,NA,NA,NA,NA,NA,NA,NA,NA,NA,NA,NA,NA,NA,NA
"AND_A01",2013,"8/22/2013","P03","B01","unknown","UKN00","#NAME?",3,60,"CVL1999+BRN2009",59,"freijo branco","Cordia scabrifolia","Boraginaceae","O",3,"P03_B01_050x050m","T01_P03_U0059z",233.2285359,2276.702073,10,-46.82945531,-2.55067684,296603.2274,9717934.569,3,17,3.628539515,1,1,1.2,1.1,NA,2,"S",10,0,0,1,0.474,17.7,"010-020",246.0573906,33.35867513,12.29876647,4.032646795,3.443593362,0.357,0.140753903,FALSE,6.33,7.91,2,"chartreuse",0.503714936,0,0.00428764,0.00428764,0,1,2013-08-22,"P03_B01_050x050m",-46.82945531,-2.55067684,NA,NA,NA,NA,NA,NA,NA,NA,NA,NA,NA,NA,NA,NA,NA,NA,NA,NA,NA,NA,NA,NA,NA,NA,NA,NA,NA,NA,NA,NA,NA,NA,NA,NA,NA,NA,NA,NA,NA,NA,NA,NA,NA,NA,NA,NA,NA,NA,NA,NA,NA,NA,NA
"AND_A01",2013,"8/22/2013","P03","B01","unknown","UKN00","#NAME?",3,60,"CVL1999+BRN2009",60,"inga vermelho","Inga alba","Fabaceae","O",3,"P03_B01_050x050m","T01_P03_U0060z",233.2285359,2276.702073,10,-46.82945531,-2.55067684,296607.1693,9717932.824,0.2,20,22.43097155,2,2.2,3.1,3.4,NA,2,"S",10,0,0,1,0.586,19.1,"010-020",286.521104,103.3897662,38.11801832,8.347235862,4.574781484,0.357,0.352866096,FALSE,10.78,17.51,2,"chartreuse",0.522820318,0,0.00428764,0.00428764,0,1,2013-08-22,"P03_B01_050x050m",-46.82945531,-2.55067684,NA,NA,NA,NA,NA,NA,NA,NA,NA,NA,NA,NA,NA,NA,NA,NA,NA,NA,NA,NA,NA,NA,NA,NA,NA,NA,NA,NA,NA,NA,NA,NA,NA,NA,NA,NA,NA,NA,NA,NA,NA,NA,NA,NA,NA,NA,NA,NA,NA,NA,NA,NA,NA
"AND_A01",2013,"8/22/2013","P03","B01","unknown","UKN00","#NAME?",3,60,"CVL1999+BRN2009",61,"acai","Euterpe oleracea","Arecaceae","P",3,"P03_B01_050x050m","T01_P03_U0061z",233.2285359,2276.702073,10,-46.82945531,-2.55067684,296610.0248,9717919.888,3.6,34,2.387610417,0.8,0.9,0.8,1,NA,2,"S",10,0,0,1,0.39,11,"010-020",95.03317777,13.76130128,8.844147886,0.068763971,2.448988398,0.588,0.070570776,FALSE,4.8,6.42,2,"chartreuse",0.412282032,0,0.00428764,0.00428764,0,1,2013-08-22,"P03_B01_050x050m",-46.82945531,-2.55067684,NA,NA,NA,NA,NA,NA,NA,NA,NA,NA,NA,NA,NA,NA,NA,NA,NA,NA,NA,NA,NA,NA,NA,NA,NA,NA,NA,NA,NA,NA,NA,NA,NA,NA,NA,NA,NA,NA,NA,NA,NA,NA,NA,NA,NA,NA,NA,NA,NA,NA,NA,NA,NA
"AND_A01",2013,"8/22/2013","P03","B01","unknown","UKN00","#NAME?",3,60,"CVL1999+BRN2009",62,"inga vermelho","Inga alba","Fabaceae","O",3,"P03_B01_050x050m","T01_P03_U0062z",233.2285359,2276.702073,10,-46.82945531,-2.55067684,296610.0943,9717919.32,3.8,34.6,29.68805058,3.6,4,2.7,2,NA,1,"S",10,0,0,1,0.586,24.1,"020-035",456.1671073,179.0910605,66.02777602,12.65895376,5.124169894,0.357,0.611232288,FALSE,14.43,19.31,2,"chartreuse",0.591053829,0,0.00428764,0.00428764,0,1,2013-08-22,"P03_B01_050x050m",-46.82945531,-2.55067684,NA,NA,NA,NA,NA,NA,NA,NA,NA,NA,NA,NA,NA,NA,NA,NA,NA,NA,NA,NA,NA,NA,NA,NA,NA,NA,NA,NA,NA,NA,NA,NA,NA,NA,NA,NA,NA,NA,NA,NA,NA,NA,NA,NA,NA,NA,NA,NA,NA,NA,NA,NA,NA
"AND_A01",2013,"8/22/2013","P03","B01","unknown","UKN00","#NAME?",3,60,"CVL1999+BRN2009",63,"acai","Euterpe oleracea","Arecaceae","P",3,"P03_B01_050x050m","T01_P03_U0063z",233.2285359,2276.702073,10,-46.82945531,-2.55067684,296612.3624,9717919.591,1.6,35,2.984513021,1,1,0.9,1,NA,1,"S",10,0,0,1,0.39,11.1,"010-020",96.76890771,14.1078596,9.066874865,0.069860596,2.473860061,0.588,0.072347998,FALSE,9.09,11.2,2,"chartreuse",0.413646702,0,0.00428764,0.00428764,0,1,2013-08-22,"P03_B01_050x050m",-46.82945531,-2.55067684,NA,NA,NA,NA,NA,NA,NA,NA,NA,NA,NA,NA,NA,NA,NA,NA,NA,NA,NA,NA,NA,NA,NA,NA,NA,NA,NA,NA,NA,NA,NA,NA,NA,NA,NA,NA,NA,NA,NA,NA,NA,NA,NA,NA,NA,NA,NA,NA,NA,NA,NA,NA,NA
"AND_A01",2013,"8/22/2013","P03","B01","unknown","UKN00","#NAME?",3,60,"CVL1999+BRN2009",64,"mamui","Jacaratia spinosa","Caricaceae","O",3,"P03_B01_050x050m","T01_P03_U0064z",233.2285359,2276.702073,10,-46.82945531,-2.55067684,296613.8029,9717918.048,1,37,3.110176727,1,1,0.8,1.2,NA,1,"S",10,0,0,1,0.42,12.6,"010-020",124.6898124,14.47751202,5.337608244,2.114127288,2.60887205,0.357,0.068940533,FALSE,5.29,7.49,2,"chartreuse",0.434116755,0,0.00428764,0.00428764,0,1,2013-08-22,"P03_B01_050x050m",-46.82945531,-2.55067684,NA,NA,NA,NA,NA,NA,NA,NA,NA,NA,NA,NA,NA,NA,NA,NA,NA,NA,NA,NA,NA,NA,NA,NA,NA,NA,NA,NA,NA,NA,NA,NA,NA,NA,NA,NA,NA,NA,NA,NA,NA,NA,NA,NA,NA,NA,NA,NA,NA,NA,NA,NA,NA
"AND_A01",2013,"8/22/2013","P03","B01","unknown","UKN00","#NAME?",3,60,"CVL1999+BRN2009",65,"andiroba","Carapa guianensis","Meliaceae","O",3,"P03_B01_050x050m","T01_P03_U0065z",2276.702073,2276.702073,10,-46.82945531,-2.55067684,296616.8452,9717912.059,1,44,41.06846996,4.1,3,4.2,3.3,NA,1,"E",10,0,0,1,0.53,47.6,"035-055",1779.523743,869.9778887,320.7457984,45.465234,6.704743296,0.357,3.282935429,FALSE,18.26,27.64,2,"chartreuse",0.911751327,0,0.000439232,0.000439232,0,1,2013-08-22,"P03_B01_050x050m",-46.82945531,-2.55067684,NA,NA,NA,NA,NA,NA,NA,NA,NA,NA,NA,NA,NA,NA,NA,NA,NA,NA,NA,NA,NA,NA,NA,NA,NA,NA,NA,NA,NA,NA,NA,NA,NA,NA,NA,NA,NA,NA,NA,NA,NA,NA,NA,NA,NA,NA,NA,NA,NA,NA,NA,NA,NA
"AND_A01",2013,"8/22/2013","P03","B01","unknown","UKN00","#NAME?",3,60,"CVL1999+BRN2009",66,"seringueira","Hevea brasiliensis","Euphorbiaceae","O",3,"P03_B01_050x050m","T01_P03_U0066z",2276.702073,2276.702073,10,-46.82945531,-2.55067684,296601.1927,9717901.881,20,50,16.96460033,1.8,3.2,2.7,1.6,NA,1,"C",10,0,0,1,0.467,37.3,"035-055",1092.716611,475.1694707,175.1867642,28.15582163,6.099947021,0.357,2.034987027,FALSE,18.54,27.49,2,"chartreuse",0.771190296,0,0.000439232,0.000439232,0,1,2013-08-22,"P03_B01_050x050m",-46.82945531,-2.55067684,NA,NA,NA,NA,NA,NA,NA,NA,NA,NA,NA,NA,NA,NA,NA,NA,NA,NA,NA,NA,NA,NA,NA,NA,NA,NA,NA,NA,NA,NA,NA,NA,NA,NA,NA,NA,NA,NA,NA,NA,NA,NA,NA,NA,NA,NA,NA,NA,NA,NA,NA,NA,NA
"AND_A01",2013,"8/22/2013","P03","B01","unknown","UKN00","#NAME?",3,60,"CVL1999+BRN2009",67,"mapatirana","Pourouma minor","Urticaceae","O",3,"P03_B01_050x050m","T01_P03_U0067z",2276.702073,2276.702073,10,-46.82945531,-2.55067684,296595.7796,9717906.103,23,44,55.64499668,4.208604586,4.208604586,4.208604586,4.208604586,NA,1,"C",10,1,0,1,0.436,45.8,"035-055",1647.482603,461.6400806,170.1987121,29.51313951,6.071061041,0.357,2.117615049,FALSE,16.29,18.96,2,"chartreuse",0.887187263,0,0.000439232,0.000439232,0,1,2013-08-22,"P03_B01_050x050m",-46.82945531,-2.55067684,NA,NA,NA,NA,NA,NA,NA,NA,NA,NA,NA,NA,NA,NA,NA,NA,NA,NA,NA,NA,NA,NA,NA,NA,NA,NA,NA,NA,NA,NA,NA,NA,NA,NA,NA,NA,NA,NA,NA,NA,NA,NA,NA,NA,NA,NA,NA,NA,NA,NA,NA,NA,NA
"AND_A01",2013,"8/22/2013","P03","B01","unknown","UKN00","#NAME?",3,60,"CVL1999+BRN2009",68,"andiroba","Carapa guianensis","Meliaceae","O",3,"P03_B01_050x050m","T01_P03_U0068z",2276.702073,2276.702073,10,-46.82945531,-2.55067684,296594.5866,9717901.955,26,48,32.6725636,4.3,5.2,2.2,1.2,NA,1,"E",10,0,0,1,0.53,59,"055-Inf",2733.971007,1334.56335,492.0304213,66.13251428,7.132634939,0.357,5.036088112,FALSE,18.17,27.89,2,"chartreuse",1.06732373,0,0.000439232,0.000439232,1,1,2013-08-22,"P03_B01_050x050m",-46.82945531,-2.55067684,NA,NA,NA,NA,NA,NA,NA,NA,NA,NA,NA,NA,NA,NA,NA,NA,NA,NA,NA,NA,NA,NA,NA,NA,NA,NA,NA,NA,NA,NA,NA,NA,NA,NA,NA,NA,NA,NA,NA,NA,NA,NA,NA,NA,NA,NA,NA,NA,NA,NA,NA,NA,NA
"AND_A01",2013,"8/22/2013","P03","B01","unknown","UKN00","#NAME?",3,60,"CVL1999+BRN2009",69,"guajara-bolacha","Pouteria oppositifolia","Sapotaceae","O",3,"P03_B01_050x050m","T01_P03_U0069z",2276.702073,2276.702073,10,-46.82945531,-2.55067684,296575.389,9717896.609,46,48,13.13185729,1.3,1.7,2.5,2.7,NA,1,"E",10,0,0,1,0.65,50,"035-055",1963.495408,1589.257139,585.9316155,68.48704865,7.307297478,0.357,4.890021965,FALSE,23.95,37.87,3,"chartreuse4",0.944503412,0,0.000439232,0.000439232,0,1,2013-08-22,"P03_B01_050x050m",-46.82945531,-2.55067684,NA,NA,NA,NA,NA,NA,NA,NA,NA,NA,NA,NA,NA,NA,NA,NA,NA,NA,NA,NA,NA,NA,NA,NA,NA,NA,NA,NA,NA,NA,NA,NA,NA,NA,NA,NA,NA,NA,NA,NA,NA,NA,NA,NA,NA,NA,NA,NA,NA,NA,NA,NA,NA
"AND_A01",2013,"8/22/2013","P03","B01","unknown","UKN00","#NAME?",3,60,"CVL1999+BRN2009",70,"matamata branco","Eschweilera coriacea","Lecythidaceae","O",3,"P03_B01_050x050m","T01_P03_U0070z",2276.702073,2276.702073,10,-46.82945531,-2.55067684,296573.0712,9717909.978,42,33,4.51603944,1.5,1.2,1,1.1,NA,1,"E",10,0,0,1,0.852,51.7,"035-055",2099.282897,1082.319397,399.0324393,53.50582707,6.923137107,0.357,2.540655861,FALSE,13.51,18.23,4,"#004E00",0.967702805,0,0.000439232,0.000439232,0,1,2013-08-22,"P03_B01_050x050m",-46.82945531,-2.55067684,NA,NA,NA,NA,NA,NA,NA,NA,NA,NA,NA,NA,NA,NA,NA,NA,NA,NA,NA,NA,NA,NA,NA,NA,NA,NA,NA,NA,NA,NA,NA,NA,NA,NA,NA,NA,NA,NA,NA,NA,NA,NA,NA,NA,NA,NA,NA,NA,NA,NA,NA,NA,NA
"AND_A01",2013,"8/22/2013","P03","B01","unknown","UKN00","#NAME?",3,60,"CVL1999+BRN2009",71,"morta",NA,NA,"O",3,"P03_B01_050x050m","T01_P03_U0071z",2276.702073,2276.702073,10,-46.82945531,-2.55067684,296584.9014,9717912.511,30,34,0.031415927,0.1,0.1,0.1,0.1,1,NA,NA,0,1,0,1,0.629,43.7,"035-055",1499.867019,837.0448874,308.6039705,41.36725118,6.666153198,0.357,2.661509976,TRUE,NA,24.83,3,"chartreuse4",0.858529189,0.000439232,0,0.000439232,0,1,2013-08-22,"P03_B01_050x050m",-46.82945531,-2.55067684,NA,NA,NA,NA,NA,NA,NA,NA,NA,NA,NA,NA,NA,NA,NA,NA,NA,NA,NA,NA,NA,NA,NA,NA,NA,NA,NA,NA,NA,NA,NA,NA,NA,NA,NA,NA,NA,NA,NA,NA,NA,NA,NA,NA,NA,NA,NA,NA,NA,NA,NA,NA,NA
"AND_A01",2013,"8/22/2013","P03","B01","unknown","UKN00","#NAME?",3,60,"CVL1999+BRN2009",72,"morta",NA,NA,"O",3,"P03_B01_050x050m","T01_P03_U0072z",2276.702073,2276.702073,10,-46.82945531,-2.55067684,296605.8376,9717918.658,8,34,0.031415927,0.1,0.1,0.1,0.1,1,NA,NA,0,1,0,1,0.629,38.7,"035-055",1176.282975,477.5882732,176.0785348,27.82959142,6.105024508,0.357,1.518563667,TRUE,NA,16.83,3,"chartreuse4",0.790295679,0.000439232,0,0.000439232,0,1,2013-08-22,"P03_B01_050x050m",-46.82945531,-2.55067684,NA,NA,NA,NA,NA,NA,NA,NA,NA,NA,NA,NA,NA,NA,NA,NA,NA,NA,NA,NA,NA,NA,NA,NA,NA,NA,NA,NA,NA,NA,NA,NA,NA,NA,NA,NA,NA,NA,NA,NA,NA,NA,NA,NA,NA,NA,NA,NA,NA,NA,NA,NA,NA
"AND_A01",2013,"8/22/2013","P03","B01","unknown","UKN00","#NAME?",3,60,"CVL1999+BRN2009",73,"morta",NA,NA,"O",3,"P03_B01_050x050m","T01_P03_U0073z",2276.702073,2276.702073,10,-46.82945531,-2.55067684,296607.2203,9717918.087,7,35,0.031415927,0.1,0.1,0.1,0.1,1,NA,NA,0,1,0,1,0.629,38.32,"035-055",1153.296256,496.7417536,183.1400917,28.32495573,6.144345781,0.357,1.579465035,TRUE,NA,18.09,3,"chartreuse4",0.785109932,0.000439232,0,0.000439232,0,1,2013-08-22,"P03_B01_050x050m",-46.82945531,-2.55067684,NA,NA,NA,NA,NA,NA,NA,NA,NA,NA,NA,NA,NA,NA,NA,NA,NA,NA,NA,NA,NA,NA,NA,NA,NA,NA,NA,NA,NA,NA,NA,NA,NA,NA,NA,NA,NA,NA,NA,NA,NA,NA,NA,NA,NA,NA,NA,NA,NA,NA,NA,NA,NA
"AND_A01",2013,"8/22/2013","P04","B01","unknown","UKN00","#NAME?",3,60,"CVL1999+BRN2009",74,"embauba branca","Cecropia palmata","Urticaceae","O",4,"P04_B01_050x050m","T01_P04_U0074z",240.5869946,2294.573367,10,-46.82895269,-2.551916139,296656.7197,9717811.819,3.6,4,1.649336143,0.8,0.8,0.6,0.7,NA,1,"S",11,0,0,1,0.339857143,11.9,"010-020",111.2202339,24.15066956,8.903934098,2.642638531,3.120587605,0.357,0.142122477,FALSE,8.18,17.53,2,"chartreuse",0.424564064,0,0.004156501,0.004156501,0,1,2013-08-22,"P04_B01_050x050m",-46.82895269,-2.551916139,NA,NA,NA,NA,NA,NA,NA,NA,NA,NA,NA,NA,NA,NA,NA,NA,NA,NA,NA,NA,NA,NA,NA,NA,NA,NA,NA,NA,NA,NA,NA,NA,NA,NA,NA,NA,NA,NA,NA,NA,NA,NA,NA,NA,NA,NA,NA,NA,NA,NA,NA,NA,NA
"AND_A01",2013,"8/22/2013","P04","B01","unknown","UKN00","#NAME?",3,60,"CVL1999+BRN2009",75,"mamui","Jacaratia spinosa","Caricaceae","O",4,"P04_B01_050x050m","T01_P04_U0075z",240.5869946,2294.573367,10,-46.82895269,-2.551916139,296657.3396,9717803.499,4.6,12,11.04269818,2,2.2,1.7,1.6,NA,1,"S",10,0,0,1,0.42,15,"010-020",176.7145868,25.05395737,9.236960691,3.085504153,3.157307294,0.357,0.119304559,FALSE,6.15,9.27,2,"chartreuse",0.46686884,0,0.004156501,0.004156501,0,1,2013-08-22,"P04_B01_050x050m",-46.82895269,-2.551916139,NA,NA,NA,NA,NA,NA,NA,NA,NA,NA,NA,NA,NA,NA,NA,NA,NA,NA,NA,NA,NA,NA,NA,NA,NA,NA,NA,NA,NA,NA,NA,NA,NA,NA,NA,NA,NA,NA,NA,NA,NA,NA,NA,NA,NA,NA,NA,NA,NA,NA,NA,NA,NA
"AND_A01",2013,"8/22/2013","P04","B01","unknown","UKN00","#NAME?",3,60,"CVL1999+BRN2009",76,"mamui","Jacaratia spinosa","Caricaceae","O",4,"P04_B01_050x050m","T01_P04_U0076z",240.5869946,2294.573367,10,-46.82895269,-2.551916139,296657.922,9717800.539,4.6,15,9.589711575,1.8,1.7,1.5,2,NA,1,"S",10,0,0,1,0.42,14.5,"010-020",165.1299639,20.3582714,7.505742502,2.709444991,2.949762786,0.357,0.09694415,FALSE,6.29,8.02,2,"chartreuse",0.460045489,0,0.004156501,0.004156501,0,1,2013-08-22,"P04_B01_050x050m",-46.82895269,-2.551916139,NA,NA,NA,NA,NA,NA,NA,NA,NA,NA,NA,NA,NA,NA,NA,NA,NA,NA,NA,NA,NA,NA,NA,NA,NA,NA,NA,NA,NA,NA,NA,NA,NA,NA,NA,NA,NA,NA,NA,NA,NA,NA,NA,NA,NA,NA,NA,NA,NA,NA,NA,NA,NA
"AND_A01",2013,"8/22/2013","P04","B01","unknown","UKN00","#NAME?",3,60,"CVL1999+BRN2009",77,"jatereu","Lecythis idatimon","Lecythidaceae","O",4,"P04_B01_050x050m","T01_P04_U0077z",240.5869946,2294.573367,10,-46.82895269,-2.551916139,296662.1364,9717801.277,0.2,16,22.24247599,2.7,2.8,3.2,2,NA,2,"S",10,0,0,1,0.799,10.9,"010-020",93.31315579,27.73192435,10.22428079,3.594819183,3.258859753,0.357,0.069416582,FALSE,8.36,10.24,3,"chartreuse4",0.410917362,0,0.004156501,0.004156501,0,1,2013-08-22,"P04_B01_050x050m",-46.82895269,-2.551916139,NA,NA,NA,NA,NA,NA,NA,NA,NA,NA,NA,NA,NA,NA,NA,NA,NA,NA,NA,NA,NA,NA,NA,NA,NA,NA,NA,NA,NA,NA,NA,NA,NA,NA,NA,NA,NA,NA,NA,NA,NA,NA,NA,NA,NA,NA,NA,NA,NA,NA,NA,NA,NA
"AND_A01",2013,"8/22/2013","P04","B01","unknown","UKN00","#NAME?",3,60,"CVL1999+BRN2009",78,"morta",NA,NA,"O",4,"P04_B01_050x050m","T01_P04_U0078z",2294.573367,2294.573367,10,-46.82895269,-2.551916139,296658.1403,9717797.424,5,18,0.031415927,0.1,0.1,0.1,0.1,3,NA,NA,0,1,0,1,0.587,36,"035-055",1017.87602,476.0532889,175.5126127,26.68731885,6.101805299,0.357,1.621987356,TRUE,NA,21.77,2,"chartreuse",0.753449583,0.000435811,0,0.000435811,0,1,2013-08-22,"P04_B01_050x050m",-46.82895269,-2.551916139,NA,NA,NA,NA,NA,NA,NA,NA,NA,NA,NA,NA,NA,NA,NA,NA,NA,NA,NA,NA,NA,NA,NA,NA,NA,NA,NA,NA,NA,NA,NA,NA,NA,NA,NA,NA,NA,NA,NA,NA,NA,NA,NA,NA,NA,NA,NA,NA,NA,NA,NA,NA,NA
"AND_A01",2013,"8/22/2013","P04","B01","unknown","UKN00","#NAME?",3,60,"CVL1999+BRN2009",79,"fava folha fina","Pseudopiptadenia psilostachya","Fabaceae","O",4,"P04_B01_050x050m","T01_P04_U0079z",2294.573367,2294.573367,10,-46.82895269,-2.551916139,296655.0089,9717788.694,10,25,67.23008279,4.2,5.6,3.8,5.1,NA,1,"E",10,0,0,1,0.67,55.4,"055-Inf",2410.512627,1718.895041,633.7268676,74.04183946,7.385712445,0.357,5.131029973,FALSE,27.93,32.43,3,"chartreuse4",1.018195603,0,0.000435811,0.000435811,1,1,2013-08-22,"P04_B01_050x050m",-46.82895269,-2.551916139,NA,NA,NA,NA,NA,NA,NA,NA,NA,NA,NA,NA,NA,NA,NA,NA,NA,NA,NA,NA,NA,NA,NA,NA,NA,NA,NA,NA,NA,NA,NA,NA,NA,NA,NA,NA,NA,NA,NA,NA,NA,NA,NA,NA,NA,NA,NA,NA,NA,NA,NA,NA,NA
"AND_A01",2013,"8/22/2013","P04","B01","unknown","UKN00","#NAME?",3,60,"CVL1999+BRN2009",80,"abiurana branca","Pouteria guianensis","Sapotaceae","O",4,"P04_B01_050x050m","T01_P04_U0080z",2294.573367,2294.573367,10,-46.82895269,-2.551916139,296655.9948,9717774.926,12,38.5,31.66725395,3,3,3.4,3.3,NA,2,"C",10,0,0,1,0.929,47.4,"035-055",1764.601178,1704.723928,628.5022234,69.16122882,7.377433958,0.357,3.670019221,FALSE,18.93,31.68,4,"#004E00",0.909021986,0,0.000435811,0.000435811,0,1,2013-08-22,"P04_B01_050x050m",-46.82895269,-2.551916139,NA,NA,NA,NA,NA,NA,NA,NA,NA,NA,NA,NA,NA,NA,NA,NA,NA,NA,NA,NA,NA,NA,NA,NA,NA,NA,NA,NA,NA,NA,NA,NA,NA,NA,NA,NA,NA,NA,NA,NA,NA,NA,NA,NA,NA,NA,NA,NA,NA,NA,NA,NA,NA
"AND_A01",2013,"8/22/2013","P04","B01","unknown","UKN00","#NAME?",3,60,"CVL1999+BRN2009",81,"freijo branco","Cordia scabrifolia","Boraginaceae","O",4,"P04_B01_050x050m","T01_P04_U0081z",240.5869946,2294.573367,10,-46.82895269,-2.551916139,296665.6701,9717770.561,2.6,46,4.908738521,0.9,0.7,1.6,1.8,NA,2,"S",10,0,0,1,0.474,12.1,"010-020",114.9901451,14.40578347,5.311163168,2.164313484,2.603905256,0.357,0.060783896,FALSE,5.95,7.16,2,"chartreuse",0.427293404,0,0.004156501,0.004156501,0,1,2013-08-22,"P04_B01_050x050m",-46.82895269,-2.551916139,NA,NA,NA,NA,NA,NA,NA,NA,NA,NA,NA,NA,NA,NA,NA,NA,NA,NA,NA,NA,NA,NA,NA,NA,NA,NA,NA,NA,NA,NA,NA,NA,NA,NA,NA,NA,NA,NA,NA,NA,NA,NA,NA,NA,NA,NA,NA,NA,NA,NA,NA,NA,NA
"AND_A01",2013,"8/22/2013","P04","B01","unknown","UKN00","#NAME?",3,60,"CVL1999+BRN2009",82,"cajuacu","Anacardium spruceanum","Anacardiaceae","O",4,"P04_B01_050x050m","T01_P04_U0082z",2294.573367,2294.573367,10,-46.82895269,-2.551916139,296664.1791,9717766.87,5,49,32.23274063,2.2,3,5,2.7,NA,1,"E",10,0,0,1,0.479,39.4,"035-055",1219.220693,508.7264435,187.5586396,29.84927634,6.168185933,0.357,2.124118762,FALSE,20.47,25.76,2,"chartreuse",0.79984837,0,0.000435811,0.000435811,0,1,2013-08-22,"P04_B01_050x050m",-46.82895269,-2.551916139,NA,NA,NA,NA,NA,NA,NA,NA,NA,NA,NA,NA,NA,NA,NA,NA,NA,NA,NA,NA,NA,NA,NA,NA,NA,NA,NA,NA,NA,NA,NA,NA,NA,NA,NA,NA,NA,NA,NA,NA,NA,NA,NA,NA,NA,NA,NA,NA,NA,NA,NA,NA,NA
"AND_A01",2013,"8/22/2013","P04","B01","unknown","UKN00","#NAME?",3,60,"CVL1999+BRN2009",83,"matamata branco","Eschweilera coriacea","Lecythidaceae","O",4,"P04_B01_050x050m","T01_P04_U0083z",2294.573367,2294.573367,10,-46.82895269,-2.551916139,296651.0528,9717767.434,19,44,62.34490621,2.7,4.5,5.4,5.3,NA,1,"E",10,0,0,1,0.852,84,"055-Inf",5541.769441,5239.129977,1931.576594,177.2424998,8.500186229,0.357,12.29842718,FALSE,25.76,34.75,4,"#004E00",1.408491281,0,0.000435811,0.000435811,1,1,2013-08-22,"P04_B01_050x050m",-46.82895269,-2.551916139,NA,NA,NA,NA,NA,NA,NA,NA,NA,NA,NA,NA,NA,NA,NA,NA,NA,NA,NA,NA,NA,NA,NA,NA,NA,NA,NA,NA,NA,NA,NA,NA,NA,NA,NA,NA,NA,NA,NA,NA,NA,NA,NA,NA,NA,NA,NA,NA,NA,NA,NA,NA,NA
"AND_A01",2013,"8/22/2013","P04","B01","unknown","UKN00","#NAME?",3,60,"CVL1999+BRN2009",84,"pintadinho","Poeppigia procera","Fabaceae","O",4,"P04_B01_050x050m","T01_P04_U0084z",2294.573367,2294.573367,10,-46.82895269,-2.551916139,296648.2532,9717763.385,23,47,46.36990757,3.6,3.5,4.6,3.7,NA,1,"C",10,0,0,1,0.69,39.7,"035-055",1237.858191,686.1023774,252.9540781,35.67781241,6.467302355,0.357,1.988702543,FALSE,18.03,23.93,3,"chartreuse4",0.803942381,0,0.000435811,0.000435811,0,1,2013-08-22,"P04_B01_050x050m",-46.82895269,-2.551916139,NA,NA,NA,NA,NA,NA,NA,NA,NA,NA,NA,NA,NA,NA,NA,NA,NA,NA,NA,NA,NA,NA,NA,NA,NA,NA,NA,NA,NA,NA,NA,NA,NA,NA,NA,NA,NA,NA,NA,NA,NA,NA,NA,NA,NA,NA,NA,NA,NA,NA,NA,NA,NA
"AND_A01",2013,"8/22/2013","P04","B01","unknown","UKN00","#NAME?",3,60,"CVL1999+BRN2009",85,"abiurana","Pouteria gongrijpii","Sapotaceae","O",4,"P04_B01_050x050m","T01_P04_U0085z",2294.573367,2294.573367,10,-46.82895269,-2.551916139,296650.1823,9717771.216,19,40,22.36028571,1.7,5.8,2.2,1.5,NA,1,"C",10,0,0,1,0.799,42,"035-055",1385.44236,1007.114032,371.3055221,46.92312339,6.851119625,0.357,2.520936249,FALSE,17.49,27.36,3,"chartreuse4",0.835329795,0,0.000435811,0.000435811,0,1,2013-08-22,"P04_B01_050x050m",-46.82895269,-2.551916139,NA,NA,NA,NA,NA,NA,NA,NA,NA,NA,NA,NA,NA,NA,NA,NA,NA,NA,NA,NA,NA,NA,NA,NA,NA,NA,NA,NA,NA,NA,NA,NA,NA,NA,NA,NA,NA,NA,NA,NA,NA,NA,NA,NA,NA,NA,NA,NA,NA,NA,NA,NA,NA
"AND_A01",2013,"8/22/2013","P04","B01","unknown","UKN00","#NAME?",3,60,"CVL1999+BRN2009",86,"casca seca","Licania canescens","Chrysobalanaceae","O",4,"P04_B01_050x050m","T01_P04_U0086z",2294.573367,2294.573367,10,-46.82895269,-2.551916139,296644.9351,9717769.277,25,40,28.20364805,2.6,2.7,3.7,3,NA,1,"C",10,0,0,1,0.88,43.4,"035-055",1479.344565,1341.142707,494.4561166,57.33699495,7.137552796,0.357,3.048051607,FALSE,17.87,31.2,4,"#004E00",0.854435178,0,0.000435811,0.000435811,0,1,2013-08-22,"P04_B01_050x050m",-46.82895269,-2.551916139,NA,NA,NA,NA,NA,NA,NA,NA,NA,NA,NA,NA,NA,NA,NA,NA,NA,NA,NA,NA,NA,NA,NA,NA,NA,NA,NA,NA,NA,NA,NA,NA,NA,NA,NA,NA,NA,NA,NA,NA,NA,NA,NA,NA,NA,NA,NA,NA,NA,NA,NA,NA,NA
"AND_A01",2013,"8/22/2013","P04","B01","unknown","UKN00","#NAME?",3,60,"CVL1999+BRN2009",87,"abiurana","Pouteria gongrijpii","Sapotaceae","O",4,"P04_B01_050x050m","T01_P04_U0087z",2294.573367,2294.573367,10,-46.82895269,-2.551916139,296634.5605,9717761.511,38,44,23.67975463,2.4,2.5,4.3,2,NA,1,"C",10,0,0,1,0.799,41.5,"035-055",1352.651987,952.5953488,351.2054268,45.11820826,6.795465706,0.357,2.384468958,FALSE,19.72,26.47,3,"chartreuse4",0.828506444,0,0.000435811,0.000435811,0,1,2013-08-22,"P04_B01_050x050m",-46.82895269,-2.551916139,NA,NA,NA,NA,NA,NA,NA,NA,NA,NA,NA,NA,NA,NA,NA,NA,NA,NA,NA,NA,NA,NA,NA,NA,NA,NA,NA,NA,NA,NA,NA,NA,NA,NA,NA,NA,NA,NA,NA,NA,NA,NA,NA,NA,NA,NA,NA,NA,NA,NA,NA,NA,NA
"AND_A01",2013,"8/22/2013","P04","B01","unknown","UKN00","#NAME?",3,60,"CVL1999+BRN2009",88,"morta",NA,NA,"O",4,"P04_B01_050x050m","T01_P04_U0088z",2294.573367,2294.573367,10,-46.82895269,-2.551916139,296631.5651,9717765.314,40,39,0.031415927,0.1,0.1,0.1,0.1,3,NA,NA,0,1,0,1,0.587,42.4,"035-055",1411.957402,728.8210156,268.7037011,37.53506609,6.527703681,0.357,2.483206186,TRUE,NA,24.56,2,"chartreuse",0.840788476,0.000435811,0,0.000435811,0,1,2013-08-22,"P04_B01_050x050m",-46.82895269,-2.551916139,NA,NA,NA,NA,NA,NA,NA,NA,NA,NA,NA,NA,NA,NA,NA,NA,NA,NA,NA,NA,NA,NA,NA,NA,NA,NA,NA,NA,NA,NA,NA,NA,NA,NA,NA,NA,NA,NA,NA,NA,NA,NA,NA,NA,NA,NA,NA,NA,NA,NA,NA,NA,NA
"AND_A01",2013,"8/22/2013","P04","B01","unknown","UKN00","#NAME?",3,60,"CVL1999+BRN2009",89,"inga branco","Inga thibaudiana","Fabaceae","O",4,"P04_B01_050x050m","T01_P04_U0089z",2294.573367,2294.573367,10,-46.82895269,-2.551916139,296629.0473,9717767.301,42,36,22.06183441,4,3.6,1.3,1.7,NA,1,"C",11,0,0,1,0.578,40.2,"035-055",1269.234848,581.5656087,214.4131798,32.13573657,6.301999292,0.357,2.012337746,FALSE,17.43,23.52,2,"chartreuse",0.810765732,0,0.000435811,0.000435811,0,1,2013-08-22,"P04_B01_050x050m",-46.82895269,-2.551916139,NA,NA,NA,NA,NA,NA,NA,NA,NA,NA,NA,NA,NA,NA,NA,NA,NA,NA,NA,NA,NA,NA,NA,NA,NA,NA,NA,NA,NA,NA,NA,NA,NA,NA,NA,NA,NA,NA,NA,NA,NA,NA,NA,NA,NA,NA,NA,NA,NA,NA,NA,NA,NA
"AND_A01",2013,"8/22/2013","P04","B01","unknown","UKN00","#NAME?",3,60,"CVL1999+BRN2009",90,"pintadinho","Poeppigia procera","Fabaceae","O",4,"P04_B01_050x050m","T01_P04_U0090z",2294.573367,2294.573367,10,-46.82895269,-2.551916139,296638.2066,9717776.8,30,30,12.51139274,2.7,1.3,3.2,1.4,NA,1,"C",10,0,0,1,0.69,35.3,"035-055",978.6767974,490.2651776,180.7522902,27.68551637,6.131221924,0.357,1.421058486,FALSE,15.82,21.45,3,"chartreuse4",0.743896892,0,0.000435811,0.000435811,0,1,2013-08-22,"P04_B01_050x050m",-46.82895269,-2.551916139,NA,NA,NA,NA,NA,NA,NA,NA,NA,NA,NA,NA,NA,NA,NA,NA,NA,NA,NA,NA,NA,NA,NA,NA,NA,NA,NA,NA,NA,NA,NA,NA,NA,NA,NA,NA,NA,NA,NA,NA,NA,NA,NA,NA,NA,NA,NA,NA,NA,NA,NA,NA,NA
"AND_A01",2013,"8/22/2013","P04","B01","unknown","UKN00","#NAME?",3,60,"CVL1999+BRN2009",91,"matamata branco","Eschweilera coriacea","Lecythidaceae","O",4,"P04_B01_050x050m","T01_P04_U0091z",2294.573367,2294.573367,10,-46.82895269,-2.551916139,296632.5337,9717779.54,35,25,26.41294024,3.5,3.1,2.2,2.8,NA,1,"C",10,0,0,1,0.852,40.3,"035-055",1275.557303,795.6634827,293.3473624,40.37606605,6.615451836,0.357,1.867754654,FALSE,13.32,21.89,4,"#004E00",0.812130402,0,0.000435811,0.000435811,0,1,2013-08-22,"P04_B01_050x050m",-46.82895269,-2.551916139,NA,NA,NA,NA,NA,NA,NA,NA,NA,NA,NA,NA,NA,NA,NA,NA,NA,NA,NA,NA,NA,NA,NA,NA,NA,NA,NA,NA,NA,NA,NA,NA,NA,NA,NA,NA,NA,NA,NA,NA,NA,NA,NA,NA,NA,NA,NA,NA,NA,NA,NA,NA,NA
"AND_A01",2013,"8/22/2013","P04","B01","unknown","UKN00","#NAME?",3,60,"CVL1999+BRN2009",92,"seringarana","Micrandra minor","Euphorbiaceae","O",4,"P04_B01_050x050m","T01_P04_U0092z",2294.573367,2294.573367,10,-46.82895269,-2.551916139,296613.8167,9717794.183,49,2,40.68362486,3.4,4.2,4,2.8,NA,1,"E",10,0,0,1,0.41,56.6,"055-Inf",2516.07014,1820.196674,671.0750272,97.34719101,7.442975337,0.357,8.879008164,FALSE,37.68,53.84,2,"chartreuse",1.034571645,0,0.000435811,0.000435811,1,1,2013-08-22,"P04_B01_050x050m",-46.82895269,-2.551916139,NA,NA,NA,NA,NA,NA,NA,NA,NA,NA,NA,NA,NA,NA,NA,NA,NA,NA,NA,NA,NA,NA,NA,NA,NA,NA,NA,NA,NA,NA,NA,NA,NA,NA,NA,NA,NA,NA,NA,NA,NA,NA,NA,NA,NA,NA,NA,NA,NA,NA,NA,NA,NA
"AND_A01",2013,"8/22/2013","P04","B01","unknown","UKN00","#NAME?",3,60,"CVL1999+BRN2009",93,"seringarana","Micrandra minor","Euphorbiaceae","O",4,"P04_B01_050x050m","T01_P04_U0093z",2294.573367,2294.573367,10,-46.82895269,-2.551916139,296615.2831,9717792.89,48,4,30.06504169,3.4,2.3,3.2,3.5,NA,1,"C",10,0,0,1,0.41,45.9,"035-055",1654.684705,1042.9243,384.5081484,58.2401508,6.886059373,0.357,5.087435608,FALSE,36.85,46.27,2,"chartreuse",0.888551933,0,0.000435811,0.000435811,0,1,2013-08-22,"P04_B01_050x050m",-46.82895269,-2.551916139,NA,NA,NA,NA,NA,NA,NA,NA,NA,NA,NA,NA,NA,NA,NA,NA,NA,NA,NA,NA,NA,NA,NA,NA,NA,NA,NA,NA,NA,NA,NA,NA,NA,NA,NA,NA,NA,NA,NA,NA,NA,NA,NA,NA,NA,NA,NA,NA,NA,NA,NA,NA,NA
"AND_A01",2013,"8/22/2013","P04","B01","unknown","UKN00","#NAME?",3,60,"CVL1999+BRN2009",94,"abiurana branca","Pouteria guianensis","Sapotaceae","O",4,"P04_B01_050x050m","T01_P04_U0094z",2294.573367,2294.573367,10,-46.82895269,-2.551916139,296618.4993,9717796.343,44,2,38.28816047,5.7,1.2,1.8,5.3,NA,2,"C",10,0,0,1,0.929,42.3,"035-055",1405.30508,1879.356204,692.8861225,70.678307,7.474960052,0.357,4.045976757,FALSE,31.05,43.96,4,"#004E00",0.839423806,0,0.000435811,0.000435811,0,1,2013-08-22,"P04_B01_050x050m",-46.82895269,-2.551916139,NA,NA,NA,NA,NA,NA,NA,NA,NA,NA,NA,NA,NA,NA,NA,NA,NA,NA,NA,NA,NA,NA,NA,NA,NA,NA,NA,NA,NA,NA,NA,NA,NA,NA,NA,NA,NA,NA,NA,NA,NA,NA,NA,NA,NA,NA,NA,NA,NA,NA,NA,NA,NA
"AND_A01",2013,"8/22/2013","P04","B01","unknown","UKN00","#NAME?",3,60,"CVL1999+BRN2009",95,"axixa","Sterculia pruriens","Malvaceae","O",4,"P04_B01_050x050m","T01_P04_U0095z",2294.573367,2294.573367,10,-46.82895269,-2.551916139,296622.3209,9717797.806,40,2.3,42.81205389,6.2,2.2,0.7,5.7,NA,1,"C",10,0,0,1,0.486,49,"035-055",1885.74099,1075.555654,396.5387643,55.4446804,6.916868195,0.357,4.426154955,FALSE,28.98,35.35,2,"chartreuse",0.93085671,0,0.000435811,0.000435811,0,1,2013-08-22,"P04_B01_050x050m",-46.82895269,-2.551916139,NA,NA,NA,NA,NA,NA,NA,NA,NA,NA,NA,NA,NA,NA,NA,NA,NA,NA,NA,NA,NA,NA,NA,NA,NA,NA,NA,NA,NA,NA,NA,NA,NA,NA,NA,NA,NA,NA,NA,NA,NA,NA,NA,NA,NA,NA,NA,NA,NA,NA,NA,NA,NA
"AND_A01",2013,"8/22/2013","P04","B01","unknown","UKN00","#NAME?",3,60,"CVL1999+BRN2009",96,"andiroba","Carapa guianensis","Meliaceae","O",4,"P04_B01_050x050m","T01_P04_U0096z",2294.573367,2294.573367,10,-46.82895269,-2.551916139,296651.3557,9717806.177,10,7,46.36990757,2.6,1.7,5.6,5.5,NA,1,"C",10,0,0,1,0.53,49.4,"035-055",1916.654262,925.4408537,341.1940342,48.04784243,6.766545723,0.357,3.492229637,FALSE,16.1,27.34,2,"chartreuse",0.93631539,0,0.000435811,0.000435811,0,1,2013-08-22,"P04_B01_050x050m",-46.82895269,-2.551916139,NA,NA,NA,NA,NA,NA,NA,NA,NA,NA,NA,NA,NA,NA,NA,NA,NA,NA,NA,NA,NA,NA,NA,NA,NA,NA,NA,NA,NA,NA,NA,NA,NA,NA,NA,NA,NA,NA,NA,NA,NA,NA,NA,NA,NA,NA,NA,NA,NA,NA,NA,NA,NA
"AND_A01",2013,"8/24/2013","P05","B01","unknown","UKN00","#NAME?",3,60,"CVL1999+BRN2009",1,"maravuvuia","Croton matourensis","Euphorbiaceae","O",5,"P05_B01_050x050m","T02_P01_U0001z",232.8640474,2329.406803,10,-46.83223556,-2.548941659,296294.6458,9718129.517,1,15.9,22.81581665,0.6,1.7,7.7,1.8,NA,2,"S",10,0,0,1,0.388,17.5,"010-020",240.5281875,48.58098805,17.91096992,4.770969127,3.819507762,0.357,0.250417464,FALSE,9.1,14.53,2,"chartreuse",0.500985595,0,0.004294351,0.004294351,0,1,2013-08-24,"P05_B01_050x050m",-46.83223556,-2.548941659,NA,NA,NA,NA,NA,NA,NA,NA,NA,NA,NA,NA,NA,NA,NA,NA,NA,NA,NA,NA,NA,NA,NA,NA,NA,NA,NA,NA,NA,NA,NA,NA,NA,NA,NA,NA,NA,NA,NA,NA,NA,NA,NA,NA,NA,NA,NA,NA,NA,NA,NA,NA,NA
"AND_A01",2013,"8/24/2013","P05","B01","unknown","UKN00","#NAME?",3,60,"CVL1999+BRN2009",2,"mamui","Jacaratia spinosa","Caricaceae","O",5,"P05_B01_050x050m","T02_P01_U0002z",232.8640474,2329.406803,10,-46.83223556,-2.548941659,296296.6226,9718124.891,1,21.2,13.43030859,2,1.8,1,3.9,NA,2,"S",10,0,0,1,0.42,24.7,"020-035",479.1635655,106.2998848,39.19092871,8.913889864,4.602539701,0.357,0.506189928,FALSE,7.56,15.03,2,"chartreuse",0.59924185,0,0.004294351,0.004294351,0,1,2013-08-24,"P05_B01_050x050m",-46.83223556,-2.548941659,NA,NA,NA,NA,NA,NA,NA,NA,NA,NA,NA,NA,NA,NA,NA,NA,NA,NA,NA,NA,NA,NA,NA,NA,NA,NA,NA,NA,NA,NA,NA,NA,NA,NA,NA,NA,NA,NA,NA,NA,NA,NA,NA,NA,NA,NA,NA,NA,NA,NA,NA,NA,NA
"AND_A01",2013,"8/24/2013","P05","B01","unknown","UKN00","#NAME?",3,60,"CVL1999+BRN2009",3,"muuba","Bellucia grossularioides","Melastomataceae","O",5,"P05_B01_050x050m","T02_P01_U0003z",232.8640474,2329.406803,10,-46.83223556,-2.548941659,296293.9406,9718122.179,4.6,22.6,45.80442089,3,4,4.2,4.1,NA,2,"S",10,0,0,1,0.598,18.3,"010-020",263.0219909,107.4280028,39.60684629,8.425134451,4.613096381,0.357,0.359290979,FALSE,11.48,19.44,2,"chartreuse",0.511902957,0,0.004294351,0.004294351,0,1,2013-08-24,"P05_B01_050x050m",-46.83223556,-2.548941659,NA,NA,NA,NA,NA,NA,NA,NA,NA,NA,NA,NA,NA,NA,NA,NA,NA,NA,NA,NA,NA,NA,NA,NA,NA,NA,NA,NA,NA,NA,NA,NA,NA,NA,NA,NA,NA,NA,NA,NA,NA,NA,NA,NA,NA,NA,NA,NA,NA,NA,NA,NA,NA
"AND_A01",2013,"8/24/2013","P05","B01","unknown","UKN00","#NAME?",3,60,"CVL1999+BRN2009",4,"jatereu","Lecythis idatimon","Lecythidaceae","O",5,"P05_B01_050x050m","T02_P01_U0004z",232.8640474,2329.406803,10,-46.83223556,-2.548941659,296295.6925,9718118.076,4.6,27.3,14.85187927,1.7,6,1.4,0.1,NA,2,"S",10,0,0,1,0.799,18.3,"010-020",263.0219909,124.1911807,45.78714002,9.976074159,4.758097658,0.357,0.310866535,FALSE,10.53,16.88,3,"chartreuse4",0.511902957,0,0.004294351,0.004294351,0,1,2013-08-24,"P05_B01_050x050m",-46.83223556,-2.548941659,NA,NA,NA,NA,NA,NA,NA,NA,NA,NA,NA,NA,NA,NA,NA,NA,NA,NA,NA,NA,NA,NA,NA,NA,NA,NA,NA,NA,NA,NA,NA,NA,NA,NA,NA,NA,NA,NA,NA,NA,NA,NA,NA,NA,NA,NA,NA,NA,NA,NA,NA,NA,NA
"AND_A01",2013,"8/24/2013","P05","B01","unknown","UKN00","#NAME?",3,60,"CVL1999+BRN2009",5,"matamata branco","Eschweilera coriacea","Lecythidaceae","O",5,"P05_B01_050x050m","T02_P01_U0005z",2329.406803,2329.406803,10,-46.83223556,-2.548941659,296298.7863,9718110.83,4.6,35.6,42.88273972,3,4.4,4,3.4,NA,2,"C",10,0,0,1,0.852,43.2,"035-055",1465.741468,1006.206965,370.9711021,47.75770228,6.85021856,0.357,2.36198818,FALSE,14.76,24.23,4,"#004E00",0.851705838,0,0.000429294,0.000429294,0,1,2013-08-24,"P05_B01_050x050m",-46.83223556,-2.548941659,NA,NA,NA,NA,NA,NA,NA,NA,NA,NA,NA,NA,NA,NA,NA,NA,NA,NA,NA,NA,NA,NA,NA,NA,NA,NA,NA,NA,NA,NA,NA,NA,NA,NA,NA,NA,NA,NA,NA,NA,NA,NA,NA,NA,NA,NA,NA,NA,NA,NA,NA,NA,NA
"AND_A01",2013,"8/24/2013","P05","B01","unknown","UKN00","#NAME?",3,60,"CVL1999+BRN2009",6,"burangica","Galipea trifoliata","Rutaceae","O",5,"P05_B01_050x050m","T02_P01_U0006z",232.8640474,2329.406803,10,-46.83223556,-2.548941659,296299.5918,9718108.693,4.7,38,10.3044239,1.8,1.3,2.3,1.9,NA,2,"S",11,0,0,1,0.997,10.4,"010-020",84.94866535,30.56762773,11.26975558,4.083566461,3.356217032,0.357,0.061319213,FALSE,6.01,9.96,4,"#004E00",0.404094011,0,0.004294351,0.004294351,0,1,2013-08-24,"P05_B01_050x050m",-46.83223556,-2.548941659,NA,NA,NA,NA,NA,NA,NA,NA,NA,NA,NA,NA,NA,NA,NA,NA,NA,NA,NA,NA,NA,NA,NA,NA,NA,NA,NA,NA,NA,NA,NA,NA,NA,NA,NA,NA,NA,NA,NA,NA,NA,NA,NA,NA,NA,NA,NA,NA,NA,NA,NA,NA,NA
"AND_A01",2013,"8/24/2013","P05","B01","unknown","UKN00","#NAME?",3,60,"CVL1999+BRN2009",7,"andiroba","Carapa guianensis","Meliaceae","O",5,"P05_B01_050x050m","T02_P01_U0007z",2329.406803,2329.406803,10,-46.83223556,-2.548941659,296300.7765,9718106.419,4.5,40.7,42.63926629,4,5.1,2.1,3.8,NA,2,"S",10,0,0,1,0.53,41.2,"035-055",1333.166258,679.9222299,250.6755646,36.54038769,6.458253924,0.357,2.565744264,FALSE,18.54,28.66,2,"chartreuse",0.824412434,0,0.000429294,0.000429294,0,1,2013-08-24,"P05_B01_050x050m",-46.83223556,-2.548941659,NA,NA,NA,NA,NA,NA,NA,NA,NA,NA,NA,NA,NA,NA,NA,NA,NA,NA,NA,NA,NA,NA,NA,NA,NA,NA,NA,NA,NA,NA,NA,NA,NA,NA,NA,NA,NA,NA,NA,NA,NA,NA,NA,NA,NA,NA,NA,NA,NA,NA,NA,NA,NA
"AND_A01",2013,"8/24/2013","P05","B01","unknown","UKN00","#NAME?",3,60,"CVL1999+BRN2009",8,"inga vermelho","Inga alba","Fabaceae","O",5,"P05_B01_050x050m","T02_P01_U0008z",232.8640474,2329.406803,10,-46.83223556,-2.548941659,296305.7586,9718104.762,0.5,44.5,54.19247327,5.2,7.8,2.3,1.4,NA,2,"C",10,0,0,1,0.586,14.2,"010-020",158.3676857,64.96635215,23.95197023,5.657850966,4.110144977,0.357,0.221728164,FALSE,8.93,19.68,2,"chartreuse",0.455951478,0,0.004294351,0.004294351,0,1,2013-08-24,"P05_B01_050x050m",-46.83223556,-2.548941659,NA,NA,NA,NA,NA,NA,NA,NA,NA,NA,NA,NA,NA,NA,NA,NA,NA,NA,NA,NA,NA,NA,NA,NA,NA,NA,NA,NA,NA,NA,NA,NA,NA,NA,NA,NA,NA,NA,NA,NA,NA,NA,NA,NA,NA,NA,NA,NA,NA,NA,NA,NA,NA
"AND_A01",2013,"8/24/2013","P05","B01","unknown","UKN00","#NAME?",3,60,"CVL1999+BRN2009",9,"cucutitiriba","Pouteria na","Sapotaceae","O",5,"P05_B01_050x050m","T02_P01_U0009z",232.8640474,2329.406803,10,-46.83223556,-2.548941659,296304.0893,9718102.415,3,46,20.3967903,2.2,3.3,2.7,2,NA,2,"S",11,0,0,1,0.753148148,12.3,"010-020",118.8228881,52.91828755,19.51005722,5.175623271,3.90502448,0.357,0.140525573,FALSE,11.16,16.54,3,"chartreuse4",0.430022745,0,0.004294351,0.004294351,0,1,2013-08-24,"P05_B01_050x050m",-46.83223556,-2.548941659,NA,NA,NA,NA,NA,NA,NA,NA,NA,NA,NA,NA,NA,NA,NA,NA,NA,NA,NA,NA,NA,NA,NA,NA,NA,NA,NA,NA,NA,NA,NA,NA,NA,NA,NA,NA,NA,NA,NA,NA,NA,NA,NA,NA,NA,NA,NA,NA,NA,NA,NA,NA,NA
"AND_A01",2013,"8/24/2013","P05","B01","unknown","UKN00","#NAME?",3,60,"CVL1999+BRN2009",10,"marupa","Simarouba amara","Simaroubaceae","O",5,"P05_B01_050x050m","T02_P01_U0010z",2329.406803,2329.406803,10,-46.83223556,-2.548941659,296277.9372,9718111.175,24,26,27.09623664,2.8,4,4.1,1,NA,1,"E",10,0,0,1,0.383,46.4,"035-055",1690.93083,669.545875,246.8499821,41.61930104,6.442875184,0.357,3.496323107,FALSE,25.51,30.78,2,"chartreuse",0.895375284,0,0.000429294,0.000429294,0,1,2013-08-24,"P05_B01_050x050m",-46.83223556,-2.548941659,NA,NA,NA,NA,NA,NA,NA,NA,NA,NA,NA,NA,NA,NA,NA,NA,NA,NA,NA,NA,NA,NA,NA,NA,NA,NA,NA,NA,NA,NA,NA,NA,NA,NA,NA,NA,NA,NA,NA,NA,NA,NA,NA,NA,NA,NA,NA,NA,NA,NA,NA,NA,NA
"AND_A01",2013,"8/24/2013","P05","B01","unknown","UKN00","#NAME?",3,60,"CVL1999+BRN2009",11,"andiroba","Carapa guianensis","Meliaceae","O",5,"P05_B01_050x050m","T02_P01_U0011z",2329.406803,2329.406803,10,-46.83223556,-2.548941659,296276.1567,9718110.347,26,26,71.53406472,3.9,5.1,6,4.1,NA,1,"E",10,0,0,1,0.53,60,"055-Inf",2827.433388,1361.214057,501.856076,67.4011417,7.152407769,0.357,5.136656819,FALSE,10.46,27.52,2,"chartreuse",1.080970432,0,0.000429294,0.000429294,1,1,2013-08-24,"P05_B01_050x050m",-46.83223556,-2.548941659,NA,NA,NA,NA,NA,NA,NA,NA,NA,NA,NA,NA,NA,NA,NA,NA,NA,NA,NA,NA,NA,NA,NA,NA,NA,NA,NA,NA,NA,NA,NA,NA,NA,NA,NA,NA,NA,NA,NA,NA,NA,NA,NA,NA,NA,NA,NA,NA,NA,NA,NA,NA,NA
"AND_A01",2013,"8/24/2013","P05","B01","unknown","UKN00","#NAME?",3,60,"CVL1999+BRN2009",12,"cajuacu","Anacardium spruceanum","Anacardiaceae","O",5,"P05_B01_050x050m","T02_P01_U0012z",2329.406803,2329.406803,10,-46.83223556,-2.548941659,296259.9883,9718113.294,40,16,48.5376065,7.2,2,3.1,4,NA,1,"E",10,0,0,1,0.479,57.2,"055-Inf",2569.697127,1024.064632,377.5549151,55.3746079,6.86781042,0.357,4.275843974,FALSE,14.9,25.03,2,"chartreuse",1.042759666,0,0.000429294,0.000429294,1,1,2013-08-24,"P05_B01_050x050m",-46.83223556,-2.548941659,NA,NA,NA,NA,NA,NA,NA,NA,NA,NA,NA,NA,NA,NA,NA,NA,NA,NA,NA,NA,NA,NA,NA,NA,NA,NA,NA,NA,NA,NA,NA,NA,NA,NA,NA,NA,NA,NA,NA,NA,NA,NA,NA,NA,NA,NA,NA,NA,NA,NA,NA,NA,NA
"AND_A01",2013,"8/24/2013","P05","B01","unknown","UKN00","#NAME?",3,60,"CVL1999+BRN2009",13,"matamata branco","Eschweilera coriacea","Lecythidaceae","O",5,"P05_B01_050x050m","T02_P01_U0013z",2329.406803,2329.406803,10,-46.83223556,-2.548941659,296281.0473,9718118.902,18,20,42.81205389,2.1,1.9,4.8,6,NA,1,"C",10,0,0,1,0.852,41,"035-055",1320.254313,834.2355722,307.5682246,41.81116562,6.662791323,0.357,1.958299465,FALSE,12.28,22.2,4,"#004E00",0.821683093,0,0.000429294,0.000429294,0,1,2013-08-24,"P05_B01_050x050m",-46.83223556,-2.548941659,NA,NA,NA,NA,NA,NA,NA,NA,NA,NA,NA,NA,NA,NA,NA,NA,NA,NA,NA,NA,NA,NA,NA,NA,NA,NA,NA,NA,NA,NA,NA,NA,NA,NA,NA,NA,NA,NA,NA,NA,NA,NA,NA,NA,NA,NA,NA,NA,NA,NA,NA,NA,NA
"AND_A01",2013,"8/24/2013","P05","B01","unknown","UKN00","#NAME?",3,60,"CVL1999+BRN2009",14,"fava branca","Parkia paraensis","Fabaceae","O",5,"P05_B01_050x050m","T02_P01_U0014z",2329.406803,2329.406803,10,-46.83223556,-2.548941659,296276.5026,9718134.579,16,3,75.43749359,5.7,3,5.6,5.5,NA,1,"C",10,0,0,1,0.415,54,"035-055",2290.221044,821.0963554,302.7240226,48.63247523,6.646915966,0.357,3.957090869,FALSE,12.07,25.85,2,"chartreuse",0.99909022,0,0.000429294,0.000429294,0,1,2013-08-24,"P05_B01_050x050m",-46.83223556,-2.548941659,NA,NA,NA,NA,NA,NA,NA,NA,NA,NA,NA,NA,NA,NA,NA,NA,NA,NA,NA,NA,NA,NA,NA,NA,NA,NA,NA,NA,NA,NA,NA,NA,NA,NA,NA,NA,NA,NA,NA,NA,NA,NA,NA,NA,NA,NA,NA,NA,NA,NA,NA,NA,NA
"AND_A01",2013,"8/24/2013","P06","B01","unknown","UKN00","#NAME?",3,60,"CVL1999+BRN2009",15,NA,NA,NA,"O",6,"P06_B01_050x050m","T02_P02_U0015z",232.4393917,2330.383518,10,-46.83172677,-2.550193969,296346.2354,9718004.301,0.3,0.8,24.19026343,3.8,3,1.8,2.5,NA,2,"C",3,0,0,1,0.648484417,10.6,"010-020",88.24733764,19.58189079,7.219504401,2.711677446,2.9108807,0.357,0.060392787,FALSE,7.36,9.34,3,"chartreuse4",0.406823351,0,0.004302197,0.004302197,0,1,2013-08-24,"P06_B01_050x050m",-46.83172677,-2.550193969,NA,NA,NA,NA,NA,NA,NA,NA,NA,NA,NA,NA,NA,NA,NA,NA,NA,NA,NA,NA,NA,NA,NA,NA,NA,NA,NA,NA,NA,NA,NA,NA,NA,NA,NA,NA,NA,NA,NA,NA,NA,NA,NA,NA,NA,NA,NA,NA,NA,NA,NA,NA,NA
"AND_A01",2013,"8/24/2013","P06","B01","unknown","UKN00","#NAME?",3,60,"CVL1999+BRN2009",16,"fava branca","Parkia paraensis","Fabaceae","O",6,"P06_B01_050x050m","T02_P02_U0016z",232.4393917,2330.383518,10,-46.83172677,-2.550193969,296342.4495,9718002.664,4.5,0.9,3.675663405,1,2,0.8,0.6,NA,2,"S",10,0,0,1,0.415,15.7,"010-020",193.5927933,47.37770867,17.46734163,4.548484541,3.794427337,0.357,0.228326307,FALSE,15.34,16.45,2,"chartreuse",0.476421531,0,0.004302197,0.004302197,0,1,2013-08-24,"P06_B01_050x050m",-46.83172677,-2.550193969,NA,NA,NA,NA,NA,NA,NA,NA,NA,NA,NA,NA,NA,NA,NA,NA,NA,NA,NA,NA,NA,NA,NA,NA,NA,NA,NA,NA,NA,NA,NA,NA,NA,NA,NA,NA,NA,NA,NA,NA,NA,NA,NA,NA,NA,NA,NA,NA,NA,NA,NA,NA,NA
"AND_A01",2013,"8/24/2013","P06","B01","unknown","UKN00","#NAME?",3,60,"CVL1999+BRN2009",17,"embauba branca","Cecropia palmata","Urticaceae","O",6,"P06_B01_050x050m","T02_P02_U0017z",232.4393917,2330.383518,10,-46.83172677,-2.550193969,296346.7776,9718003.258,0.2,2,5.599888905,1.3,2.1,1,1,NA,1,"E",11,0,0,1,0.339857143,11.5,"010-020",103.8689071,19.07506758,7.032647449,2.254786698,2.88465762,0.357,0.112253445,FALSE,10.77,14.74,2,"chartreuse",0.419105383,0,0.004302197,0.004302197,0,1,2013-08-24,"P06_B01_050x050m",-46.83172677,-2.550193969,NA,NA,NA,NA,NA,NA,NA,NA,NA,NA,NA,NA,NA,NA,NA,NA,NA,NA,NA,NA,NA,NA,NA,NA,NA,NA,NA,NA,NA,NA,NA,NA,NA,NA,NA,NA,NA,NA,NA,NA,NA,NA,NA,NA,NA,NA,NA,NA,NA,NA,NA,NA,NA
"AND_A01",2013,"8/24/2013","P06","B01","unknown","UKN00","#NAME?",3,60,"CVL1999+BRN2009",18,"embauba branca","Cecropia palmata","Urticaceae","O",6,"P06_B01_050x050m","T02_P02_U0018z",232.4393917,2330.383518,10,-46.83172677,-2.550193969,296346.8904,9718002.988,0.2,2.3,16.25774198,1.8,2.8,2.7,1.8,NA,1,"E",11,0,0,1,0.339857143,14.7,"010-020",169.7166891,27.26895127,10.05359062,3.079944649,3.242024239,0.357,0.160473021,FALSE,9.02,13.01,2,"chartreuse",0.462774829,0,0.004302197,0.004302197,0,1,2013-08-24,"P06_B01_050x050m",-46.83172677,-2.550193969,NA,NA,NA,NA,NA,NA,NA,NA,NA,NA,NA,NA,NA,NA,NA,NA,NA,NA,NA,NA,NA,NA,NA,NA,NA,NA,NA,NA,NA,NA,NA,NA,NA,NA,NA,NA,NA,NA,NA,NA,NA,NA,NA,NA,NA,NA,NA,NA,NA,NA,NA,NA,NA
"AND_A01",2013,"8/24/2013","P06","B01","unknown","UKN00","#NAME?",3,60,"CVL1999+BRN2009",19,"breu barrote","Tetragastris panamensis","Burseraceae","O",6,"P06_B01_050x050m","T02_P02_U0019z",2330.383518,2330.383518,10,-46.83172677,-2.550193969,296344.2187,9718000.748,3.6,3.4,42.9769875,3.8,5.4,3.4,2.2,NA,1,"C",10,0,0,1,0.717,40,"035-055",1256.637061,721.6586636,266.0630657,37.03604636,6.517827762,0.357,2.012994877,FALSE,19.41,23.89,3,"chartreuse4",0.808036391,0,0.000429114,0.000429114,0,1,2013-08-24,"P06_B01_050x050m",-46.83172677,-2.550193969,NA,NA,NA,NA,NA,NA,NA,NA,NA,NA,NA,NA,NA,NA,NA,NA,NA,NA,NA,NA,NA,NA,NA,NA,NA,NA,NA,NA,NA,NA,NA,NA,NA,NA,NA,NA,NA,NA,NA,NA,NA,NA,NA,NA,NA,NA,NA,NA,NA,NA,NA,NA,NA
"AND_A01",2013,"8/24/2013","P06","B01","unknown","UKN00","#NAME?",3,60,"CVL1999+BRN2009",20,"matamata branco","Eschweilera coriacea","Lecythidaceae","O",6,"P06_B01_050x050m","T02_P02_U0020z",2330.383518,2330.383518,10,-46.83172677,-2.550193969,296348.5449,9717999.028,0.2,6.7,43.00054945,4.3,3,3,4.5,NA,1,"C",10,0,0,1,0.852,37,"035-055",1075.210086,617.8400407,227.7869354,33.63720447,6.36250509,0.357,1.450328734,FALSE,16.85,20.04,4,"#004E00",0.767096285,0,0.000429114,0.000429114,0,1,2013-08-24,"P06_B01_050x050m",-46.83172677,-2.550193969,NA,NA,NA,NA,NA,NA,NA,NA,NA,NA,NA,NA,NA,NA,NA,NA,NA,NA,NA,NA,NA,NA,NA,NA,NA,NA,NA,NA,NA,NA,NA,NA,NA,NA,NA,NA,NA,NA,NA,NA,NA,NA,NA,NA,NA,NA,NA,NA,NA,NA,NA,NA,NA
"AND_A01",2013,"8/24/2013","P06","B01","unknown","UKN00","#NAME?",3,60,"CVL1999+BRN2009",21,"tento","Ormosia grossa","Fabaceae","O",6,"P06_B01_050x050m","T02_P02_U0021z",232.4393917,2330.383518,10,-46.83172677,-2.550193969,296348.5088,9717996.592,1.2,9,13.28893692,3.4,1.9,1.3,1.7,NA,2,"S",11,0,0,1,0.605055556,10.3,"010-020",83.32289115,34.26722708,12.63373386,3.491785541,3.470464919,0.357,0.113269688,FALSE,14.32,18.81,2,"chartreuse",0.40272934,0,0.004302197,0.004302197,0,1,2013-08-24,"P06_B01_050x050m",-46.83172677,-2.550193969,NA,NA,NA,NA,NA,NA,NA,NA,NA,NA,NA,NA,NA,NA,NA,NA,NA,NA,NA,NA,NA,NA,NA,NA,NA,NA,NA,NA,NA,NA,NA,NA,NA,NA,NA,NA,NA,NA,NA,NA,NA,NA,NA,NA,NA,NA,NA,NA,NA,NA,NA,NA,NA
"AND_A01",2013,"8/24/2013","P06","B01","unknown","UKN00","#NAME?",3,60,"CVL1999+BRN2009",22,"marupa","Simarouba amara","Simaroubaceae","O",6,"P06_B01_050x050m","T02_P02_U0022z",232.4393917,2330.383518,10,-46.83172677,-2.550193969,296347.1065,9717993.917,3.6,11,25.39192262,1.3,3.5,4.8,1.8,NA,2,"C",10,0,0,1,0.383,22.5,"020-035",397.6078202,56.05157296,20.66524535,5.714518463,3.962547713,0.357,0.292697509,FALSE,8.11,10.31,2,"chartreuse",0.569219105,0,0.004302197,0.004302197,0,1,2013-08-24,"P06_B01_050x050m",-46.83172677,-2.550193969,NA,NA,NA,NA,NA,NA,NA,NA,NA,NA,NA,NA,NA,NA,NA,NA,NA,NA,NA,NA,NA,NA,NA,NA,NA,NA,NA,NA,NA,NA,NA,NA,NA,NA,NA,NA,NA,NA,NA,NA,NA,NA,NA,NA,NA,NA,NA,NA,NA,NA,NA,NA,NA
"AND_A01",2013,"8/24/2013","P06","B01","unknown","UKN00","#NAME?",3,60,"CVL1999+BRN2009",23,"embauba branca","Cecropia palmata","Urticaceae","O",6,"P06_B01_050x050m","T02_P02_U0023z",232.4393917,2330.383518,10,-46.83172677,-2.550193969,296347.7324,9717989.958,4.6,15,36.83517386,1,4.2,6,2.5,NA,1,"E",11,0,0,1,0.339857143,27,"020-035",572.5552611,159.0502108,58.6390614,12.47391918,5.005495443,0.357,0.935982745,FALSE,15.53,23.49,2,"chartreuse",0.630629265,0,0.004302197,0.004302197,0,1,2013-08-24,"P06_B01_050x050m",-46.83172677,-2.550193969,NA,NA,NA,NA,NA,NA,NA,NA,NA,NA,NA,NA,NA,NA,NA,NA,NA,NA,NA,NA,NA,NA,NA,NA,NA,NA,NA,NA,NA,NA,NA,NA,NA,NA,NA,NA,NA,NA,NA,NA,NA,NA,NA,NA,NA,NA,NA,NA,NA,NA,NA,NA,NA
"AND_A01",2013,"8/24/2013","P06","B01","unknown","UKN00","#NAME?",3,60,"CVL1999+BRN2009",24,"parapara","Jacaranda copaia","Bignoniaceae","O",6,"P06_B01_050x050m","T02_P02_U0024z",232.4393917,2330.383518,10,-46.83172677,-2.550193969,296352.7048,9717988.82,0.3,18,16.27486107,2.276060011,2.276060011,2.276060011,2.276060011,NA,1,"E",10,1,0,1,0.351,16.1,"010-020",203.5830579,57.46612882,21.18676763,5.165231105,3.98747121,0.357,0.327442329,FALSE,13.38,22.54,2,"chartreuse",0.481880212,0,0.004302197,0.004302197,0,1,2013-08-24,"P06_B01_050x050m",-46.83172677,-2.550193969,NA,NA,NA,NA,NA,NA,NA,NA,NA,NA,NA,NA,NA,NA,NA,NA,NA,NA,NA,NA,NA,NA,NA,NA,NA,NA,NA,NA,NA,NA,NA,NA,NA,NA,NA,NA,NA,NA,NA,NA,NA,NA,NA,NA,NA,NA,NA,NA,NA,NA,NA,NA,NA
"AND_A01",2013,"8/24/2013","P06","B01","unknown","UKN00","#NAME?",3,60,"CVL1999+BRN2009",25,NA,NA,NA,"O",6,"P06_B01_050x050m","T02_P02_U0025z",232.4393917,2330.383518,10,-46.83172677,-2.550193969,296352.046,9717982.231,3.6,24,19.63495408,3,2.5,2,2.5,NA,2,"S",3,0,0,1,0.648484417,12.1,"010-020",114.9901451,51.3831351,18.94407307,4.784869064,3.875585508,0.357,0.158471457,FALSE,15.83,19.26,3,"chartreuse4",0.427293404,0,0.004302197,0.004302197,0,1,2013-08-24,"P06_B01_050x050m",-46.83172677,-2.550193969,NA,NA,NA,NA,NA,NA,NA,NA,NA,NA,NA,NA,NA,NA,NA,NA,NA,NA,NA,NA,NA,NA,NA,NA,NA,NA,NA,NA,NA,NA,NA,NA,NA,NA,NA,NA,NA,NA,NA,NA,NA,NA,NA,NA,NA,NA,NA,NA,NA,NA,NA,NA,NA
"AND_A01",2013,"8/24/2013","P06","B01","unknown","UKN00","#NAME?",3,60,"CVL1999+BRN2009",26,"embauba branca","Cecropia palmata","Urticaceae","O",6,"P06_B01_050x050m","T02_P02_U0026z",232.4393917,2330.383518,10,-46.83172677,-2.550193969,296357.7356,9717975.07,1,33,7.20995514,0.7,1.6,2,1.8,NA,1,"E",11,0,0,1,0.339857143,14.7,"010-020",169.7166891,40.86181125,15.06504296,3.993214945,3.646471416,0.357,0.240464631,FALSE,16.96,19.69,2,"chartreuse",0.462774829,0,0.004302197,0.004302197,0,1,2013-08-24,"P06_B01_050x050m",-46.83172677,-2.550193969,NA,NA,NA,NA,NA,NA,NA,NA,NA,NA,NA,NA,NA,NA,NA,NA,NA,NA,NA,NA,NA,NA,NA,NA,NA,NA,NA,NA,NA,NA,NA,NA,NA,NA,NA,NA,NA,NA,NA,NA,NA,NA,NA,NA,NA,NA,NA,NA,NA,NA,NA,NA,NA
"AND_A01",2013,"8/24/2013","P06","B01","unknown","UKN00","#NAME?",3,60,"CVL1999+BRN2009",27,"embauba branca","Cecropia palmata","Urticaceae","O",6,"P06_B01_050x050m","T02_P02_U0027z",232.4393917,2330.383518,10,-46.83172677,-2.550193969,296357.967,9717973.056,1.6,35,31.14103718,2.7,3,3.4,3.5,NA,1,"E",11,0,0,1,0.339857143,22.9,"020-035",411.8706509,101.7891584,37.52790192,8.589179882,4.5591791,0.357,0.599011441,FALSE,16.04,20.67,2,"chartreuse",0.574677786,0,0.004302197,0.004302197,0,1,2013-08-24,"P06_B01_050x050m",-46.83172677,-2.550193969,NA,NA,NA,NA,NA,NA,NA,NA,NA,NA,NA,NA,NA,NA,NA,NA,NA,NA,NA,NA,NA,NA,NA,NA,NA,NA,NA,NA,NA,NA,NA,NA,NA,NA,NA,NA,NA,NA,NA,NA,NA,NA,NA,NA,NA,NA,NA,NA,NA,NA,NA,NA,NA
"AND_A01",2013,"8/24/2013","P06","B01","unknown","UKN00","#NAME?",3,60,"CVL1999+BRN2009",28,"embauba branca","Cecropia palmata","Urticaceae","O",6,"P06_B01_050x050m","T02_P02_U0028z",232.4393917,2330.383518,10,-46.83172677,-2.550193969,296356.2257,9717972.343,3.6,35,10.99557429,0.6,3.5,2.9,0.5,NA,2,"E",11,0,0,1,0.339857143,10.4,"010-020",84.94866535,20.61995594,7.602221065,2.278984984,2.962534842,0.357,0.121344844,FALSE,14.51,19.52,2,"chartreuse",0.404094011,0,0.004302197,0.004302197,0,1,2013-08-24,"P06_B01_050x050m",-46.83172677,-2.550193969,NA,NA,NA,NA,NA,NA,NA,NA,NA,NA,NA,NA,NA,NA,NA,NA,NA,NA,NA,NA,NA,NA,NA,NA,NA,NA,NA,NA,NA,NA,NA,NA,NA,NA,NA,NA,NA,NA,NA,NA,NA,NA,NA,NA,NA,NA,NA,NA,NA,NA,NA,NA,NA
"AND_A01",2013,"8/24/2013","P06","B01","unknown","UKN00","#NAME?",3,60,"CVL1999+BRN2009",29,"embauba toren","Cecropia engleriana","Urticaceae","O",6,"P06_B01_050x050m","T02_P02_U0029z",232.4393917,2330.383518,10,-46.83172677,-2.550193969,296356.3397,9717972.074,3.6,35.3,4.178318229,1.2,0.2,1.6,1.7,NA,1,"E",10,0,0,1,0.49,10.5,"010-020",86.59014751,34.5959098,12.75491349,3.323142636,3.480010961,0.357,0.141207795,FALSE,12.53,22.57,2,"chartreuse",0.405458681,0,0.004302197,0.004302197,0,1,2013-08-24,"P06_B01_050x050m",-46.83172677,-2.550193969,NA,NA,NA,NA,NA,NA,NA,NA,NA,NA,NA,NA,NA,NA,NA,NA,NA,NA,NA,NA,NA,NA,NA,NA,NA,NA,NA,NA,NA,NA,NA,NA,NA,NA,NA,NA,NA,NA,NA,NA,NA,NA,NA,NA,NA,NA,NA,NA,NA,NA,NA,NA,NA
"AND_A01",2013,"8/24/2013","P06","B01","unknown","UKN00","#NAME?",3,60,"CVL1999+BRN2009",30,"morta",NA,NA,"O",6,"P06_B01_050x050m","T02_P02_U0030z",232.4393917,2330.383518,10,-46.83172677,-2.550193969,296360.69,9717969.955,0.2,39,0.031415927,0.1,0.1,0.1,0.1,3,NA,NA,0,1,0,1,0.587,30,"020-035",706.8583471,183.2121027,67.54713299,14.25530243,5.146920013,0.357,0.624232036,TRUE,NA,10.58,2,"chartreuse",0.671569371,0.004302197,0,0.004302197,0,1,2013-08-24,"P06_B01_050x050m",-46.83172677,-2.550193969,NA,NA,NA,NA,NA,NA,NA,NA,NA,NA,NA,NA,NA,NA,NA,NA,NA,NA,NA,NA,NA,NA,NA,NA,NA,NA,NA,NA,NA,NA,NA,NA,NA,NA,NA,NA,NA,NA,NA,NA,NA,NA,NA,NA,NA,NA,NA,NA,NA,NA,NA,NA,NA
"AND_A01",2013,"8/24/2013","P06","B01","unknown","UKN00","#NAME?",3,60,"CVL1999+BRN2009",31,"inga branco","Inga thibaudiana","Fabaceae","O",6,"P06_B01_050x050m","T02_P02_U0031z",232.4393917,2330.383518,10,-46.83172677,-2.550193969,296361.3029,9717968.73,0.1,40.4,26.64855968,2.3,1,6.4,2.9,NA,2,"S",11,0,0,1,0.578,14,"010-020",153.93804,51.28540765,18.90804265,4.908930649,3.873681761,0.357,0.177458158,FALSE,10.19,16.11,2,"chartreuse",0.453222138,0,0.004302197,0.004302197,0,1,2013-08-24,"P06_B01_050x050m",-46.83172677,-2.550193969,NA,NA,NA,NA,NA,NA,NA,NA,NA,NA,NA,NA,NA,NA,NA,NA,NA,NA,NA,NA,NA,NA,NA,NA,NA,NA,NA,NA,NA,NA,NA,NA,NA,NA,NA,NA,NA,NA,NA,NA,NA,NA,NA,NA,NA,NA,NA,NA,NA,NA,NA,NA,NA
"AND_A01",2013,"8/24/2013","P06","B01","unknown","UKN00","#NAME?",3,60,"CVL1999+BRN2009",32,"embauba branca","Cecropia palmata","Urticaceae","O",6,"P06_B01_050x050m","T02_P02_U0032z",232.4393917,2330.383518,10,-46.83172677,-2.550193969,296363.8109,9717962.484,0.2,47.3,11.8438043,2.5,1.9,2.7,1,NA,2,"S",11,0,0,1,0.339857143,22.9,"020-035",411.8706509,38.13875316,14.06109855,4.471580414,3.577506408,0.357,0.224439909,FALSE,6.22,7.56,2,"chartreuse",0.574677786,0,0.004302197,0.004302197,0,1,2013-08-24,"P06_B01_050x050m",-46.83172677,-2.550193969,NA,NA,NA,NA,NA,NA,NA,NA,NA,NA,NA,NA,NA,NA,NA,NA,NA,NA,NA,NA,NA,NA,NA,NA,NA,NA,NA,NA,NA,NA,NA,NA,NA,NA,NA,NA,NA,NA,NA,NA,NA,NA,NA,NA,NA,NA,NA,NA,NA,NA,NA,NA,NA
"AND_A01",2013,"8/24/2013","P06","B01","unknown","UKN00","#NAME?",3,60,"CVL1999+BRN2009",33,"andiroba","Carapa guianensis","Meliaceae","O",6,"P06_B01_050x050m","T02_P02_U0033z",2330.383518,2330.383518,10,-46.83172677,-2.550193969,296335.7899,9717975.601,22,24,67.85840132,4.2,3.2,7.8,4,NA,1,"E",10,0,0,1,0.53,53.2,"035-055",2222.865298,1221.180483,450.2281197,60.3455137,7.043848779,0.357,4.608228239,FALSE,17.84,31.32,2,"chartreuse",0.988172858,0,0.000429114,0.000429114,0,1,2013-08-24,"P06_B01_050x050m",-46.83172677,-2.550193969,NA,NA,NA,NA,NA,NA,NA,NA,NA,NA,NA,NA,NA,NA,NA,NA,NA,NA,NA,NA,NA,NA,NA,NA,NA,NA,NA,NA,NA,NA,NA,NA,NA,NA,NA,NA,NA,NA,NA,NA,NA,NA,NA,NA,NA,NA,NA,NA,NA,NA,NA,NA,NA
"AND_A01",2013,"8/24/2013","P06","B01","unknown","UKN00","#NAME?",3,60,"CVL1999+BRN2009",34,"andiroba","Carapa guianensis","Meliaceae","O",6,"P06_B01_050x050m","T02_P02_U0034z",2330.383518,2330.383518,10,-46.83172677,-2.550193969,296338.9318,9717966.321,23,34,31.0467894,4.7,2.9,2,3,NA,1,"E",10,0,0,1,0.53,43.4,"035-055",1479.344565,571.0644568,210.5415868,32.73421009,6.283777587,0.357,2.154960214,FALSE,14.89,21.6,2,"chartreuse",0.854435178,0,0.000429114,0.000429114,0,1,2013-08-24,"P06_B01_050x050m",-46.83172677,-2.550193969,NA,NA,NA,NA,NA,NA,NA,NA,NA,NA,NA,NA,NA,NA,NA,NA,NA,NA,NA,NA,NA,NA,NA,NA,NA,NA,NA,NA,NA,NA,NA,NA,NA,NA,NA,NA,NA,NA,NA,NA,NA,NA,NA,NA,NA,NA,NA,NA,NA,NA,NA,NA,NA
"AND_A01",2013,"8/24/2013","P06","B01","unknown","UKN00","#NAME?",3,60,"CVL1999+BRN2009",35,"breu barrote","Tetragastris panamensis","Burseraceae","O",6,"P06_B01_050x050m","T02_P02_U0035z",2330.383518,2330.383518,10,-46.83172677,-2.550193969,296335.6901,9717968.905,25,30.3,45.71017311,5.4,3.3,4.3,2.7,NA,2,"C",10,0,0,1,0.717,38.7,"035-055",1176.282975,801.8068889,295.61233,39.15812136,6.623143292,0.357,2.23656036,FALSE,19.67,28.43,3,"chartreuse4",0.790295679,0,0.000429114,0.000429114,0,1,2013-08-24,"P06_B01_050x050m",-46.83172677,-2.550193969,NA,NA,NA,NA,NA,NA,NA,NA,NA,NA,NA,NA,NA,NA,NA,NA,NA,NA,NA,NA,NA,NA,NA,NA,NA,NA,NA,NA,NA,NA,NA,NA,NA,NA,NA,NA,NA,NA,NA,NA,NA,NA,NA,NA,NA,NA,NA,NA,NA,NA,NA,NA,NA
"AND_A01",2013,"8/24/2013","P06","B01","unknown","UKN00","#NAME?",3,60,"CVL1999+BRN2009",36,"breu barrote","Tetragastris panamensis","Burseraceae","O",6,"P06_B01_050x050m","T02_P02_U0036z",2330.383518,2330.383518,10,-46.83172677,-2.550193969,296327.0276,9717945.56,44,49,88.46724913,7,5.8,5.8,3,NA,1,"E",10,0,0,1,0.717,45.5,"035-055",1625.970548,828.1552373,305.3265103,42.31577554,6.655476121,0.357,2.31005645,FALSE,13.15,21.26,3,"chartreuse4",0.883093252,0,0.000429114,0.000429114,0,1,2013-08-24,"P06_B01_050x050m",-46.83172677,-2.550193969,NA,NA,NA,NA,NA,NA,NA,NA,NA,NA,NA,NA,NA,NA,NA,NA,NA,NA,NA,NA,NA,NA,NA,NA,NA,NA,NA,NA,NA,NA,NA,NA,NA,NA,NA,NA,NA,NA,NA,NA,NA,NA,NA,NA,NA,NA,NA,NA,NA,NA,NA,NA,NA
"AND_A01",2013,"8/24/2013","P06","B01","unknown","UKN00","#NAME?",3,60,"CVL1999+BRN2009",37,"andiroba","Carapa guianensis","Meliaceae","O",6,"P06_B01_050x050m","T02_P02_U0037z",2330.383518,2330.383518,10,-46.83172677,-2.550193969,296318.4277,9717952.631,49,39,31.66725395,1.6,3.2,4,4,NA,2,"C",10,0,0,1,0.53,52,"035-055",2123.716634,1390.249104,512.5607958,66.46322111,7.173513722,0.357,5.246223035,FALSE,30.44,37.44,2,"chartreuse",0.971796816,0,0.000429114,0.000429114,0,1,2013-08-24,"P06_B01_050x050m",-46.83172677,-2.550193969,NA,NA,NA,NA,NA,NA,NA,NA,NA,NA,NA,NA,NA,NA,NA,NA,NA,NA,NA,NA,NA,NA,NA,NA,NA,NA,NA,NA,NA,NA,NA,NA,NA,NA,NA,NA,NA,NA,NA,NA,NA,NA,NA,NA,NA,NA,NA,NA,NA,NA,NA,NA,NA
"AND_A01",2013,"8/24/2013","P06","B01","unknown","UKN00","#NAME?",3,60,"CVL1999+BRN2009",38,"breu barrote","Tetragastris panamensis","Burseraceae","O",6,"P06_B01_050x050m","T02_P02_U0038z",2330.383518,2330.383518,10,-46.83172677,-2.550193969,296335.9607,9717979.894,20,20,54.16891133,7.8,3.2,4.3,2.5,NA,2,"C",10,0,0,1,0.717,37.6,"035-055",1110.364507,689.1518839,254.0783784,35.18282971,6.471737188,0.357,1.922320457,FALSE,24.93,25.79,3,"chartreuse4",0.775284306,0,0.000429114,0.000429114,0,1,2013-08-24,"P06_B01_050x050m",-46.83172677,-2.550193969,NA,NA,NA,NA,NA,NA,NA,NA,NA,NA,NA,NA,NA,NA,NA,NA,NA,NA,NA,NA,NA,NA,NA,NA,NA,NA,NA,NA,NA,NA,NA,NA,NA,NA,NA,NA,NA,NA,NA,NA,NA,NA,NA,NA,NA,NA,NA,NA,NA,NA,NA,NA,NA
"AND_A01",2013,"8/24/2013","P06","B01","unknown","UKN00","#NAME?",3,60,"CVL1999+BRN2009",39,"axixa","Sterculia pruriens","Malvaceae","O",6,"P06_B01_050x050m","T02_P02_U0039z",2330.383518,2330.383518,10,-46.83172677,-2.550193969,296335.3885,9717976.494,22,23,30.58340448,4.5,3.4,2.1,2.5,NA,2,"C",10,0,0,1,0.486,45.1,"035-055",1597.507718,797.9133583,294.1768526,43.10368842,6.618275518,0.357,3.283594067,FALSE,25.16,30.73,2,"chartreuse",0.877634572,0,0.000429114,0.000429114,0,1,2013-08-24,"P06_B01_050x050m",-46.83172677,-2.550193969,NA,NA,NA,NA,NA,NA,NA,NA,NA,NA,NA,NA,NA,NA,NA,NA,NA,NA,NA,NA,NA,NA,NA,NA,NA,NA,NA,NA,NA,NA,NA,NA,NA,NA,NA,NA,NA,NA,NA,NA,NA,NA,NA,NA,NA,NA,NA,NA,NA,NA,NA,NA,NA
"AND_A01",2013,"8/24/2013","P06","B01","unknown","UKN00","#NAME?",3,60,"CVL1999+BRN2009",40,"matamata branco","Eschweilera coriacea","Lecythidaceae","O",6,"P06_B01_050x050m","T02_P02_U0040z",2330.383518,2330.383518,10,-46.83172677,-2.550193969,296336.9435,9717982.405,18,18,50.73672136,4.4,2.5,5.1,4.3,NA,2,"C",10,0,0,1,0.852,43.3,"035-055",1472.535163,1159.108871,427.3433901,52.13547849,6.991682274,0.357,2.720912843,FALSE,20.18,27.88,4,"#004E00",0.853070508,0,0.000429114,0.000429114,0,1,2013-08-24,"P06_B01_050x050m",-46.83172677,-2.550193969,NA,NA,NA,NA,NA,NA,NA,NA,NA,NA,NA,NA,NA,NA,NA,NA,NA,NA,NA,NA,NA,NA,NA,NA,NA,NA,NA,NA,NA,NA,NA,NA,NA,NA,NA,NA,NA,NA,NA,NA,NA,NA,NA,NA,NA,NA,NA,NA,NA,NA,NA,NA,NA
"AND_A01",2013,"8/24/2013","P06","B01","unknown","UKN00","#NAME?",3,60,"CVL1999+BRN2009",41,"mamui","Jacaratia spinosa","Caricaceae","O",6,"P06_B01_050x050m","T02_P02_U0041z",2330.383518,2330.383518,10,-46.83172677,-2.550193969,296336.8992,9717952.797,31,46,0.636172512,0.5,0.4,0.4,0.5,NA,2,"C",10,0,0,1,0.42,36.7,"035-055",1057.844932,252.0646208,92.93186537,18.08647708,5.465960986,0.357,1.200307718,FALSE,15.59,16.49,2,"chartreuse",0.763002274,0,0.000429114,0.000429114,0,1,2013-08-24,"P06_B01_050x050m",-46.83172677,-2.550193969,NA,NA,NA,NA,NA,NA,NA,NA,NA,NA,NA,NA,NA,NA,NA,NA,NA,NA,NA,NA,NA,NA,NA,NA,NA,NA,NA,NA,NA,NA,NA,NA,NA,NA,NA,NA,NA,NA,NA,NA,NA,NA,NA,NA,NA,NA,NA,NA,NA,NA,NA,NA,NA
"AND_A01",2013,"8/24/2013","P07","B01","unknown","UKN00","#NAME?",3,60,"CVL1999+BRN2009",42,"sucuuba","Himatanthus sucuuba","Apocynaceae","O",7,"P07_B01_050x050m","T02_P03_U0042z",218.4314028,2229.269771,10,-46.83121802,-2.551394925,296411.0481,9717851.286,1,23,7.422012644,1.1,1.7,1.6,1.8,NA,2,"S",10,0,0,1,0.462,14,"010-020",153.93804,31.99789315,11.7970697,3.531326931,3.401945562,0.357,0.138519018,FALSE,7.94,12.43,2,"chartreuse",0.453222138,0,0.004578096,0.004578096,0,1,2013-08-24,"P07_B01_050x050m",-46.83121802,-2.551394925,NA,NA,NA,NA,NA,NA,NA,NA,NA,NA,NA,NA,NA,NA,NA,NA,NA,NA,NA,NA,NA,NA,NA,NA,NA,NA,NA,NA,NA,NA,NA,NA,NA,NA,NA,NA,NA,NA,NA,NA,NA,NA,NA,NA,NA,NA,NA,NA,NA,NA,NA,NA,NA
"AND_A01",2013,"8/24/2013","P07","B01","unknown","UKN00","#NAME?",3,60,"CVL1999+BRN2009",44,"matamata branco","Eschweilera coriacea","Lecythidaceae","O",7,"P07_B01_050x050m","T02_P03_U0044z",218.4314028,2229.269771,10,-46.83121802,-2.551394925,296411.0459,9717852.934,0.2,21.3,6.87223393,2.3,1.2,1.2,1.3,NA,1,"S",10,0,0,1,0.852,11,"010-020",95.03317777,34.832329,12.84207716,4.17021406,3.48682145,0.357,0.081766031,FALSE,7.85,11.91,4,"#004E00",0.412282032,0,0.004578096,0.004578096,0,1,2013-08-24,"P07_B01_050x050m",-46.83121802,-2.551394925,NA,NA,NA,NA,NA,NA,NA,NA,NA,NA,NA,NA,NA,NA,NA,NA,NA,NA,NA,NA,NA,NA,NA,NA,NA,NA,NA,NA,NA,NA,NA,NA,NA,NA,NA,NA,NA,NA,NA,NA,NA,NA,NA,NA,NA,NA,NA,NA,NA,NA,NA,NA,NA
"AND_A01",2013,"8/24/2013","P07","B01","unknown","UKN00","#NAME?",3,60,"CVL1999+BRN2009",45,"cucutitiriba","Pouteria na","Sapotaceae","O",7,"P07_B01_050x050m","T02_P03_U0045z",218.4314028,2229.269771,10,-46.83121802,-2.551394925,296410.4806,9717846.201,4,28,13.07687942,1.7,1.7,2.8,2,NA,2,"S",11,0,0,1,0.753148148,17.3,"010-020",235.0618163,75.66260977,27.89549538,7.312574039,4.262559612,0.357,0.200923576,FALSE,8.29,12.06,3,"chartreuse4",0.498256255,0,0.004578096,0.004578096,0,1,2013-08-24,"P07_B01_050x050m",-46.83121802,-2.551394925,NA,NA,NA,NA,NA,NA,NA,NA,NA,NA,NA,NA,NA,NA,NA,NA,NA,NA,NA,NA,NA,NA,NA,NA,NA,NA,NA,NA,NA,NA,NA,NA,NA,NA,NA,NA,NA,NA,NA,NA,NA,NA,NA,NA,NA,NA,NA,NA,NA,NA,NA,NA,NA
"AND_A01",2013,"8/24/2013","P07","B01","unknown","UKN00","#NAME?",3,60,"CVL1999+BRN2009",46,"macucu","Licania guianensis","Chrysobalanaceae","O",7,"P07_B01_050x050m","T02_P03_U0046z",218.4314028,2229.269771,10,-46.83121802,-2.551394925,296413.9544,9717846.579,0.6,29,15.55088364,1.6,3.8,2.8,0.7,NA,2,"S",11,0,0,1,0.823482759,12.6,"010-020",124.6898124,44.35334998,16.3523129,4.958016028,3.728463741,0.357,0.107721381,FALSE,9.14,12.03,4,"#004E00",0.434116755,0,0.004578096,0.004578096,0,1,2013-08-24,"P07_B01_050x050m",-46.83121802,-2.551394925,NA,NA,NA,NA,NA,NA,NA,NA,NA,NA,NA,NA,NA,NA,NA,NA,NA,NA,NA,NA,NA,NA,NA,NA,NA,NA,NA,NA,NA,NA,NA,NA,NA,NA,NA,NA,NA,NA,NA,NA,NA,NA,NA,NA,NA,NA,NA,NA,NA,NA,NA,NA,NA
"AND_A01",2013,"8/24/2013","P07","B01","unknown","UKN00","#NAME?",3,60,"CVL1999+BRN2009",47,"acai","Euterpe oleracea","Arecaceae","P",7,"P07_B01_050x050m","T02_P03_U0047z",218.4314028,2229.269771,10,-46.83121802,-2.551394925,296413.8624,9717842.644,2.6,33,12.53495469,2,2,1.8,2.2,NA,2,"S",10,0,0,1,0.39,12.2,"010-020",116.8986626,18.29122151,11.75544847,0.082409449,2.733549246,0.588,0.093801136,FALSE,14.31,17.95,2,"chartreuse",0.428658074,0,0.004578096,0.004578096,0,1,2013-08-24,"P07_B01_050x050m",-46.83121802,-2.551394925,NA,NA,NA,NA,NA,NA,NA,NA,NA,NA,NA,NA,NA,NA,NA,NA,NA,NA,NA,NA,NA,NA,NA,NA,NA,NA,NA,NA,NA,NA,NA,NA,NA,NA,NA,NA,NA,NA,NA,NA,NA,NA,NA,NA,NA,NA,NA,NA,NA,NA,NA,NA,NA
"AND_A01",2013,"8/24/2013","P07","B01","unknown","UKN00","#NAME?",3,60,"CVL1999+BRN2009",48,"acai","Euterpe oleracea","Arecaceae","P",7,"P07_B01_050x050m","T02_P03_U0048z",218.4314028,2229.269771,10,-46.83121802,-2.551394925,296413.0352,9717841.341,4,34,13.07687942,1.6,2.2,2.1,2.3,NA,2,"S",10,0,0,1,0.39,12.8,"010-020",128.6796351,20.87109073,13.41348534,0.089625029,2.865492983,0.588,0.107031235,FALSE,13.37,15.93,2,"chartreuse",0.436846096,0,0.004578096,0.004578096,0,1,2013-08-24,"P07_B01_050x050m",-46.83121802,-2.551394925,NA,NA,NA,NA,NA,NA,NA,NA,NA,NA,NA,NA,NA,NA,NA,NA,NA,NA,NA,NA,NA,NA,NA,NA,NA,NA,NA,NA,NA,NA,NA,NA,NA,NA,NA,NA,NA,NA,NA,NA,NA,NA,NA,NA,NA,NA,NA,NA,NA,NA,NA,NA,NA
"AND_A01",2013,"8/24/2013","P07","B01","unknown","UKN00","#NAME?",3,60,"CVL1999+BRN2009",49,"axixa","Sterculia pruriens","Malvaceae","O",7,"P07_B01_050x050m","T02_P03_U0049z",218.4314028,2229.269771,10,-46.83121802,-2.551394925,296415.0032,9717842.118,1.8,34,7.288494956,3.5,1.3,2.3,0.3,NA,2,"S",10,0,0,1,0.486,11.4,"010-020",102.0703453,18.57930488,6.849868318,2.433388557,2.85832382,0.357,0.076458045,FALSE,8.92,10.21,2,"chartreuse",0.417740713,0,0.004578096,0.004578096,0,1,2013-08-24,"P07_B01_050x050m",-46.83121802,-2.551394925,NA,NA,NA,NA,NA,NA,NA,NA,NA,NA,NA,NA,NA,NA,NA,NA,NA,NA,NA,NA,NA,NA,NA,NA,NA,NA,NA,NA,NA,NA,NA,NA,NA,NA,NA,NA,NA,NA,NA,NA,NA,NA,NA,NA,NA,NA,NA,NA,NA,NA,NA,NA,NA
"AND_A01",2013,"8/24/2013","P07","B01","unknown","UKN00","#NAME?",3,60,"CVL1999+BRN2009",50,"casca seca","Licania canescens","Chrysobalanaceae","O",7,"P07_B01_050x050m","T02_P03_U0050z",218.4314028,2229.269771,10,-46.83121802,-2.551394925,296417.2235,9717834.195,3.6,43,7.555530332,1,1,1.6,2.7,NA,2,"S",10,0,0,1,0.88,12.7,"010-020",126.6768698,66.46136994,24.50315743,6.300706515,4.132896376,0.357,0.151048568,FALSE,13.37,16.77,4,"#004E00",0.435481425,0,0.004578096,0.004578096,0,1,2013-08-24,"P07_B01_050x050m",-46.83121802,-2.551394925,NA,NA,NA,NA,NA,NA,NA,NA,NA,NA,NA,NA,NA,NA,NA,NA,NA,NA,NA,NA,NA,NA,NA,NA,NA,NA,NA,NA,NA,NA,NA,NA,NA,NA,NA,NA,NA,NA,NA,NA,NA,NA,NA,NA,NA,NA,NA,NA,NA,NA,NA,NA,NA
"AND_A01",2013,"8/24/2013","P07","B01","unknown","UKN00","#NAME?",3,60,"CVL1999+BRN2009",51,"abiurana","Pouteria gongrijpii","Sapotaceae","O",7,"P07_B01_050x050m","T02_P03_U0051z",218.4314028,2229.269771,10,-46.83121802,-2.551394925,296419.9323,9717832.741,1.8,45.6,25.5725642,3.4,1.9,4,2.5,NA,2,"C",10,0,0,1,0.799,22.1,"020-035",383.596317,265.0857985,97.73254835,16.44638633,5.516329041,0.357,0.663543926,FALSE,20.88,25.17,3,"chartreuse4",0.563760425,0,0.004578096,0.004578096,0,1,2013-08-24,"P07_B01_050x050m",-46.83121802,-2.551394925,NA,NA,NA,NA,NA,NA,NA,NA,NA,NA,NA,NA,NA,NA,NA,NA,NA,NA,NA,NA,NA,NA,NA,NA,NA,NA,NA,NA,NA,NA,NA,NA,NA,NA,NA,NA,NA,NA,NA,NA,NA,NA,NA,NA,NA,NA,NA,NA,NA,NA,NA,NA,NA
"AND_A01",2013,"8/24/2013","P07","B01","unknown","UKN00","#NAME?",3,60,"CVL1999+BRN2009",52,"morta",NA,NA,"O",7,"P07_B01_050x050m","T02_P03_U0052z",2229.269771,2229.269771,10,-46.83121802,-2.551394925,296419.0343,9717831.983,3,46,0.031415927,0.1,0.1,0.1,0.1,1,NA,NA,0,1,0,1,0.629,53,"035-055",2206.183441,1096.078448,404.1051636,53.3760977,6.935769542,0.357,3.4851461,TRUE,NA,21.54,3,"chartreuse4",0.985443518,0.000448577,0,0.000448577,0,1,2013-08-24,"P07_B01_050x050m",-46.83121802,-2.551394925,NA,NA,NA,NA,NA,NA,NA,NA,NA,NA,NA,NA,NA,NA,NA,NA,NA,NA,NA,NA,NA,NA,NA,NA,NA,NA,NA,NA,NA,NA,NA,NA,NA,NA,NA,NA,NA,NA,NA,NA,NA,NA,NA,NA,NA,NA,NA,NA,NA,NA,NA,NA,NA
"AND_A01",2013,"8/24/2013","P07","B01","unknown","UKN00","#NAME?",3,60,"CVL1999+BRN2009",53,"arataciu","Sagotia racemosa","Euphorbiaceae","O",7,"P07_B01_050x050m","T02_P03_U0053z",218.4314028,2229.269771,10,-46.83121802,-2.551394925,296419.8155,9717831.319,2.6,47,23.37344934,2.6,2.5,3.6,2.3,NA,2,"S",10,0,0,1,0.58,11.6,"010-020",105.6831769,25.98046312,9.578547333,3.130463957,3.193620337,0.357,0.089587804,FALSE,9.02,11.65,2,"chartreuse",0.420470053,0,0.004578096,0.004578096,0,1,2013-08-24,"P07_B01_050x050m",-46.83121802,-2.551394925,NA,NA,NA,NA,NA,NA,NA,NA,NA,NA,NA,NA,NA,NA,NA,NA,NA,NA,NA,NA,NA,NA,NA,NA,NA,NA,NA,NA,NA,NA,NA,NA,NA,NA,NA,NA,NA,NA,NA,NA,NA,NA,NA,NA,NA,NA,NA,NA,NA,NA,NA,NA,NA
"AND_A01",2013,"8/24/2013","P07","B01","unknown","UKN00","#NAME?",3,60,"CVL1999+BRN2009",54,"timborana","Pseudopiptadenia suaveolens","Fabaceae","O",7,"P07_B01_050x050m","T02_P03_U0054z",2229.269771,2229.269771,10,-46.83121802,-2.551394925,296405.4849,9717824.876,19,47.6,8.780751467,0.6,2,2,2.3,NA,1,"E",10,0,0,1,0.68,49.4,"035-055",1916.654262,787.8797321,290.4776282,42.06257558,6.605620954,0.357,2.31729333,FALSE,12.25,18.07,3,"chartreuse4",0.93631539,0,0.000448577,0.000448577,0,1,2013-08-24,"P07_B01_050x050m",-46.83121802,-2.551394925,NA,NA,NA,NA,NA,NA,NA,NA,NA,NA,NA,NA,NA,NA,NA,NA,NA,NA,NA,NA,NA,NA,NA,NA,NA,NA,NA,NA,NA,NA,NA,NA,NA,NA,NA,NA,NA,NA,NA,NA,NA,NA,NA,NA,NA,NA,NA,NA,NA,NA,NA,NA,NA
"AND_A01",2013,"8/24/2013","P08","B01","unknown","UKN00","#NAME?",3,60,"CVL1999+BRN2009",55,"ucuuba vermelha","Virola elongata","Myristicaceae","O",8,"P08_B01_050x050m","T02_P04_U0055z",231.6879906,2376.234931,10,-46.83068506,-2.552617734,296459.3875,9717733.699,4,1.3,32.65685563,4.2,3.7,1.2,4,NA,1,"S",10,0,0,1,0.523,26.2,"020-035",539.1287153,249.3799686,91.94208056,15.92821455,5.455253212,0.357,0.953651888,FALSE,19.09,25.7,2,"chartreuse",0.619711903,0,0.004316149,0.004316149,0,1,2013-08-24,"P08_B01_050x050m",-46.83068506,-2.552617734,NA,NA,NA,NA,NA,NA,NA,NA,NA,NA,NA,NA,NA,NA,NA,NA,NA,NA,NA,NA,NA,NA,NA,NA,NA,NA,NA,NA,NA,NA,NA,NA,NA,NA,NA,NA,NA,NA,NA,NA,NA,NA,NA,NA,NA,NA,NA,NA,NA,NA,NA,NA,NA
"AND_A01",2013,"8/24/2013","P08","B01","unknown","UKN00","#NAME?",3,60,"CVL1999+BRN2009",56,"arataciu","Sagotia racemosa","Euphorbiaceae","O",8,"P08_B01_050x050m","T02_P04_U0056z",231.6879906,2376.234931,10,-46.83068506,-2.552617734,296463.8562,9717727.014,2.8,9.7,16.3362818,2.5,1.8,2.7,2.2,NA,2,"S",10,0,0,1,0.58,14,"010-020",153.93804,51.89501006,19.13279251,4.946388913,3.88549814,0.357,0.178948311,FALSE,11.13,16.25,2,"chartreuse",0.453222138,0,0.004316149,0.004316149,0,1,2013-08-24,"P08_B01_050x050m",-46.83068506,-2.552617734,NA,NA,NA,NA,NA,NA,NA,NA,NA,NA,NA,NA,NA,NA,NA,NA,NA,NA,NA,NA,NA,NA,NA,NA,NA,NA,NA,NA,NA,NA,NA,NA,NA,NA,NA,NA,NA,NA,NA,NA,NA,NA,NA,NA,NA,NA,NA,NA,NA,NA,NA,NA,NA
"AND_A01",2013,"8/24/2013","P08","B01","unknown","UKN00","#NAME?",3,60,"CVL1999+BRN2009",57,"mapatirana","Pourouma minor","Urticaceae","O",8,"P08_B01_050x050m","T02_P04_U0057z",2376.234931,2376.234931,10,-46.83068506,-2.552617734,296460.4137,9717726.899,6,8.5,55.81824747,3.4,5.5,3.5,4.8,NA,2,"C",10,0,0,1,0.436,36,"035-055",1017.87602,466.6651576,172.0513711,28.09171358,6.081887493,0.357,2.14066586,FALSE,23.86,31.03,2,"chartreuse",0.753449583,0,0.000420834,0.000420834,0,1,2013-08-24,"P08_B01_050x050m",-46.83068506,-2.552617734,NA,NA,NA,NA,NA,NA,NA,NA,NA,NA,NA,NA,NA,NA,NA,NA,NA,NA,NA,NA,NA,NA,NA,NA,NA,NA,NA,NA,NA,NA,NA,NA,NA,NA,NA,NA,NA,NA,NA,NA,NA,NA,NA,NA,NA,NA,NA,NA,NA,NA,NA,NA,NA
"AND_A01",2013,"8/24/2013","P08","B01","unknown","UKN00","#NAME?",3,60,"CVL1999+BRN2009",58,"acariquara","Minquartia guianensis","Olacaceae","O",8,"P08_B01_050x050m","T02_P04_U0058z",2376.234931,2376.234931,10,-46.83068506,-2.552617734,296459.0427,9717725.172,8,9.7,40.41658949,3.2,3,3,5.3,NA,2,"C",10,0,0,1,0.787,50.2,"035-055",1979.234788,1316.760112,485.4666756,59.22593239,7.119205038,0.357,3.346277286,FALSE,18.22,25.59,3,"chartreuse4",0.947232752,0,0.000420834,0.000420834,0,1,2013-08-24,"P08_B01_050x050m",-46.83068506,-2.552617734,NA,NA,NA,NA,NA,NA,NA,NA,NA,NA,NA,NA,NA,NA,NA,NA,NA,NA,NA,NA,NA,NA,NA,NA,NA,NA,NA,NA,NA,NA,NA,NA,NA,NA,NA,NA,NA,NA,NA,NA,NA,NA,NA,NA,NA,NA,NA,NA,NA,NA,NA,NA,NA
"AND_A01",2013,"8/24/2013","P08","B01","unknown","UKN00","#NAME?",3,60,"CVL1999+BRN2009",59,"fava folha fina","Pseudopiptadenia psilostachya","Fabaceae","O",8,"P08_B01_050x050m","T02_P04_U0059z",2376.234931,2376.234931,10,-46.83068506,-2.552617734,296463.0298,9717724.598,4.6,11.8,162.4753181,10.2,6.1,3.5,9,NA,2,"E",10,0,0,1,0.67,71.5,"055-Inf",4015.151761,3558.168824,1311.835295,136.2045042,8.113276816,0.357,10.62139947,FALSE,26.72,41.03,3,"chartreuse4",1.237907506,0,0.000420834,0.000420834,1,1,2013-08-24,"P08_B01_050x050m",-46.83068506,-2.552617734,NA,NA,NA,NA,NA,NA,NA,NA,NA,NA,NA,NA,NA,NA,NA,NA,NA,NA,NA,NA,NA,NA,NA,NA,NA,NA,NA,NA,NA,NA,NA,NA,NA,NA,NA,NA,NA,NA,NA,NA,NA,NA,NA,NA,NA,NA,NA,NA,NA,NA,NA,NA,NA
"AND_A01",2013,"8/24/2013","P08","B01","unknown","UKN00","#NAME?",3,60,"CVL1999+BRN2009",60,"breu branco","Protium paniculatum","Burseraceae","O",8,"P08_B01_050x050m","T02_P04_U0060z",231.6879906,2376.234931,10,-46.83068506,-2.552617734,296465.3638,9717722.898,3.2,14.4,31.00751949,3.7,1.2,4.7,3.5,NA,2,"S",10,0,0,1,0.49,24.9,"020-035",486.9547153,220.4063034,81.25999138,14.45626588,5.331748177,0.357,0.899617565,FALSE,19.89,26.76,2,"chartreuse",0.60197119,0,0.004316149,0.004316149,0,1,2013-08-24,"P08_B01_050x050m",-46.83068506,-2.552617734,NA,NA,NA,NA,NA,NA,NA,NA,NA,NA,NA,NA,NA,NA,NA,NA,NA,NA,NA,NA,NA,NA,NA,NA,NA,NA,NA,NA,NA,NA,NA,NA,NA,NA,NA,NA,NA,NA,NA,NA,NA,NA,NA,NA,NA,NA,NA,NA,NA,NA,NA,NA,NA
"AND_A01",2013,"8/24/2013","P08","B01","unknown","UKN00","#NAME?",3,60,"CVL1999+BRN2009",61,"mapatirana","Pourouma minor","Urticaceae","O",8,"P08_B01_050x050m","T02_P04_U0061z",231.6879906,2376.234931,10,-46.83068506,-2.552617734,296469.9539,9717717.591,1.3,21.5,66.30331295,8,2.6,5.4,3.7,NA,2,"S",10,0,0,1,0.436,33.6,"020-035",886.6831105,386.8128986,142.6112245,23.95782994,5.89421661,0.357,1.774371094,FALSE,22.52,29.39,2,"chartreuse",0.720697498,0,0.004316149,0.004316149,0,1,2013-08-24,"P08_B01_050x050m",-46.83068506,-2.552617734,NA,NA,NA,NA,NA,NA,NA,NA,NA,NA,NA,NA,NA,NA,NA,NA,NA,NA,NA,NA,NA,NA,NA,NA,NA,NA,NA,NA,NA,NA,NA,NA,NA,NA,NA,NA,NA,NA,NA,NA,NA,NA,NA,NA,NA,NA,NA,NA,NA,NA,NA,NA,NA
"AND_A01",2013,"8/24/2013","P08","B01","unknown","UKN00","#NAME?",3,60,"CVL1999+BRN2009",62,"abiurana","Pouteria gongrijpii","Sapotaceae","O",8,"P08_B01_050x050m","T02_P04_U0062z",231.6879906,2376.234931,10,-46.83068506,-2.552617734,296469.9867,9717715.899,2,23.2,14.39634834,3.3,1.2,1.4,2.7,NA,2,"S",10,0,0,1,0.799,17.4,"010-020",237.787148,68.83615843,25.37870086,7.149459879,4.168004665,0.357,0.172305778,FALSE,7.76,10.2,3,"chartreuse4",0.499620925,0,0.004316149,0.004316149,0,1,2013-08-24,"P08_B01_050x050m",-46.83068506,-2.552617734,NA,NA,NA,NA,NA,NA,NA,NA,NA,NA,NA,NA,NA,NA,NA,NA,NA,NA,NA,NA,NA,NA,NA,NA,NA,NA,NA,NA,NA,NA,NA,NA,NA,NA,NA,NA,NA,NA,NA,NA,NA,NA,NA,NA,NA,NA,NA,NA,NA,NA,NA,NA,NA
"AND_A01",2013,"8/24/2013","P08","B01","unknown","UKN00","#NAME?",3,60,"CVL1999+BRN2009",63,"matamata branco","Eschweilera coriacea","Lecythidaceae","O",8,"P08_B01_050x050m","T02_P04_U0063z",2376.234931,2376.234931,10,-46.83068506,-2.552617734,296462.1721,9717706.884,13,29,66.77455185,7.7,5.2,3.2,2.6,NA,1,"C",10,0,0,1,0.852,70.6,"055-Inf",3914.70719,3369.862362,1242.40996,123.5115349,8.05890268,0.357,7.910475027,FALSE,24.52,31.3,4,"#004E00",1.225625474,0,0.000420834,0.000420834,1,1,2013-08-24,"P08_B01_050x050m",-46.83068506,-2.552617734,NA,NA,NA,NA,NA,NA,NA,NA,NA,NA,NA,NA,NA,NA,NA,NA,NA,NA,NA,NA,NA,NA,NA,NA,NA,NA,NA,NA,NA,NA,NA,NA,NA,NA,NA,NA,NA,NA,NA,NA,NA,NA,NA,NA,NA,NA,NA,NA,NA,NA,NA,NA,NA
"AND_A01",2013,"8/24/2013","P08","B01","unknown","UKN00","#NAME?",3,60,"CVL1999+BRN2009",64,"breu branco","Protium paniculatum","Burseraceae","O",8,"P08_B01_050x050m","T02_P04_U0064z",2376.234931,2376.234931,10,-46.83068506,-2.552617734,296462.1011,9717702.36,15,33.4,85.76547944,8,3.1,4,6,NA,1,"C",10,0,0,1,0.49,41.7,"035-055",1365.721012,728.3309001,268.5230039,39.37578372,6.527030978,0.357,2.972779184,FALSE,24.08,32.47,2,"chartreuse",0.831235785,0,0.000420834,0.000420834,0,1,2013-08-24,"P08_B01_050x050m",-46.83068506,-2.552617734,NA,NA,NA,NA,NA,NA,NA,NA,NA,NA,NA,NA,NA,NA,NA,NA,NA,NA,NA,NA,NA,NA,NA,NA,NA,NA,NA,NA,NA,NA,NA,NA,NA,NA,NA,NA,NA,NA,NA,NA,NA,NA,NA,NA,NA,NA,NA,NA,NA,NA,NA,NA,NA
"AND_A01",2013,"8/24/2013","P08","B01","unknown","UKN00","#NAME?",3,60,"CVL1999+BRN2009",65,"joao-mole","Neea oppositifolia","Nyctaginaceae","O",8,"P08_B01_050x050m","T02_P04_U0065z",2376.234931,2376.234931,10,-46.83068506,-2.552617734,296471.8608,9717709.613,3,30.2,44.67344753,2.3,3.1,5.6,4.1,NA,1,"C",10,0,0,1,0.893,35,"035-055",962.1127502,893.7085664,329.4948887,41.29276317,6.731655234,0.357,2.001586935,FALSE,27.31,31.19,4,"#004E00",0.739802881,0,0.000420834,0.000420834,0,1,2013-08-24,"P08_B01_050x050m",-46.83068506,-2.552617734,NA,NA,NA,NA,NA,NA,NA,NA,NA,NA,NA,NA,NA,NA,NA,NA,NA,NA,NA,NA,NA,NA,NA,NA,NA,NA,NA,NA,NA,NA,NA,NA,NA,NA,NA,NA,NA,NA,NA,NA,NA,NA,NA,NA,NA,NA,NA,NA,NA,NA,NA,NA,NA
"AND_A01",2013,"8/24/2013","P08","B01","unknown","UKN00","#NAME?",3,60,"CVL1999+BRN2009",66,"fava folha fina","Pseudopiptadenia psilostachya","Fabaceae","O",8,"P08_B01_050x050m","T02_P04_U0066z",2376.234931,2376.234931,10,-46.83068506,-2.552617734,296473.8595,9717700.726,5,39.8,205.9235445,9.4,9.4,7.3,6.3,NA,1,"E",10,0,0,1,0.67,82.1,"055-Inf",5293.905635,5068.992755,1868.849944,185.6531814,8.467172909,0.357,15.13132166,FALSE,26.33,44.72,3,"chartreuse4",1.382562547,0,0.000420834,0.000420834,1,1,2013-08-24,"P08_B01_050x050m",-46.83068506,-2.552617734,NA,NA,NA,NA,NA,NA,NA,NA,NA,NA,NA,NA,NA,NA,NA,NA,NA,NA,NA,NA,NA,NA,NA,NA,NA,NA,NA,NA,NA,NA,NA,NA,NA,NA,NA,NA,NA,NA,NA,NA,NA,NA,NA,NA,NA,NA,NA,NA,NA,NA,NA,NA,NA
"AND_A01",2013,"8/24/2013","P08","B01","unknown","UKN00","#NAME?",3,60,"CVL1999+BRN2009",67,"morta",NA,NA,"O",8,"P08_B01_050x050m","T02_P04_U0067z",2376.234931,2376.234931,10,-46.83068506,-2.552617734,296475.6572,9717699.25,4,42,0.031415927,0.1,0.1,0.1,0.1,3,NA,NA,0,1,0,1,0.587,74,"055-Inf",4300.840343,2411.188353,888.963436,106.0189741,7.724150497,0.357,8.215292513,TRUE,NA,27.17,2,"chartreuse",1.272024261,0.000420834,0,0.000420834,1,1,2013-08-24,"P08_B01_050x050m",-46.83068506,-2.552617734,NA,NA,NA,NA,NA,NA,NA,NA,NA,NA,NA,NA,NA,NA,NA,NA,NA,NA,NA,NA,NA,NA,NA,NA,NA,NA,NA,NA,NA,NA,NA,NA,NA,NA,NA,NA,NA,NA,NA,NA,NA,NA,NA,NA,NA,NA,NA,NA,NA,NA,NA,NA,NA
"AND_A01",2013,"8/24/2013","P08","B01","unknown","UKN00","#NAME?",3,60,"CVL1999+BRN2009",68,"andiroba","Carapa guianensis","Meliaceae","O",8,"P08_B01_050x050m","T02_P04_U0068z",2376.234931,2376.234931,10,-46.83068506,-2.552617734,296478.2912,9717698.337,2,44,5.497787144,6.5,0.6,0.5,0.4,NA,2,"C",10,0,0,1,0.53,38.3,"035-055",1152.092712,642.5894596,236.911618,34.39680941,6.401781544,0.357,2.424865885,FALSE,22.55,31.3,2,"chartreuse",0.784836998,0,0.000420834,0.000420834,0,1,2013-08-24,"P08_B01_050x050m",-46.83068506,-2.552617734,NA,NA,NA,NA,NA,NA,NA,NA,NA,NA,NA,NA,NA,NA,NA,NA,NA,NA,NA,NA,NA,NA,NA,NA,NA,NA,NA,NA,NA,NA,NA,NA,NA,NA,NA,NA,NA,NA,NA,NA,NA,NA,NA,NA,NA,NA,NA,NA,NA,NA,NA,NA,NA
"AND_A01",2013,"8/24/2013","P08","B01","unknown","UKN00","#NAME?",3,60,"CVL1999+BRN2009",69,"matamata branco","Eschweilera coriacea","Lecythidaceae","O",8,"P08_B01_050x050m","T02_P04_U0069z",231.6879906,2376.234931,10,-46.83068506,-2.552617734,296481.2303,9717696.551,0.1,47,80.92742676,6.8,4.5,4.4,4.7,NA,1,"E",10,0,0,1,0.852,30.3,"020-035",721.0661998,857.1103869,316.001773,37.88673119,6.689842216,0.357,2.011996213,FALSE,22.95,41.79,4,"#004E00",0.675663381,0,0.004316149,0.004316149,0,1,2013-08-24,"P08_B01_050x050m",-46.83068506,-2.552617734,NA,NA,NA,NA,NA,NA,NA,NA,NA,NA,NA,NA,NA,NA,NA,NA,NA,NA,NA,NA,NA,NA,NA,NA,NA,NA,NA,NA,NA,NA,NA,NA,NA,NA,NA,NA,NA,NA,NA,NA,NA,NA,NA,NA,NA,NA,NA,NA,NA,NA,NA,NA,NA
"AND_A01",2013,"8/24/2013","P08","B01","unknown","UKN00","#NAME?",3,60,"CVL1999+BRN2009",70,"seringarana","Micrandra minor","Euphorbiaceae","O",8,"P08_B01_050x050m","T02_P04_U0070z",2376.234931,2376.234931,10,-46.83068506,-2.552617734,296461.7809,9717691.315,20,44,31.38451061,4,3.4,3.4,2,NA,1,"E",10,0,0,1,0.41,48.2,"035-055",1824.668429,1048.757026,386.6585739,58.91707392,6.891636458,0.357,5.115887934,FALSE,29.07,42.2,2,"chartreuse",0.919939348,0,0.000420834,0.000420834,0,1,2013-08-24,"P08_B01_050x050m",-46.83068506,-2.552617734,NA,NA,NA,NA,NA,NA,NA,NA,NA,NA,NA,NA,NA,NA,NA,NA,NA,NA,NA,NA,NA,NA,NA,NA,NA,NA,NA,NA,NA,NA,NA,NA,NA,NA,NA,NA,NA,NA,NA,NA,NA,NA,NA,NA,NA,NA,NA,NA,NA,NA,NA,NA,NA
"AND_A01",2013,"8/24/2013","P08","B01","unknown","UKN00","#NAME?",3,60,"CVL1999+BRN2009",71,"inga branco","Inga thibaudiana","Fabaceae","O",8,"P08_B01_050x050m","T02_P04_U0071z",2376.234931,2376.234931,10,-46.83068506,-2.552617734,296456.1711,9717686.844,27,46,64.20629986,6.2,6.3,4.7,1.2,NA,2,"C",11,0,0,1,0.578,40.2,"035-055",1269.234848,962.4712707,354.8465083,45.98083455,6.805779717,0.357,3.330350418,FALSE,29.64,39.41,2,"chartreuse",0.810765732,0,0.000420834,0.000420834,0,1,2013-08-24,"P08_B01_050x050m",-46.83068506,-2.552617734,NA,NA,NA,NA,NA,NA,NA,NA,NA,NA,NA,NA,NA,NA,NA,NA,NA,NA,NA,NA,NA,NA,NA,NA,NA,NA,NA,NA,NA,NA,NA,NA,NA,NA,NA,NA,NA,NA,NA,NA,NA,NA,NA,NA,NA,NA,NA,NA,NA,NA,NA,NA,NA
"AND_A01",2013,"8/24/2013","P08","B01","unknown","UKN00","#NAME?",3,60,"CVL1999+BRN2009",72,"morta",NA,NA,"O",8,"P08_B01_050x050m","T02_P04_U0072z",2376.234931,2376.234931,10,-46.83068506,-2.552617734,296452.8204,9717691.681,28,40,0.031415927,0.1,0.1,0.1,0.1,3,NA,NA,0,1,0,1,0.587,38.3,"035-055",1152.092712,199.7099132,73.62959034,17.21506294,5.23314138,0.357,0.680442634,TRUE,NA,6.47,2,"chartreuse",0.784836998,0.000420834,0,0.000420834,0,1,2013-08-24,"P08_B01_050x050m",-46.83068506,-2.552617734,NA,NA,NA,NA,NA,NA,NA,NA,NA,NA,NA,NA,NA,NA,NA,NA,NA,NA,NA,NA,NA,NA,NA,NA,NA,NA,NA,NA,NA,NA,NA,NA,NA,NA,NA,NA,NA,NA,NA,NA,NA,NA,NA,NA,NA,NA,NA,NA,NA,NA,NA,NA,NA
"AND_A01",2013,"8/24/2013","P08","B01","unknown","UKN00","#NAME?",3,60,"CVL1999+BRN2009",73,"matamata branco","Eschweilera coriacea","Lecythidaceae","O",8,"P08_B01_050x050m","T02_P04_U0073z",2376.234931,2376.234931,10,-46.83068506,-2.552617734,296445.4793,9717679.093,40,49,37.26714285,3.1,3.4,3.4,3.9,NA,1,"C",10,0,0,1,0.852,38.7,"035-055",1176.282975,1079.896337,398.1390989,47.86748387,6.920895831,0.357,2.534967926,FALSE,21.1,32.46,4,"#004E00",0.790295679,0,0.000420834,0.000420834,0,1,2013-08-24,"P08_B01_050x050m",-46.83068506,-2.552617734,NA,NA,NA,NA,NA,NA,NA,NA,NA,NA,NA,NA,NA,NA,NA,NA,NA,NA,NA,NA,NA,NA,NA,NA,NA,NA,NA,NA,NA,NA,NA,NA,NA,NA,NA,NA,NA,NA,NA,NA,NA,NA,NA,NA,NA,NA,NA,NA,NA,NA,NA,NA,NA
"AND_A01",2013,"8/24/2013","P08","B01","unknown","UKN00","#NAME?",3,60,"CVL1999+BRN2009",74,"matamata branco","Eschweilera coriacea","Lecythidaceae","O",8,"P08_B01_050x050m","T02_P04_U0074z",2376.234931,2376.234931,10,-46.83068506,-2.552617734,296440.5864,9717680.176,44,46,25.06990938,4,2.5,3.6,1.7,NA,2,"E",10,0,0,1,0.852,66,"055-Inf",3421.1944,3337.251039,1230.386729,120.2191788,8.049178205,0.357,7.833922627,FALSE,24.74,35.46,4,"#004E00",1.162850644,0,0.000420834,0.000420834,1,1,2013-08-24,"P08_B01_050x050m",-46.83068506,-2.552617734,NA,NA,NA,NA,NA,NA,NA,NA,NA,NA,NA,NA,NA,NA,NA,NA,NA,NA,NA,NA,NA,NA,NA,NA,NA,NA,NA,NA,NA,NA,NA,NA,NA,NA,NA,NA,NA,NA,NA,NA,NA,NA,NA,NA,NA,NA,NA,NA,NA,NA,NA,NA,NA
"AND_A01",2013,"8/24/2013","P08","B01","unknown","UKN00","#NAME?",3,60,"CVL1999+BRN2009",75,"jataua","Trichilia micrantha","Meliaceae","O",8,"P08_B01_050x050m","T02_P04_U0075z",2376.234931,2376.234931,10,-46.83068506,-2.552617734,296433.1269,9717684.47,49,39,45.08185458,5.5,7.2,1.5,1,NA,1,"C",10,0,0,1,0.613,36.2,"035-055",1029.217169,759.6711474,280.077611,37.24430099,6.569161139,0.357,2.478535554,FALSE,28.66,35.96,2,"chartreuse",0.756178923,0,0.000420834,0.000420834,0,1,2013-08-24,"P08_B01_050x050m",-46.83068506,-2.552617734,NA,NA,NA,NA,NA,NA,NA,NA,NA,NA,NA,NA,NA,NA,NA,NA,NA,NA,NA,NA,NA,NA,NA,NA,NA,NA,NA,NA,NA,NA,NA,NA,NA,NA,NA,NA,NA,NA,NA,NA,NA,NA,NA,NA,NA,NA,NA,NA,NA,NA,NA,NA,NA
"AND_A01",2013,"8/24/2013","P08","B01","unknown","UKN00","#NAME?",3,60,"CVL1999+BRN2009",76,"morta",NA,NA,"O",8,"P08_B01_050x050m","T02_P04_U0076z",2376.234931,2376.234931,10,-46.83068506,-2.552617734,296472.1569,9717692.658,10,47,0.031415927,0.1,0.1,0.1,0.1,1,NA,NA,0,1,0,1,0.629,38.3,"035-055",1152.092712,711.4333752,262.2931788,35.24504671,6.503557273,0.357,2.262109301,TRUE,NA,28.1,3,"chartreuse4",0.784836998,0.000420834,0,0.000420834,0,1,2013-08-24,"P08_B01_050x050m",-46.83068506,-2.552617734,NA,NA,NA,NA,NA,NA,NA,NA,NA,NA,NA,NA,NA,NA,NA,NA,NA,NA,NA,NA,NA,NA,NA,NA,NA,NA,NA,NA,NA,NA,NA,NA,NA,NA,NA,NA,NA,NA,NA,NA,NA,NA,NA,NA,NA,NA,NA,NA,NA,NA,NA,NA,NA
"AND_A01",2013,"8/24/2013","P08","B01","unknown","UKN00","#NAME?",3,60,"CVL1999+BRN2009",77,"morta",NA,NA,"O",8,"P08_B01_050x050m","T02_P04_U0077z",2376.234931,2376.234931,10,-46.83068506,-2.552617734,296418.4429,9717718.767,48,1,0.031415927,0.1,0.1,0.1,0.1,2,NA,NA,0,1,0,1,0.696,65,"055-Inf",3318.30724,2053.1874,756.9746777,86.76266127,7.563424194,0.357,5.899963794,TRUE,NA,24.89,3,"chartreuse4",1.149203942,0.000420834,0,0.000420834,1,1,2013-08-24,"P08_B01_050x050m",-46.83068506,-2.552617734,NA,NA,NA,NA,NA,NA,NA,NA,NA,NA,NA,NA,NA,NA,NA,NA,NA,NA,NA,NA,NA,NA,NA,NA,NA,NA,NA,NA,NA,NA,NA,NA,NA,NA,NA,NA,NA,NA,NA,NA,NA,NA,NA,NA,NA,NA,NA,NA,NA,NA,NA,NA,NA
"AND_A01",2013,"8/24/2013","P08","B01","unknown","UKN00","#NAME?",3,60,"CVL1999+BRN2009",78,"morta",NA,NA,"O",8,"P08_B01_050x050m","T02_P04_U0078z",2376.234931,2376.234931,10,-46.83068506,-2.552617734,296455.7144,9717732.931,7.7,0.7,0.031415927,0.1,0.1,0.1,0.1,2,NA,NA,0,1,0,1,0.696,36.8,"035-055",1063.617609,466.9000151,172.137959,27.24631092,6.082390634,0.357,1.34166671,TRUE,NA,16.36,3,"chartreuse4",0.764366945,0.000420834,0,0.000420834,0,1,2013-08-24,"P08_B01_050x050m",-46.83068506,-2.552617734,NA,NA,NA,NA,NA,NA,NA,NA,NA,NA,NA,NA,NA,NA,NA,NA,NA,NA,NA,NA,NA,NA,NA,NA,NA,NA,NA,NA,NA,NA,NA,NA,NA,NA,NA,NA,NA,NA,NA,NA,NA,NA,NA,NA,NA,NA,NA,NA,NA,NA,NA,NA,NA
"AND_A01",2013,"8/24/2013","P08","B01","unknown","UKN00","#NAME?",3,60,"CVL1999+BRN2009",79,"breu barrote","Tetragastris panamensis","Burseraceae","O",8,"P08_B01_050x050m","T02_P04_U0079z",2376.234931,2376.234931,10,-46.83068506,-2.552617734,296426.6829,9717719.76,40,3,66.33472888,6,2.2,4.3,6,NA,1,"C",10,0,0,1,0.717,60.7,"055-Inf",2893.791679,2013.833877,742.4657144,84.11771581,7.544071086,0.357,5.617388778,FALSE,17.11,29.69,3,"chartreuse4",1.090523124,0,0.000420834,0.000420834,1,1,2013-08-24,"P08_B01_050x050m",-46.83068506,-2.552617734,NA,NA,NA,NA,NA,NA,NA,NA,NA,NA,NA,NA,NA,NA,NA,NA,NA,NA,NA,NA,NA,NA,NA,NA,NA,NA,NA,NA,NA,NA,NA,NA,NA,NA,NA,NA,NA,NA,NA,NA,NA,NA,NA,NA,NA,NA,NA,NA,NA,NA,NA,NA,NA
"AND_A01",2013,"8/24/2013","P08","B01","unknown","UKN00","#NAME?",3,60,"CVL1999+BRN2009",80,"jatereu","Lecythis idatimon","Lecythidaceae","O",8,"P08_B01_050x050m","T02_P04_U0080z",2376.234931,2376.234931,10,-46.83068506,-2.552617734,296426.1644,9717718.527,41,4,58.66924281,1.4,1.5,7.6,6.8,NA,1,"C",10,0,0,1,0.799,49.3,"035-055",1908.902382,1556.014485,573.675624,65.64632394,7.286158514,0.357,3.894904843,FALSE,22.06,31.01,3,"chartreuse4",0.93495072,0,0.000420834,0.000420834,0,1,2013-08-24,"P08_B01_050x050m",-46.83068506,-2.552617734,NA,NA,NA,NA,NA,NA,NA,NA,NA,NA,NA,NA,NA,NA,NA,NA,NA,NA,NA,NA,NA,NA,NA,NA,NA,NA,NA,NA,NA,NA,NA,NA,NA,NA,NA,NA,NA,NA,NA,NA,NA,NA,NA,NA,NA,NA,NA,NA,NA,NA,NA,NA,NA
"AND_A01",2013,"8/24/2013","P08","B01","unknown","UKN00","#NAME?",3,60,"CVL1999+BRN2009",81,"matamata branco","Eschweilera coriacea","Lecythidaceae","O",8,"P08_B01_050x050m","T02_P04_U0081z",2376.234931,2376.234931,10,-46.83068506,-2.552617734,296428.6176,9717713.217,41,10,65.51791479,3,3.7,5.6,6,NA,1,"C",10,0,0,1,0.852,53.5,"035-055",2248.005893,1852.754257,683.0784449,75.70689397,7.460704098,0.357,4.349188397,FALSE,21.1,29.53,4,"#004E00",0.992266869,0,0.000420834,0.000420834,0,1,2013-08-24,"P08_B01_050x050m",-46.83068506,-2.552617734,NA,NA,NA,NA,NA,NA,NA,NA,NA,NA,NA,NA,NA,NA,NA,NA,NA,NA,NA,NA,NA,NA,NA,NA,NA,NA,NA,NA,NA,NA,NA,NA,NA,NA,NA,NA,NA,NA,NA,NA,NA,NA,NA,NA,NA,NA,NA,NA,NA,NA,NA,NA,NA
"AND_A01",2013,"8/26/2013","P09","B01","unknown","UKN00","#NAME?",3,60,"CVL1999+BRN2009",1,"matamata branco","Eschweilera coriacea","Lecythidaceae","O",9,"P09_B01_050x050m","T03_P01_U0001z",2287.270102,2287.270102,10,-46.83389569,-2.549653193,296104.3633,9718059.254,1.8,5,65.00740598,5.4,5,3.5,4.3,NA,2,"S",10,0,0,1,0.852,38.5,"035-055",1164.156428,1014.994352,374.21086,45.96973366,6.858913827,0.357,2.382615851,FALSE,19.48,30.78,4,"#004E00",0.787566338,0,0.000437202,0.000437202,0,1,2013-08-26,"P09_B01_050x050m",-46.83389569,-2.549653193,NA,NA,NA,NA,NA,NA,NA,NA,NA,NA,NA,NA,NA,NA,NA,NA,NA,NA,NA,NA,NA,NA,NA,NA,NA,NA,NA,NA,NA,NA,NA,NA,NA,NA,NA,NA,NA,NA,NA,NA,NA,NA,NA,NA,NA,NA,NA,NA,NA,NA,NA,NA,NA
"AND_A01",2013,"8/26/2013","P09","B01","unknown","UKN00","#NAME?",3,60,"CVL1999+BRN2009",2,"macucu branco","Licania na","Chrysobalanaceae","O",9,"P09_B01_050x050m","T03_P01_U0002z",220.758144,2287.270102,10,-46.83389569,-2.549653193,296104.0191,9718059.094,2.2,5,14.82046334,3,3.3,0.7,1.8,NA,2,"S",11,0,0,1,0.823482759,11.9,"010-020",111.2202339,65.15335969,24.02091667,5.887748439,4.113019371,0.357,0.158238552,FALSE,13.08,20,4,"#004E00",0.424564064,0,0.004529844,0.004529844,0,1,2013-08-26,"P09_B01_050x050m",-46.83389569,-2.549653193,NA,NA,NA,NA,NA,NA,NA,NA,NA,NA,NA,NA,NA,NA,NA,NA,NA,NA,NA,NA,NA,NA,NA,NA,NA,NA,NA,NA,NA,NA,NA,NA,NA,NA,NA,NA,NA,NA,NA,NA,NA,NA,NA,NA,NA,NA,NA,NA,NA,NA,NA,NA,NA
"AND_A01",2013,"8/26/2013","P09","B01","unknown","UKN00","#NAME?",3,60,"CVL1999+BRN2009",3,"matamata branco","Eschweilera coriacea","Lecythidaceae","O",9,"P09_B01_050x050m","T03_P01_U0003z",220.758144,2287.270102,10,-46.83389569,-2.549653193,296108.1202,9718055.229,0.1,10.7,14.45132621,2.4,2.3,1.6,2.3,NA,2,"S",10,0,0,1,0.852,13,"010-020",132.7322896,71.4367123,26.33748009,6.525567262,4.205087415,0.357,0.167691813,FALSE,11.11,17.8,4,"#004E00",0.439575436,0,0.004529844,0.004529844,0,1,2013-08-26,"P09_B01_050x050m",-46.83389569,-2.549653193,NA,NA,NA,NA,NA,NA,NA,NA,NA,NA,NA,NA,NA,NA,NA,NA,NA,NA,NA,NA,NA,NA,NA,NA,NA,NA,NA,NA,NA,NA,NA,NA,NA,NA,NA,NA,NA,NA,NA,NA,NA,NA,NA,NA,NA,NA,NA,NA,NA,NA,NA,NA,NA
"AND_A01",2013,"8/26/2013","P09","B01","unknown","UKN00","#NAME?",3,60,"CVL1999+BRN2009",4,"jatereu","Lecythis idatimon","Lecythidaceae","O",9,"P09_B01_050x050m","T03_P01_U0004z",220.758144,2287.270102,10,-46.83389569,-2.549653193,296105.7779,9718051.556,4,13.2,30.04147975,5.6,3.1,1.9,2,NA,2,"S",10,0,0,1,0.799,19.3,"010-020",292.5529619,203.252127,74.9355433,13.36819749,5.250722713,0.357,0.508766275,FALSE,14.67,25.14,3,"chartreuse4",0.525549659,0,0.004529844,0.004529844,0,1,2013-08-26,"P09_B01_050x050m",-46.83389569,-2.549653193,NA,NA,NA,NA,NA,NA,NA,NA,NA,NA,NA,NA,NA,NA,NA,NA,NA,NA,NA,NA,NA,NA,NA,NA,NA,NA,NA,NA,NA,NA,NA,NA,NA,NA,NA,NA,NA,NA,NA,NA,NA,NA,NA,NA,NA,NA,NA,NA,NA,NA,NA,NA,NA
"AND_A01",2013,"8/26/2013","P09","B01","unknown","UKN00","#NAME?",3,60,"CVL1999+BRN2009",5,"fava folha fina","Pseudopiptadenia psilostachya","Fabaceae","O",9,"P09_B01_050x050m","T03_P01_U0005z",2287.270102,2287.270102,10,-46.83389569,-2.549653193,296109.4217,9718051.473,0.6,15,84.72875387,9.4,5,2.2,4.3,NA,1,"C",10,0,0,1,0.67,67,"055-Inf",3525.652355,2809.409936,1035.780845,111.8391533,7.877005253,0.357,8.386298316,FALSE,21.63,36.68,3,"chartreuse4",1.176497346,0,0.000437202,0.000437202,1,1,2013-08-26,"P09_B01_050x050m",-46.83389569,-2.549653193,NA,NA,NA,NA,NA,NA,NA,NA,NA,NA,NA,NA,NA,NA,NA,NA,NA,NA,NA,NA,NA,NA,NA,NA,NA,NA,NA,NA,NA,NA,NA,NA,NA,NA,NA,NA,NA,NA,NA,NA,NA,NA,NA,NA,NA,NA,NA,NA,NA,NA,NA,NA,NA
"AND_A01",2013,"8/26/2013","P09","B01","unknown","UKN00","#NAME?",3,60,"CVL1999+BRN2009",6,"pintadinho","Poeppigia procera","Fabaceae","O",9,"P09_B01_050x050m","T03_P01_U0006z",220.758144,2287.270102,10,-46.83389569,-2.549653193,296109.7616,9718048.159,1.8,18.4,53.90972994,4.4,3.1,3.4,5.7,NA,2,"S",10,0,0,1,0.69,26.1,"020-035",535.0210829,344.2183597,126.9073548,19.88811496,5.777551723,0.357,0.997734376,FALSE,16.82,27.31,3,"chartreuse4",0.618347233,0,0.004529844,0.004529844,0,1,2013-08-26,"P09_B01_050x050m",-46.83389569,-2.549653193,NA,NA,NA,NA,NA,NA,NA,NA,NA,NA,NA,NA,NA,NA,NA,NA,NA,NA,NA,NA,NA,NA,NA,NA,NA,NA,NA,NA,NA,NA,NA,NA,NA,NA,NA,NA,NA,NA,NA,NA,NA,NA,NA,NA,NA,NA,NA,NA,NA,NA,NA,NA,NA
"AND_A01",2013,"8/26/2013","P09","B01","unknown","UKN00","#NAME?",3,60,"CVL1999+BRN2009",7,"matamata branco","Eschweilera coriacea","Lecythidaceae","O",9,"P09_B01_050x050m","T03_P01_U0007z",2287.270102,2287.270102,10,-46.83389569,-2.549653193,296108.2386,9718046.485,4,19.3,104.6778672,4.2,6.4,7.7,4.8,NA,2,"S",10,0,0,1,0.852,39,"035-055",1194.590607,836.0505752,308.2373848,41.05028441,6.664964608,0.357,1.962560036,FALSE,17.69,24.59,4,"#004E00",0.794389689,0,0.000437202,0.000437202,0,1,2013-08-26,"P09_B01_050x050m",-46.83389569,-2.549653193,NA,NA,NA,NA,NA,NA,NA,NA,NA,NA,NA,NA,NA,NA,NA,NA,NA,NA,NA,NA,NA,NA,NA,NA,NA,NA,NA,NA,NA,NA,NA,NA,NA,NA,NA,NA,NA,NA,NA,NA,NA,NA,NA,NA,NA,NA,NA,NA,NA,NA,NA,NA,NA
"AND_A01",2013,"8/26/2013","P09","B01","unknown","UKN00","#NAME?",3,60,"CVL1999+BRN2009",8,"jatereu","Lecythis idatimon","Lecythidaceae","O",9,"P09_B01_050x050m","T03_P01_U0008z",2287.270102,2287.270102,10,-46.83389569,-2.549653193,296111.6957,9718045.933,1,21.5,105.7303008,6.5,6,4.1,6.7,NA,2,"S",10,0,0,1,0.799,44.3,"035-055",1541.336042,1295.44613,477.6085792,56.16238775,7.102885917,0.357,3.242668662,FALSE,23.95,31.83,3,"chartreuse4",0.86671721,0,0.000437202,0.000437202,0,1,2013-08-26,"P09_B01_050x050m",-46.83389569,-2.549653193,NA,NA,NA,NA,NA,NA,NA,NA,NA,NA,NA,NA,NA,NA,NA,NA,NA,NA,NA,NA,NA,NA,NA,NA,NA,NA,NA,NA,NA,NA,NA,NA,NA,NA,NA,NA,NA,NA,NA,NA,NA,NA,NA,NA,NA,NA,NA,NA,NA,NA,NA,NA,NA
"AND_A01",2013,"8/26/2013","P09","B01","unknown","UKN00","#NAME?",3,60,"CVL1999+BRN2009",9,"inga branco","Inga thibaudiana","Fabaceae","O",9,"P09_B01_050x050m","T03_P01_U0009z",220.758144,2287.270102,10,-46.83389569,-2.549653193,296113.3467,9718042.543,1,25.6,6.785840132,1.1,1.3,2.1,1.4,NA,2,"S",11,0,0,1,0.578,14.2,"010-020",158.3676857,54.60906779,20.13341865,5.113948824,3.936475446,0.357,0.188958712,FALSE,11.19,16.7,2,"chartreuse",0.455951478,0,0.004529844,0.004529844,0,1,2013-08-26,"P09_B01_050x050m",-46.83389569,-2.549653193,NA,NA,NA,NA,NA,NA,NA,NA,NA,NA,NA,NA,NA,NA,NA,NA,NA,NA,NA,NA,NA,NA,NA,NA,NA,NA,NA,NA,NA,NA,NA,NA,NA,NA,NA,NA,NA,NA,NA,NA,NA,NA,NA,NA,NA,NA,NA,NA,NA,NA,NA,NA,NA
"AND_A01",2013,"8/26/2013","P09","B01","unknown","UKN00","#NAME?",3,60,"CVL1999+BRN2009",10,"cucutitiriba","Pouteria na","Sapotaceae","O",9,"P09_B01_050x050m","T03_P01_U0010z",220.758144,2287.270102,10,-46.83389569,-2.549653193,296117.9351,9718034.881,0.2,35.3,7.539822369,0.2,2.2,3,0.8,NA,2,"S",11,0,0,1,0.753148148,10.9,"010-020",93.31315579,26.57672205,9.798377686,3.42715859,3.216311222,0.357,0.070575018,FALSE,6.54,10.4,3,"chartreuse4",0.410917362,0,0.004529844,0.004529844,0,1,2013-08-26,"P09_B01_050x050m",-46.83389569,-2.549653193,NA,NA,NA,NA,NA,NA,NA,NA,NA,NA,NA,NA,NA,NA,NA,NA,NA,NA,NA,NA,NA,NA,NA,NA,NA,NA,NA,NA,NA,NA,NA,NA,NA,NA,NA,NA,NA,NA,NA,NA,NA,NA,NA,NA,NA,NA,NA,NA,NA,NA,NA,NA,NA
"AND_A01",2013,"8/26/2013","P09","B01","unknown","UKN00","#NAME?",3,60,"CVL1999+BRN2009",11,"inga branco","Inga thibaudiana","Fabaceae","O",9,"P09_B01_050x050m","T03_P01_U0011z",2287.270102,2287.270102,10,-46.83389569,-2.549653193,296116.8765,9718030.892,3,38.6,112.1548577,7.6,7.6,4.3,4.4,NA,2,"S",11,0,0,1,0.578,40.2,"035-055",1269.234848,666.6089641,245.7671938,35.29748274,6.438479113,0.357,2.306605412,FALSE,14.44,27.05,2,"chartreuse",0.810765732,0,0.000437202,0.000437202,0,1,2013-08-26,"P09_B01_050x050m",-46.83389569,-2.549653193,NA,NA,NA,NA,NA,NA,NA,NA,NA,NA,NA,NA,NA,NA,NA,NA,NA,NA,NA,NA,NA,NA,NA,NA,NA,NA,NA,NA,NA,NA,NA,NA,NA,NA,NA,NA,NA,NA,NA,NA,NA,NA,NA,NA,NA,NA,NA,NA,NA,NA,NA,NA,NA
"AND_A01",2013,"8/26/2013","P09","B01","unknown","UKN00","#NAME?",3,60,"CVL1999+BRN2009",12,"pau-jacare","Laetia procera","Salicaceae","O",9,"P09_B01_050x050m","T03_P01_U0012z",220.758144,2287.270102,10,-46.83389569,-2.549653193,296116.0242,9718030.441,4,38.6,17.1100814,2.333732646,2.333732646,2.333732646,2.333732646,NA,2,"S",10,1,0,1,0.648,16.8,"010-020",221.6707776,113.1548427,41.71823311,8.546604396,4.66503267,0.357,0.349243342,FALSE,15.56,22.45,3,"chartreuse4",0.491432904,0,0.004529844,0.004529844,0,1,2013-08-26,"P09_B01_050x050m",-46.83389569,-2.549653193,NA,NA,NA,NA,NA,NA,NA,NA,NA,NA,NA,NA,NA,NA,NA,NA,NA,NA,NA,NA,NA,NA,NA,NA,NA,NA,NA,NA,NA,NA,NA,NA,NA,NA,NA,NA,NA,NA,NA,NA,NA,NA,NA,NA,NA,NA,NA,NA,NA,NA,NA,NA,NA
"AND_A01",2013,"8/26/2013","P09","B01","unknown","UKN00","#NAME?",3,60,"CVL1999+BRN2009",13,NA,NA,NA,"O",9,"P09_B01_050x050m","T03_P01_U0013z",220.758144,2287.270102,10,-46.83389569,-2.549653193,296120.3143,9718030.221,0.1,41,31.80862562,2.4,6.5,3,1,NA,2,"S",3,0,0,1,0.648484417,12.2,"010-020",116.8986626,19.28147513,7.108746344,2.877213751,2.895420297,0.357,0.059466271,FALSE,4.47,6.94,3,"chartreuse4",0.428658074,0,0.004529844,0.004529844,0,1,2013-08-26,"P09_B01_050x050m",-46.83389569,-2.549653193,NA,NA,NA,NA,NA,NA,NA,NA,NA,NA,NA,NA,NA,NA,NA,NA,NA,NA,NA,NA,NA,NA,NA,NA,NA,NA,NA,NA,NA,NA,NA,NA,NA,NA,NA,NA,NA,NA,NA,NA,NA,NA,NA,NA,NA,NA,NA,NA,NA,NA,NA,NA,NA
"AND_A01",2013,"8/26/2013","P09","B01","unknown","UKN00","#NAME?",3,60,"CVL1999+BRN2009",14,"cucutitiriba","Pouteria na","Sapotaceae","O",9,"P09_B01_050x050m","T03_P01_U0014z",220.758144,2287.270102,10,-46.83389569,-2.549653193,296119.2197,9718028.279,2,42.3,16.02212253,2.5,2,2.6,2,NA,2,"S",11,0,0,1,0.753148148,15.2,"010-020",181.4583917,101.3154369,37.353249,8.05543556,4.554514288,0.357,0.269045173,FALSE,16.68,21.07,3,"chartreuse4",0.46959818,0,0.004529844,0.004529844,0,1,2013-08-26,"P09_B01_050x050m",-46.83389569,-2.549653193,NA,NA,NA,NA,NA,NA,NA,NA,NA,NA,NA,NA,NA,NA,NA,NA,NA,NA,NA,NA,NA,NA,NA,NA,NA,NA,NA,NA,NA,NA,NA,NA,NA,NA,NA,NA,NA,NA,NA,NA,NA,NA,NA,NA,NA,NA,NA,NA,NA,NA,NA,NA,NA
"AND_A01",2013,"8/26/2013","P09","B01","unknown","UKN00","#NAME?",3,60,"CVL1999+BRN2009",15,"breu branco","Protium paniculatum","Burseraceae","O",9,"P09_B01_050x050m","T03_P01_U0015z",220.758144,2287.270102,10,-46.83389569,-2.549653193,296122.3266,9718026.094,0.1,46,24.6300864,3.4,2.3,3,2.6,NA,2,"S",10,0,0,1,0.49,14,"010-020",153.93804,44.94525639,16.57053855,4.351055378,3.741720725,0.357,0.183450026,FALSE,17.23,16.6,2,"chartreuse",0.453222138,0,0.004529844,0.004529844,0,1,2013-08-26,"P09_B01_050x050m",-46.83389569,-2.549653193,NA,NA,NA,NA,NA,NA,NA,NA,NA,NA,NA,NA,NA,NA,NA,NA,NA,NA,NA,NA,NA,NA,NA,NA,NA,NA,NA,NA,NA,NA,NA,NA,NA,NA,NA,NA,NA,NA,NA,NA,NA,NA,NA,NA,NA,NA,NA,NA,NA,NA,NA,NA,NA
"AND_A01",2013,"8/26/2013","P09","B01","unknown","UKN00","#NAME?",3,60,"CVL1999+BRN2009",16,"breu branco","Protium paniculatum","Burseraceae","O",9,"P09_B01_050x050m","T03_P01_U0016z",220.758144,2287.270102,10,-46.83389569,-2.549653193,296118.7042,9718025.803,3.6,44.4,6.762278187,0.5,3.7,1.6,0.4,NA,2,"S",10,0,0,1,0.49,12.8,"010-020",128.6796351,49.62600637,18.2962501,4.444232648,3.840790518,0.357,0.202555128,FALSE,14.39,21.98,2,"chartreuse",0.436846096,0,0.004529844,0.004529844,0,1,2013-08-26,"P09_B01_050x050m",-46.83389569,-2.549653193,NA,NA,NA,NA,NA,NA,NA,NA,NA,NA,NA,NA,NA,NA,NA,NA,NA,NA,NA,NA,NA,NA,NA,NA,NA,NA,NA,NA,NA,NA,NA,NA,NA,NA,NA,NA,NA,NA,NA,NA,NA,NA,NA,NA,NA,NA,NA,NA,NA,NA,NA,NA,NA
"AND_A01",2013,"8/26/2013","P09","B01","unknown","UKN00","#NAME?",3,60,"CVL1999+BRN2009",17,"breu branco","Protium paniculatum","Burseraceae","O",9,"P09_B01_050x050m","T03_P01_U0017z",220.758144,2287.270102,10,-46.83389569,-2.549653193,296118.8076,9718024.704,4,45.5,59.26614541,1,6.5,6.7,3.3,NA,2,"S",10,0,0,1,0.49,25.3,"020-035",502.7255104,219.240015,80.83000104,14.47729498,5.326442589,0.357,0.894857204,FALSE,19.08,25.78,2,"chartreuse",0.607429871,0,0.004529844,0.004529844,0,1,2013-08-26,"P09_B01_050x050m",-46.83389569,-2.549653193,NA,NA,NA,NA,NA,NA,NA,NA,NA,NA,NA,NA,NA,NA,NA,NA,NA,NA,NA,NA,NA,NA,NA,NA,NA,NA,NA,NA,NA,NA,NA,NA,NA,NA,NA,NA,NA,NA,NA,NA,NA,NA,NA,NA,NA,NA,NA,NA,NA,NA,NA,NA,NA
"AND_A01",2013,"8/26/2013","P09","B01","unknown","UKN00","#NAME?",3,60,"CVL1999+BRN2009",18,"tauari","Couratari stellata","Lecythidaceae","O",9,"P09_B01_050x050m","T03_P01_U0018z",2287.270102,2287.270102,10,-46.83389569,-2.549653193,296115.9702,9718019.457,9,49,40.13384615,3.3,5.3,4,1.7,NA,1,"C",10,0,0,1,0.633,43.2,"035-055",1465.741468,864.6349915,318.7759646,42.80122684,6.698582943,0.357,2.731864112,FALSE,19.09,27.92,3,"chartreuse4",0.851705838,0,0.000437202,0.000437202,0,1,2013-08-26,"P09_B01_050x050m",-46.83389569,-2.549653193,NA,NA,NA,NA,NA,NA,NA,NA,NA,NA,NA,NA,NA,NA,NA,NA,NA,NA,NA,NA,NA,NA,NA,NA,NA,NA,NA,NA,NA,NA,NA,NA,NA,NA,NA,NA,NA,NA,NA,NA,NA,NA,NA,NA,NA,NA,NA,NA,NA,NA,NA,NA,NA
"AND_A01",2013,"8/26/2013","P09","B01","unknown","DGD01","2009",5,4,"CVL1999+BRN2009",19,"andiroba","Carapa guianensis","Meliaceae","O",9,"P09_B01_050x050m","T03_P01_U0019z",2287.270102,2287.270102,10,-46.83389569,-2.549653193,296100.33,9718016.292,25,44,73.96094505,8.3,3.6,4.6,3.7,NA,1,"C",10,0,0,1,0.53,49,"035-055",1885.74099,1132.344473,417.4758197,55.89582065,6.968321018,0.357,4.272998013,FALSE,18.43,34.17,2,"chartreuse",0.93085671,0,0.000437202,0.000437202,0,1,2013-08-26,"P09_B01_050x050m",-46.83389569,-2.549653193,NA,NA,NA,NA,NA,NA,NA,NA,NA,NA,NA,NA,NA,NA,NA,NA,NA,NA,NA,NA,NA,NA,NA,NA,NA,NA,NA,NA,NA,NA,NA,NA,NA,NA,NA,NA,NA,NA,NA,NA,NA,NA,NA,NA,NA,NA,NA,NA,NA,NA,NA,NA,NA
"AND_A01",2013,"8/26/2013","P09","B01","unknown","DGD01","2009",5,4,"CVL1999+BRN2009",20,"tanibuca","Terminalia amazonia","Combretaceae","O",9,"P09_B01_050x050m","T03_P01_U0020z",2287.270102,2287.270102,10,-46.83389569,-2.549653193,296097.4009,9718017.972,27,41,236.1849357,11.7,8.5,6.2,8.3,NA,1,"E",10,0,0,1,0.673,73,"055-Inf",4185.386813,4347.06068,1602.686076,160.0901144,8.31353069,0.357,12.9184567,FALSE,34.8,48.11,3,"chartreuse4",1.258377559,0,0.000437202,0.000437202,1,1,2013-08-26,"P09_B01_050x050m",-46.83389569,-2.549653193,NA,NA,NA,NA,NA,NA,NA,NA,NA,NA,NA,NA,NA,NA,NA,NA,NA,NA,NA,NA,NA,NA,NA,NA,NA,NA,NA,NA,NA,NA,NA,NA,NA,NA,NA,NA,NA,NA,NA,NA,NA,NA,NA,NA,NA,NA,NA,NA,NA,NA,NA,NA,NA
"AND_A01",2013,"8/26/2013","P09","B01","unknown","UKN00","#NAME?",3,60,"CVL1999+BRN2009",21,"piquiarana","Caryocar glabrum","Caryocaraceae","O",9,"P09_B01_050x050m","T03_P01_U0021z",2287.270102,2287.270102,10,-46.83389569,-2.549653193,296099.1045,9718018.883,25,41,85.88328917,10,4.5,3.5,3.6,NA,1,"E",10,0,0,1,0.654,70.6,"055-Inf",3914.70719,3015.603326,1111.800781,120.4285469,7.947830697,0.357,9.22202852,FALSE,20.2,36.39,3,"chartreuse4",1.225625474,0,0.000437202,0.000437202,1,1,2013-08-26,"P09_B01_050x050m",-46.83389569,-2.549653193,NA,NA,NA,NA,NA,NA,NA,NA,NA,NA,NA,NA,NA,NA,NA,NA,NA,NA,NA,NA,NA,NA,NA,NA,NA,NA,NA,NA,NA,NA,NA,NA,NA,NA,NA,NA,NA,NA,NA,NA,NA,NA,NA,NA,NA,NA,NA,NA,NA,NA,NA,NA,NA
"AND_A01",2013,"8/26/2013","P09","B01","unknown","DGD01","2009",5,4,"CVL1999+BRN2009",22,"jatereu","Lecythis idatimon","Lecythidaceae","O",9,"P09_B01_050x050m","T03_P01_U0022z",2287.270102,2287.270102,10,-46.83389569,-2.549653193,296096.0746,9718013.992,30,44,76.32499352,6,4.6,5.3,4,NA,1,"C",10,0,0,1,0.799,40.9,"035-055",1313.821902,1008.767117,371.914986,46.52397057,6.852759688,0.357,2.525074135,FALSE,19.5,28.9,3,"chartreuse4",0.820318423,0,0.000437202,0.000437202,0,1,2013-08-26,"P09_B01_050x050m",-46.83389569,-2.549653193,NA,NA,NA,NA,NA,NA,NA,NA,NA,NA,NA,NA,NA,NA,NA,NA,NA,NA,NA,NA,NA,NA,NA,NA,NA,NA,NA,NA,NA,NA,NA,NA,NA,NA,NA,NA,NA,NA,NA,NA,NA,NA,NA,NA,NA,NA,NA,NA,NA,NA,NA,NA,NA
"AND_A01",2013,"8/26/2013","P09","B01","unknown","DGD01","2009",5,4,"CVL1999+BRN2009",23,"inga branco","Inga thibaudiana","Fabaceae","O",9,"P09_B01_050x050m","T03_P01_U0023z",2287.270102,2287.270102,10,-46.83389569,-2.549653193,296085.0633,9718012.485,41,40,82.1919178,1,7,8.1,4.5,NA,1,"E",11,0,0,1,0.578,50.8,"035-055",2026.829916,1281.435201,472.442992,60.3292014,7.09201148,0.357,4.434031838,FALSE,25.34,33.09,2,"chartreuse",0.955420773,0,0.000437202,0.000437202,0,1,2013-08-26,"P09_B01_050x050m",-46.83389569,-2.549653193,NA,NA,NA,NA,NA,NA,NA,NA,NA,NA,NA,NA,NA,NA,NA,NA,NA,NA,NA,NA,NA,NA,NA,NA,NA,NA,NA,NA,NA,NA,NA,NA,NA,NA,NA,NA,NA,NA,NA,NA,NA,NA,NA,NA,NA,NA,NA,NA,NA,NA,NA,NA,NA
"AND_A01",2013,"8/26/2013","P09","B01","unknown","DGD01","2009",5,4,"CVL1999+BRN2009",24,"matamata branco","Eschweilera coriacea","Lecythidaceae","O",9,"P09_B01_050x050m","T03_P01_U0024z",2287.270102,2287.270102,10,-46.83389569,-2.549653193,296085.5032,9718013.825,40,39,63.55441938,4,6.7,2.8,5.2,NA,1,"E",10,0,0,1,0.852,42.2,"035-055",1398.668465,1234.883673,455.2802488,53.73331223,7.055007553,0.357,2.898787965,FALSE,20.2,31.32,4,"#004E00",0.838059136,0,0.000437202,0.000437202,0,1,2013-08-26,"P09_B01_050x050m",-46.83389569,-2.549653193,NA,NA,NA,NA,NA,NA,NA,NA,NA,NA,NA,NA,NA,NA,NA,NA,NA,NA,NA,NA,NA,NA,NA,NA,NA,NA,NA,NA,NA,NA,NA,NA,NA,NA,NA,NA,NA,NA,NA,NA,NA,NA,NA,NA,NA,NA,NA,NA,NA,NA,NA,NA,NA
"AND_A01",2013,"8/26/2013","P09","B01","unknown","DGD01","2009",5,4,"CVL1999+BRN2009",25,"macaranduba","Manilkara huberi","Sapotaceae","O",9,"P09_B01_050x050m","T03_P01_U0025z",2287.270102,2287.270102,10,-46.83389569,-2.549653193,296088.7748,9718004.493,41,49,80.47189582,5.3,4.6,5.6,4.8,NA,1,"C",10,0,0,1,0.921,48.5,"035-055",1847.45283,1817.358796,670.0287506,72.54587711,7.441415015,0.357,3.946490327,FALSE,23.34,32.59,4,"#004E00",0.924033359,0,0.000437202,0.000437202,0,1,2013-08-26,"P09_B01_050x050m",-46.83389569,-2.549653193,NA,NA,NA,NA,NA,NA,NA,NA,NA,NA,NA,NA,NA,NA,NA,NA,NA,NA,NA,NA,NA,NA,NA,NA,NA,NA,NA,NA,NA,NA,NA,NA,NA,NA,NA,NA,NA,NA,NA,NA,NA,NA,NA,NA,NA,NA,NA,NA,NA,NA,NA,NA,NA
"AND_A01",2013,"8/26/2013","P09","B01","unknown","DGD01","2009",5,4,"CVL1999+BRN2009",26,"matamata branco","Eschweilera coriacea","Lecythidaceae","O",9,"P09_B01_050x050m","T03_P01_U0026z",2287.270102,2287.270102,10,-46.83389569,-2.549653193,296083.2399,9718000.32,48,50,117.6919148,10.3,4.1,3.2,7,NA,1,"C",10,0,0,1,0.852,48,"035-055",1809.557368,1638.75606,604.1810114,67.36210039,7.337968233,0.357,3.84684521,FALSE,22.86,32.35,4,"#004E00",0.917210008,0,0.000437202,0.000437202,0,1,2013-08-26,"P09_B01_050x050m",-46.83389569,-2.549653193,NA,NA,NA,NA,NA,NA,NA,NA,NA,NA,NA,NA,NA,NA,NA,NA,NA,NA,NA,NA,NA,NA,NA,NA,NA,NA,NA,NA,NA,NA,NA,NA,NA,NA,NA,NA,NA,NA,NA,NA,NA,NA,NA,NA,NA,NA,NA,NA,NA,NA,NA,NA,NA
"AND_A01",2013,"8/26/2013","P09","B01","unknown","DGD01","2009",5,4,"CVL1999+BRN2009",27,"matamata branco","Eschweilera coriacea","Lecythidaceae","O",9,"P09_B01_050x050m","T03_P01_U0027z",2287.270102,2287.270102,10,-46.83389569,-2.549653193,296075.9586,9718029.823,42,20,78.257073,5.4,5,5.2,4.4,NA,1,"C",10,0,0,1,0.852,57.1,"055-Inf",2560.720026,2403.792973,886.2368874,91.86866451,7.721078674,0.357,5.642706509,FALSE,17.92,33.85,4,"#004E00",1.041394996,0,0.000437202,0.000437202,1,1,2013-08-26,"P09_B01_050x050m",-46.83389569,-2.549653193,NA,NA,NA,NA,NA,NA,NA,NA,NA,NA,NA,NA,NA,NA,NA,NA,NA,NA,NA,NA,NA,NA,NA,NA,NA,NA,NA,NA,NA,NA,NA,NA,NA,NA,NA,NA,NA,NA,NA,NA,NA,NA,NA,NA,NA,NA,NA,NA,NA,NA,NA,NA,NA
"AND_A01",2013,"8/26/2013","P09","B01","unknown","DGD01","2009",5,4,"CVL1999+BRN2009",28,"casca seca","Licania canescens","Chrysobalanaceae","O",9,"P09_B01_050x050m","T03_P01_U0028z",2287.270102,2287.270102,10,-46.83389569,-2.549653193,296070.1136,9718037.903,44,10,79.48229414,5.4,3.4,6.1,5.4,NA,1,"E",10,0,0,1,0.88,43,"035-055",1452.201204,1506.74167,555.5095896,61.51307237,7.253980264,0.357,3.424412887,FALSE,28.52,35.81,4,"#004E00",0.848976497,0,0.000437202,0.000437202,0,1,2013-08-26,"P09_B01_050x050m",-46.83389569,-2.549653193,NA,NA,NA,NA,NA,NA,NA,NA,NA,NA,NA,NA,NA,NA,NA,NA,NA,NA,NA,NA,NA,NA,NA,NA,NA,NA,NA,NA,NA,NA,NA,NA,NA,NA,NA,NA,NA,NA,NA,NA,NA,NA,NA,NA,NA,NA,NA,NA,NA,NA,NA,NA,NA
"AND_A01",2013,"8/26/2013","P09","B01","unknown","DGD01","2009",5,4,"CVL1999+BRN2009",29,"jatereu","Lecythis idatimon","Lecythidaceae","O",9,"P09_B01_050x050m","T03_P01_U0029z",2287.270102,2287.270102,10,-46.83389569,-2.549653193,296068.9801,9718047.119,41,1,62.75331326,5.5,4,3,5.4,NA,1,"C",10,0,0,1,0.799,41.2,"035-055",1333.166258,846.6213202,312.1346356,41.83120633,6.677529011,0.357,2.119202303,FALSE,15.67,23.8,3,"chartreuse4",0.824412434,0,0.000437202,0.000437202,0,1,2013-08-26,"P09_B01_050x050m",-46.83389569,-2.549653193,NA,NA,NA,NA,NA,NA,NA,NA,NA,NA,NA,NA,NA,NA,NA,NA,NA,NA,NA,NA,NA,NA,NA,NA,NA,NA,NA,NA,NA,NA,NA,NA,NA,NA,NA,NA,NA,NA,NA,NA,NA,NA,NA,NA,NA,NA,NA,NA,NA,NA,NA,NA,NA
"AND_A01",2013,"8/26/2013","P09","B01","unknown","DGD01","2009",5,4,"CVL1999+BRN2009",30,"parapara","Jacaranda copaia","Bignoniaceae","O",9,"P09_B01_050x050m","T03_P01_U0030z",2287.270102,2287.270102,10,-46.83389569,-2.549653193,296084.4425,9718052.094,24,3,31.0467894,4,3.5,2.7,2.4,NA,1,"C",10,0,0,1,0.351,55.3,"055-Inf",2401.81827,852.8885341,314.4452489,55.08979366,6.684904364,0.357,4.859763727,FALSE,19.69,30.3,2,"chartreuse",1.016830933,0,0.000437202,0.000437202,1,1,2013-08-26,"P09_B01_050x050m",-46.83389569,-2.549653193,NA,NA,NA,NA,NA,NA,NA,NA,NA,NA,NA,NA,NA,NA,NA,NA,NA,NA,NA,NA,NA,NA,NA,NA,NA,NA,NA,NA,NA,NA,NA,NA,NA,NA,NA,NA,NA,NA,NA,NA,NA,NA,NA,NA,NA,NA,NA,NA,NA,NA,NA,NA,NA
"AND_A01",2013,"8/26/2013","P09","B01","unknown","DGD01","2009",5,4,"CVL1999+BRN2009",31,"guajara-bolacha","Pouteria oppositifolia","Sapotaceae","O",9,"P09_B01_050x050m","T03_P01_U0031z",2287.270102,2287.270102,10,-46.83389569,-2.549653193,296088.7737,9718034.011,28,22,89.53539063,3.3,6.4,6.7,5,NA,1,"C",10,0,0,1,0.65,51.8,"035-055",2107.411768,1251.837449,461.5308126,58.25420717,7.06864321,0.357,3.851807535,FALSE,17.76,27.63,3,"chartreuse4",0.969067475,0,0.000437202,0.000437202,0,1,2013-08-26,"P09_B01_050x050m",-46.83389569,-2.549653193,NA,NA,NA,NA,NA,NA,NA,NA,NA,NA,NA,NA,NA,NA,NA,NA,NA,NA,NA,NA,NA,NA,NA,NA,NA,NA,NA,NA,NA,NA,NA,NA,NA,NA,NA,NA,NA,NA,NA,NA,NA,NA,NA,NA,NA,NA,NA,NA,NA,NA,NA,NA,NA
"AND_A01",2013,"8/26/2013","P10","B01","unknown","UKN00","#NAME?",3,60,"CVL1999+BRN2009",32,"morta",NA,NA,"O",10,"P10_B01_050x050m","T03_P02_U0032z",242.5370001,2444.708732,10,-46.83334354,-2.5509261,296167.3354,9717916.291,3.6,7,0.031415927,0.1,0.1,0.1,0.1,4,NA,NA,0,1,0,1,0.512,23.7,"020-035",441.1502944,83.38263329,30.74173451,8.013159153,4.359715554,0.357,0.325713411,TRUE,NA,8.5,2,"chartreuse",0.585595148,0.004123082,0,0.004123082,0,1,2013-08-26,"P10_B01_050x050m",-46.83334354,-2.5509261,NA,NA,NA,NA,NA,NA,NA,NA,NA,NA,NA,NA,NA,NA,NA,NA,NA,NA,NA,NA,NA,NA,NA,NA,NA,NA,NA,NA,NA,NA,NA,NA,NA,NA,NA,NA,NA,NA,NA,NA,NA,NA,NA,NA,NA,NA,NA,NA,NA,NA,NA,NA,NA
"AND_A01",2013,"8/26/2013","P10","B01","unknown","UKN00","#NAME?",3,60,"CVL1999+BRN2009",33,"morta",NA,NA,"O",10,"P10_B01_050x050m","T03_P02_U0033z",2444.708732,2444.708732,10,-46.83334354,-2.5509261,296172.0623,9717913.878,0,11,0.031415927,0.1,0.1,0.1,0.1,3,NA,NA,0,1,0,1,0.587,90,"055-Inf",6361.725124,6127.329897,2259.04054,236.4105362,8.656789854,0.357,20.87676285,TRUE,NA,52.65,2,"chartreuse",1.490371494,0.000409047,0,0.000409047,1,1,2013-08-26,"P10_B01_050x050m",-46.83334354,-2.5509261,NA,NA,NA,NA,NA,NA,NA,NA,NA,NA,NA,NA,NA,NA,NA,NA,NA,NA,NA,NA,NA,NA,NA,NA,NA,NA,NA,NA,NA,NA,NA,NA,NA,NA,NA,NA,NA,NA,NA,NA,NA,NA,NA,NA,NA,NA,NA,NA,NA,NA,NA,NA,NA
"AND_A01",2013,"8/26/2013","P10","B01","unknown","UKN00","#NAME?",3,60,"CVL1999+BRN2009",34,"matamata branco","Eschweilera coriacea","Lecythidaceae","O",10,"P10_B01_050x050m","T03_P02_U0034z",2444.708732,2444.708732,10,-46.83334354,-2.5509261,296163.0488,9717909.179,10,12.4,77.58948456,4.3,5,6.8,3.9,NA,1,"E",10,0,0,1,0.852,55,"055-Inf",2375.829444,2162.712896,797.3548332,84.57550374,7.615394183,0.357,5.076790835,FALSE,28.92,32.74,4,"#004E00",1.012736922,0,0.000409047,0.000409047,1,1,2013-08-26,"P10_B01_050x050m",-46.83334354,-2.5509261,NA,NA,NA,NA,NA,NA,NA,NA,NA,NA,NA,NA,NA,NA,NA,NA,NA,NA,NA,NA,NA,NA,NA,NA,NA,NA,NA,NA,NA,NA,NA,NA,NA,NA,NA,NA,NA,NA,NA,NA,NA,NA,NA,NA,NA,NA,NA,NA,NA,NA,NA,NA,NA
"AND_A01",2013,"8/26/2013","P10","B01","unknown","UKN00","#NAME?",3,60,"CVL1999+BRN2009",35,"breu barrote","Tetragastris panamensis","Burseraceae","O",10,"P10_B01_050x050m","T03_P02_U0035z",2444.708732,2444.708732,10,-46.83334354,-2.5509261,296174.5827,9717906.558,0.1,19,50.89380099,3.8,5.2,3.4,3.8,NA,1,"C",10,0,0,1,0.717,38.8,"035-055",1182.369811,663.0506077,244.4552894,34.7294222,6.433126819,0.357,1.84951355,FALSE,17.51,23.28,3,"chartreuse4",0.791660349,0,0.000409047,0.000409047,0,1,2013-08-26,"P10_B01_050x050m",-46.83334354,-2.5509261,NA,NA,NA,NA,NA,NA,NA,NA,NA,NA,NA,NA,NA,NA,NA,NA,NA,NA,NA,NA,NA,NA,NA,NA,NA,NA,NA,NA,NA,NA,NA,NA,NA,NA,NA,NA,NA,NA,NA,NA,NA,NA,NA,NA,NA,NA,NA,NA,NA,NA,NA,NA,NA
"AND_A01",2013,"8/26/2013","P10","B01","unknown","UKN00","#NAME?",3,60,"CVL1999+BRN2009",36,"arataciu","Sagotia racemosa","Euphorbiaceae","O",10,"P10_B01_050x050m","T03_P02_U0036z",242.5370001,2444.708732,10,-46.83334354,-2.5509261,296174.4883,9717906.524,0.2,19,20.954423,2.8,2.8,1.8,3,NA,2,"S",10,0,0,1,0.58,11.7,"010-020",107.5131546,28.10029318,10.36009201,3.276046946,3.27205551,0.357,0.096897563,FALSE,7.33,12.41,2,"chartreuse",0.421834723,0,0.004123082,0.004123082,0,1,2013-08-26,"P10_B01_050x050m",-46.83334354,-2.5509261,NA,NA,NA,NA,NA,NA,NA,NA,NA,NA,NA,NA,NA,NA,NA,NA,NA,NA,NA,NA,NA,NA,NA,NA,NA,NA,NA,NA,NA,NA,NA,NA,NA,NA,NA,NA,NA,NA,NA,NA,NA,NA,NA,NA,NA,NA,NA,NA,NA,NA,NA,NA,NA
"AND_A01",2013,"8/26/2013","P10","B01","unknown","UKN00","#NAME?",3,60,"CVL1999+BRN2009",37,"breu","Protium heptaphyllum","Burseraceae","O",10,"P10_B01_050x050m","T03_P02_U0037z",242.5370001,2444.708732,10,-46.83334354,-2.5509261,296172.2233,9717905.699,2.6,19,17.34944543,1.9,2.3,2.8,2.4,NA,2,"S",10,0,0,1,0.629,16.8,"010-020",221.6707776,68.50373709,25.25614286,6.407198284,4.1631638,0.357,0.217817924,FALSE,9.03,13.83,3,"chartreuse4",0.491432904,0,0.004123082,0.004123082,0,1,2013-08-26,"P10_B01_050x050m",-46.83334354,-2.5509261,NA,NA,NA,NA,NA,NA,NA,NA,NA,NA,NA,NA,NA,NA,NA,NA,NA,NA,NA,NA,NA,NA,NA,NA,NA,NA,NA,NA,NA,NA,NA,NA,NA,NA,NA,NA,NA,NA,NA,NA,NA,NA,NA,NA,NA,NA,NA,NA,NA,NA,NA,NA,NA
"AND_A01",2013,"8/26/2013","P10","B01","unknown","UKN00","#NAME?",3,60,"CVL1999+BRN2009",38,"tanibuca","Terminalia amazonia","Combretaceae","O",10,"P10_B01_050x050m","T03_P02_U0038z",242.5370001,2444.708732,10,-46.83334354,-2.5509261,296175.9845,9717902.95,0,23,19.29723287,2.8,2,3.5,1.9,NA,2,"S",10,0,0,1,0.673,21,"020-035",346.3605901,154.0695924,56.80279357,11.30026228,4.973679899,0.357,0.457859116,FALSE,14.67,18.98,3,"chartreuse4",0.548749052,0,0.004123082,0.004123082,0,1,2013-08-26,"P10_B01_050x050m",-46.83334354,-2.5509261,NA,NA,NA,NA,NA,NA,NA,NA,NA,NA,NA,NA,NA,NA,NA,NA,NA,NA,NA,NA,NA,NA,NA,NA,NA,NA,NA,NA,NA,NA,NA,NA,NA,NA,NA,NA,NA,NA,NA,NA,NA,NA,NA,NA,NA,NA,NA,NA,NA,NA,NA,NA,NA
"AND_A01",2013,"8/26/2013","P10","B01","unknown","UKN00","#NAME?",3,60,"CVL1999+BRN2009",39,"tauari","Couratari stellata","Lecythidaceae","O",10,"P10_B01_050x050m","T03_P02_U0039z",242.5370001,2444.708732,10,-46.83334354,-2.5509261,296175.347,9717898.799,2,26.8,12.19931955,1.97057454,1.97057454,1.97057454,1.97057454,NA,2,"S",10,1,0,1,0.633,12.6,"010-020",124.6898124,38.53462577,14.20704994,4.140800529,3.587832708,0.357,0.121752372,FALSE,11.9,13.55,3,"chartreuse4",0.434116755,0,0.004123082,0.004123082,0,1,2013-08-26,"P10_B01_050x050m",-46.83334354,-2.5509261,NA,NA,NA,NA,NA,NA,NA,NA,NA,NA,NA,NA,NA,NA,NA,NA,NA,NA,NA,NA,NA,NA,NA,NA,NA,NA,NA,NA,NA,NA,NA,NA,NA,NA,NA,NA,NA,NA,NA,NA,NA,NA,NA,NA,NA,NA,NA,NA,NA,NA,NA,NA,NA
"AND_A01",2013,"8/26/2013","P10","B01","unknown","UKN00","#NAME?",3,60,"CVL1999+BRN2009",40,"breu branco","Protium paniculatum","Burseraceae","O",10,"P10_B01_050x050m","T03_P02_U0040z",242.5370001,2444.708732,10,-46.83334354,-2.5509261,296177.0552,9717898.189,0.6,28,33.45796176,3.2,4.1,2.8,3,NA,2,"S",10,0,0,1,0.49,16.1,"010-020",203.5830579,58.03575233,21.39677796,5.343050108,3.99733474,0.357,0.236880622,FALSE,12.78,16.31,2,"chartreuse",0.481880212,0,0.004123082,0.004123082,0,1,2013-08-26,"P10_B01_050x050m",-46.83334354,-2.5509261,NA,NA,NA,NA,NA,NA,NA,NA,NA,NA,NA,NA,NA,NA,NA,NA,NA,NA,NA,NA,NA,NA,NA,NA,NA,NA,NA,NA,NA,NA,NA,NA,NA,NA,NA,NA,NA,NA,NA,NA,NA,NA,NA,NA,NA,NA,NA,NA,NA,NA,NA,NA,NA
"AND_A01",2013,"8/26/2013","P10","B01","unknown","UKN00","#NAME?",3,60,"CVL1999+BRN2009",41,"morta",NA,NA,"O",10,"P10_B01_050x050m","T03_P02_U0041z",2444.708732,2444.708732,10,-46.83334354,-2.5509261,296173.1535,9717896.033,5,28.7,0.031415927,0.1,0.1,0.1,0.1,3,NA,NA,0,1,0,1,0.587,43,"035-055",1452.201204,110.7040302,40.81466092,14.19267537,4.643135745,0.357,0.377185793,TRUE,NA,2.37,2,"chartreuse",0.848976497,0.000409047,0,0.000409047,0,1,2013-08-26,"P10_B01_050x050m",-46.83334354,-2.5509261,NA,NA,NA,NA,NA,NA,NA,NA,NA,NA,NA,NA,NA,NA,NA,NA,NA,NA,NA,NA,NA,NA,NA,NA,NA,NA,NA,NA,NA,NA,NA,NA,NA,NA,NA,NA,NA,NA,NA,NA,NA,NA,NA,NA,NA,NA,NA,NA,NA,NA,NA,NA,NA
"AND_A01",2013,"8/26/2013","P10","B01","unknown","UKN00","#NAME?",3,60,"CVL1999+BRN2009",42,"matamata branco","Eschweilera coriacea","Lecythidaceae","O",10,"P10_B01_050x050m","T03_P02_U0042z",242.5370001,2444.708732,10,-46.83334354,-2.5509261,296177.6616,9717895.319,1,31,26.95486497,2.4,2.7,4.2,2.5,NA,2,"S",10,0,0,1,0.852,17.4,"010-020",237.787148,130.0035012,47.93004204,10.22879605,4.803836882,0.357,0.305172538,FALSE,13.63,18.35,4,"#004E00",0.499620925,0,0.004123082,0.004123082,0,1,2013-08-26,"P10_B01_050x050m",-46.83334354,-2.5509261,NA,NA,NA,NA,NA,NA,NA,NA,NA,NA,NA,NA,NA,NA,NA,NA,NA,NA,NA,NA,NA,NA,NA,NA,NA,NA,NA,NA,NA,NA,NA,NA,NA,NA,NA,NA,NA,NA,NA,NA,NA,NA,NA,NA,NA,NA,NA,NA,NA,NA,NA,NA,NA
"AND_A01",2013,"8/26/2013","P10","B01","unknown","UKN00","#NAME?",3,60,"CVL1999+BRN2009",43,"iperana","Eperua bijuga","Fabaceae","O",10,"P10_B01_050x050m","T03_P02_U0043z",242.5370001,2444.708732,10,-46.83334354,-2.5509261,296177.1656,9717890.8,3,35.2,15.48805178,1.6,2.7,1.8,3.1,NA,2,"S",10,0,0,1,0.729,15.3,"010-020",183.8538561,73.9015714,27.246231,6.741047554,4.239009592,0.357,0.202747795,FALSE,14.64,15.55,3,"chartreuse4",0.470962851,0,0.004123082,0.004123082,0,1,2013-08-26,"P10_B01_050x050m",-46.83334354,-2.5509261,NA,NA,NA,NA,NA,NA,NA,NA,NA,NA,NA,NA,NA,NA,NA,NA,NA,NA,NA,NA,NA,NA,NA,NA,NA,NA,NA,NA,NA,NA,NA,NA,NA,NA,NA,NA,NA,NA,NA,NA,NA,NA,NA,NA,NA,NA,NA,NA,NA,NA,NA,NA,NA
"AND_A01",2013,"8/26/2013","P10","B01","unknown","UKN00","#NAME?",3,60,"CVL1999+BRN2009",44,"andiroba","Carapa guianensis","Meliaceae","O",10,"P10_B01_050x050m","T03_P02_U0044z",2444.708732,2444.708732,10,-46.83334354,-2.5509261,296166.2743,9717885.729,15,36.2,48.94601354,3.2,4.5,4.4,3.7,NA,1,"C",10,0,0,1,0.53,53.2,"035-055",2222.865298,908.433709,334.9237941,48.29460754,6.747997418,0.357,3.428051732,FALSE,14.42,23.13,2,"chartreuse",0.988172858,0,0.000409047,0.000409047,0,1,2013-08-26,"P10_B01_050x050m",-46.83334354,-2.5509261,NA,NA,NA,NA,NA,NA,NA,NA,NA,NA,NA,NA,NA,NA,NA,NA,NA,NA,NA,NA,NA,NA,NA,NA,NA,NA,NA,NA,NA,NA,NA,NA,NA,NA,NA,NA,NA,NA,NA,NA,NA,NA,NA,NA,NA,NA,NA,NA,NA,NA,NA,NA,NA
"AND_A01",2013,"8/26/2013","P10","B01","unknown","UKN00","#NAME?",3,60,"CVL1999+BRN2009",45,"fava-paricana","Dimorphandra macrostachya","Fabaceae","O",10,"P10_B01_050x050m","T03_P02_U0045z",242.5370001,2444.708732,10,-46.83334354,-2.5509261,296176.2169,9717887.555,5,38,53.32853529,2.5,4.3,4.5,5.4,NA,2,"S",10,0,0,1,0.695,18.1,"010-020",257.3042923,115.1570547,42.45641403,9.091136366,4.68257239,0.357,0.331387208,FALSE,13.96,18.36,3,"chartreuse4",0.509173616,0,0.004123082,0.004123082,0,1,2013-08-26,"P10_B01_050x050m",-46.83334354,-2.5509261,NA,NA,NA,NA,NA,NA,NA,NA,NA,NA,NA,NA,NA,NA,NA,NA,NA,NA,NA,NA,NA,NA,NA,NA,NA,NA,NA,NA,NA,NA,NA,NA,NA,NA,NA,NA,NA,NA,NA,NA,NA,NA,NA,NA,NA,NA,NA,NA,NA,NA,NA,NA,NA
"AND_A01",2013,"8/26/2013","P10","B01","unknown","UKN00","#NAME?",3,60,"CVL1999+BRN2009",46,"jatereu","Lecythis idatimon","Lecythidaceae","O",10,"P10_B01_050x050m","T03_P02_U0046z",242.5370001,2444.708732,10,-46.83334354,-2.5509261,296179.438,9717885.962,2.5,40.7,10.44579557,1.8,1.2,2,2.3,NA,2,"S",10,0,0,1,0.799,11.2,"010-020",98.52034562,27.59579838,10.1740935,3.633093494,3.253939029,0.357,0.069075841,FALSE,7.33,9.65,3,"chartreuse4",0.415011372,0,0.004123082,0.004123082,0,1,2013-08-26,"P10_B01_050x050m",-46.83334354,-2.5509261,NA,NA,NA,NA,NA,NA,NA,NA,NA,NA,NA,NA,NA,NA,NA,NA,NA,NA,NA,NA,NA,NA,NA,NA,NA,NA,NA,NA,NA,NA,NA,NA,NA,NA,NA,NA,NA,NA,NA,NA,NA,NA,NA,NA,NA,NA,NA,NA,NA,NA,NA,NA,NA
"AND_A01",2013,"8/26/2013","P10","B01","unknown","UKN00","#NAME?",3,60,"CVL1999+BRN2009",47,"pelo-de-cutia","Banara guianensis","Salicaceae","O",10,"P10_B01_050x050m","T03_P02_U0047z",242.5370001,2444.708732,10,-46.83334354,-2.5509261,296182.6375,9717881.474,1,46.2,18.8574099,3.3,2,1.6,2.9,NA,2,"S",10,0,0,1,0.61,14.4,"010-020",162.8601632,56.90287479,20.97910561,5.353570434,3.977621363,0.357,0.186566803,FALSE,13.08,16.05,2,"chartreuse",0.458680819,0,0.004123082,0.004123082,0,1,2013-08-26,"P10_B01_050x050m",-46.83334354,-2.5509261,NA,NA,NA,NA,NA,NA,NA,NA,NA,NA,NA,NA,NA,NA,NA,NA,NA,NA,NA,NA,NA,NA,NA,NA,NA,NA,NA,NA,NA,NA,NA,NA,NA,NA,NA,NA,NA,NA,NA,NA,NA,NA,NA,NA,NA,NA,NA,NA,NA,NA,NA,NA,NA
"AND_A01",2013,"8/26/2013","P10","B01","unknown","UKN00","#NAME?",3,60,"CVL1999+BRN2009",48,"inga peludo","Inga grandis","Fabaceae","O",10,"P10_B01_050x050m","T03_P02_U0048z",242.5370001,2444.708732,10,-46.83334354,-2.5509261,296183.0631,9717880.29,1,47.5,20.85232124,1.6,0.8,4.3,3.7,NA,1,"S",11,0,0,1,0.578,12.2,"010-020",116.8986626,38.34836506,14.13837884,3.940137185,3.582987395,0.357,0.132693305,FALSE,10.91,15.75,2,"chartreuse",0.428658074,0,0.004123082,0.004123082,0,1,2013-08-26,"P10_B01_050x050m",-46.83334354,-2.5509261,NA,NA,NA,NA,NA,NA,NA,NA,NA,NA,NA,NA,NA,NA,NA,NA,NA,NA,NA,NA,NA,NA,NA,NA,NA,NA,NA,NA,NA,NA,NA,NA,NA,NA,NA,NA,NA,NA,NA,NA,NA,NA,NA,NA,NA,NA,NA,NA,NA,NA,NA,NA,NA
"AND_A01",2013,"8/26/2013","P10","B01","unknown","UKN00","#NAME?",3,60,"CVL1999+BRN2009",49,"marupa","Simarouba amara","Simaroubaceae","O",10,"P10_B01_050x050m","T03_P02_U0049z",242.5370001,2444.708732,10,-46.83334354,-2.5509261,296182.8879,9717877.846,2,49.8,6.660176426,1.3,1.8,0.3,3.5,NA,1,"S",10,0,0,1,0.383,11.1,"010-020",96.76890771,20.639265,7.609339981,2.380941557,2.96347083,0.357,0.107776841,FALSE,12.11,15.22,2,"chartreuse",0.413646702,0,0.004123082,0.004123082,0,1,2013-08-26,"P10_B01_050x050m",-46.83334354,-2.5509261,NA,NA,NA,NA,NA,NA,NA,NA,NA,NA,NA,NA,NA,NA,NA,NA,NA,NA,NA,NA,NA,NA,NA,NA,NA,NA,NA,NA,NA,NA,NA,NA,NA,NA,NA,NA,NA,NA,NA,NA,NA,NA,NA,NA,NA,NA,NA,NA,NA,NA,NA,NA,NA
"AND_A01",2013,"8/26/2013","P10","B01","unknown","UKN00","#NAME?",3,60,"CVL1999+BRN2009",50,"morta",NA,NA,"O",10,"P10_B01_050x050m","T03_P02_U0050z",2444.708732,2444.708732,10,-46.83334354,-2.5509261,296158.8941,9717876.955,25,42,0.031415927,0.1,0.1,0.1,0.1,3,NA,NA,0,1,0,1,0.587,57,"055-Inf",2551.758633,422.6635029,155.8287222,31.6768404,5.982851861,0.357,1.440080078,TRUE,NA,6.12,2,"chartreuse",1.040030326,0.000409047,0,0.000409047,1,1,2013-08-26,"P10_B01_050x050m",-46.83334354,-2.5509261,NA,NA,NA,NA,NA,NA,NA,NA,NA,NA,NA,NA,NA,NA,NA,NA,NA,NA,NA,NA,NA,NA,NA,NA,NA,NA,NA,NA,NA,NA,NA,NA,NA,NA,NA,NA,NA,NA,NA,NA,NA,NA,NA,NA,NA,NA,NA,NA,NA,NA,NA,NA,NA
"AND_A01",2013,"8/26/2013","P10","B01","unknown","UKN00","#NAME?",3,60,"CVL1999+BRN2009",51,"matamata branco","Eschweilera coriacea","Lecythidaceae","O",10,"P10_B01_050x050m","T03_P02_U0051z",2444.708732,2444.708732,10,-46.83334354,-2.5509261,296143.2814,9717864.838,44,48,33.69358121,0.7,4.3,4.8,3.5,NA,1,"C",10,0,0,1,0.852,41.2,"035-055",1333.166258,1074.368606,396.1011201,48.8310035,6.915763924,0.357,2.521992032,FALSE,19.06,28.49,4,"#004E00",0.824412434,0,0.000409047,0.000409047,0,1,2013-08-26,"P10_B01_050x050m",-46.83334354,-2.5509261,NA,NA,NA,NA,NA,NA,NA,NA,NA,NA,NA,NA,NA,NA,NA,NA,NA,NA,NA,NA,NA,NA,NA,NA,NA,NA,NA,NA,NA,NA,NA,NA,NA,NA,NA,NA,NA,NA,NA,NA,NA,NA,NA,NA,NA,NA,NA,NA,NA,NA,NA,NA,NA
"AND_A01",2013,"8/26/2013","P10","B01","unknown","UKN00","#NAME?",3,60,"CVL1999+BRN2009",52,"jatereu","Lecythis idatimon","Lecythidaceae","O",10,"P10_B01_050x050m","T03_P02_U0052z",2444.708732,2444.708732,10,-46.83334354,-2.5509261,296136.1889,9717886.309,43,25,35.81415625,3.7,6,2,2,NA,1,"S",10,0,0,1,0.799,37.6,"035-055",1110.364507,960.7859515,354.2251603,43.77323935,6.804027149,0.357,2.404971093,FALSE,20.39,32.53,3,"chartreuse4",0.775284306,0,0.000409047,0.000409047,0,1,2013-08-26,"P10_B01_050x050m",-46.83334354,-2.5509261,NA,NA,NA,NA,NA,NA,NA,NA,NA,NA,NA,NA,NA,NA,NA,NA,NA,NA,NA,NA,NA,NA,NA,NA,NA,NA,NA,NA,NA,NA,NA,NA,NA,NA,NA,NA,NA,NA,NA,NA,NA,NA,NA,NA,NA,NA,NA,NA,NA,NA,NA,NA,NA
"AND_A01",2013,"8/26/2013","P10","B01","unknown","UKN00","#NAME?",3,60,"CVL1999+BRN2009",53,"abiurana","Pouteria gongrijpii","Sapotaceae","O",10,"P10_B01_050x050m","T03_P02_U0053z",2444.708732,2444.708732,10,-46.83334354,-2.5509261,296138.6637,9717888.26,40,24,27.30829414,4,2.4,2.1,3.3,NA,1,"C",10,0,0,1,0.799,40.8,"035-055",1307.405199,1133.617821,417.945281,50.07635056,6.969444909,0.357,2.837591543,FALSE,22.73,32.73,3,"chartreuse4",0.818953753,0,0.000409047,0.000409047,0,1,2013-08-26,"P10_B01_050x050m",-46.83334354,-2.5509261,NA,NA,NA,NA,NA,NA,NA,NA,NA,NA,NA,NA,NA,NA,NA,NA,NA,NA,NA,NA,NA,NA,NA,NA,NA,NA,NA,NA,NA,NA,NA,NA,NA,NA,NA,NA,NA,NA,NA,NA,NA,NA,NA,NA,NA,NA,NA,NA,NA,NA,NA,NA,NA
"AND_A01",2013,"8/26/2013","P10","B01","unknown","UKN00","#NAME?",3,60,"CVL1999+BRN2009",54,"matamata branco","Eschweilera coriacea","Lecythidaceae","O",10,"P10_B01_050x050m","T03_P02_U0054z",2444.708732,2444.708732,10,-46.83334354,-2.5509261,296138.218,9717892.275,39,20,43.57389011,4,3.7,3.6,3.6,NA,1,"C",10,0,0,1,0.852,48,"035-055",1809.557368,1372.694669,506.0887791,60.1713192,7.160806499,0.357,3.222287955,FALSE,20.61,26.98,4,"#004E00",0.917210008,0,0.000409047,0.000409047,0,1,2013-08-26,"P10_B01_050x050m",-46.83334354,-2.5509261,NA,NA,NA,NA,NA,NA,NA,NA,NA,NA,NA,NA,NA,NA,NA,NA,NA,NA,NA,NA,NA,NA,NA,NA,NA,NA,NA,NA,NA,NA,NA,NA,NA,NA,NA,NA,NA,NA,NA,NA,NA,NA,NA,NA,NA,NA,NA,NA,NA,NA,NA,NA,NA
"AND_A01",2013,"8/26/2013","P11","B01","unknown","UKN00","#NAME?",3,60,"CVL1999+BRN2009",55,"jatereu","Lecythis idatimon","Lecythidaceae","O",11,"P11_B01_050x050m","T03_P03_U0055z",242.9646101,2485.793066,10,-46.83284243,-2.552176139,296223.1956,9717776.357,3.6,9.8,21.31570615,2.9,2,3,2.6,NA,2,"S",10,0,0,1,0.799,13.8,"010-020",149.5712262,72.04161492,26.56049722,6.568612728,4.213519437,0.357,0.180329449,FALSE,12.14,16.99,3,"chartreuse4",0.450492798,0,0.004115826,0.004115826,0,1,2013-08-26,"P11_B01_050x050m",-46.83284243,-2.552176139,NA,NA,NA,NA,NA,NA,NA,NA,NA,NA,NA,NA,NA,NA,NA,NA,NA,NA,NA,NA,NA,NA,NA,NA,NA,NA,NA,NA,NA,NA,NA,NA,NA,NA,NA,NA,NA,NA,NA,NA,NA,NA,NA,NA,NA,NA,NA,NA,NA,NA,NA,NA,NA
"AND_A01",2013,"8/26/2013","P11","B01","unknown","UKN00","#NAME?",3,60,"CVL1999+BRN2009",56,"caqui preto","Diospyros guianensis","Ebenaceae","O",11,"P11_B01_050x050m","T03_P03_U0056z",242.9646101,2485.793066,10,-46.83284243,-2.552176139,296225.6201,9717771.725,3,15,29.70375854,2.8,3.3,3.4,2.8,NA,1,"C",10,0,0,1,0.73,26.2,"020-035",539.1287153,298.2789327,109.9702827,18.47424028,5.634304564,0.357,0.817202555,FALSE,14.83,22.12,3,"chartreuse4",0.619711903,0,0.004115826,0.004115826,0,1,2013-08-26,"P11_B01_050x050m",-46.83284243,-2.552176139,NA,NA,NA,NA,NA,NA,NA,NA,NA,NA,NA,NA,NA,NA,NA,NA,NA,NA,NA,NA,NA,NA,NA,NA,NA,NA,NA,NA,NA,NA,NA,NA,NA,NA,NA,NA,NA,NA,NA,NA,NA,NA,NA,NA,NA,NA,NA,NA,NA,NA,NA,NA,NA
"AND_A01",2013,"8/26/2013","P11","B01","unknown","UKN00","#NAME?",3,60,"CVL1999+BRN2009",57,"abiurana","Pouteria gongrijpii","Sapotaceae","O",11,"P11_B01_050x050m","T03_P03_U0057z",2485.793066,2485.793066,10,-46.83284243,-2.552176139,296229.7272,9717766.516,1,21.4,26.78207737,2,3.8,4.2,1.7,NA,2,"C",10,0,0,1,0.799,65.1,"055-Inf",3328.52527,2129.735264,785.1965508,88.56848093,7.600028462,0.357,5.331001912,FALSE,17.51,24.53,3,"chartreuse4",1.150568613,0,0.000402286,0.000402286,1,1,2013-08-26,"P11_B01_050x050m",-46.83284243,-2.552176139,NA,NA,NA,NA,NA,NA,NA,NA,NA,NA,NA,NA,NA,NA,NA,NA,NA,NA,NA,NA,NA,NA,NA,NA,NA,NA,NA,NA,NA,NA,NA,NA,NA,NA,NA,NA,NA,NA,NA,NA,NA,NA,NA,NA,NA,NA,NA,NA,NA,NA,NA,NA,NA
"AND_A01",2013,"8/26/2013","P11","B01","unknown","UKN00","#NAME?",3,60,"CVL1999+BRN2009",58,"embauba branca","Cecropia palmata","Urticaceae","O",11,"P11_B01_050x050m","T03_P03_U0058z",242.9646101,2485.793066,10,-46.83284243,-2.552176139,296229.9605,9717762.698,2.2,25,9.330530181,0.3,1.6,3,2,NA,1,"S",11,0,0,1,0.339857143,13,"010-020",132.7322896,27.74067164,10.22750577,2.977412608,3.259175127,0.357,0.163249013,FALSE,14.68,16.93,2,"chartreuse",0.439575436,0,0.004115826,0.004115826,0,1,2013-08-26,"P11_B01_050x050m",-46.83284243,-2.552176139,NA,NA,NA,NA,NA,NA,NA,NA,NA,NA,NA,NA,NA,NA,NA,NA,NA,NA,NA,NA,NA,NA,NA,NA,NA,NA,NA,NA,NA,NA,NA,NA,NA,NA,NA,NA,NA,NA,NA,NA,NA,NA,NA,NA,NA,NA,NA,NA,NA,NA,NA,NA,NA
"AND_A01",2013,"8/26/2013","P11","B01","unknown","UKN00","#NAME?",3,60,"CVL1999+BRN2009",59,"matamata branco","Eschweilera coriacea","Lecythidaceae","O",11,"P11_B01_050x050m","T03_P03_U0059z",2485.793066,2485.793066,10,-46.83284243,-2.552176139,296214.0494,9717753.252,21,27.3,70.68583471,5.4,7,4.6,2,NA,2,"C",10,0,0,1,0.852,56.8,"055-Inf",2533.882971,1952.884312,719.9946643,79.96071999,7.513338193,0.357,4.584235475,FALSE,17.11,27.65,4,"#004E00",1.037300986,0,0.000402286,0.000402286,1,1,2013-08-26,"P11_B01_050x050m",-46.83284243,-2.552176139,NA,NA,NA,NA,NA,NA,NA,NA,NA,NA,NA,NA,NA,NA,NA,NA,NA,NA,NA,NA,NA,NA,NA,NA,NA,NA,NA,NA,NA,NA,NA,NA,NA,NA,NA,NA,NA,NA,NA,NA,NA,NA,NA,NA,NA,NA,NA,NA,NA,NA,NA,NA,NA
"AND_A01",2013,"8/26/2013","P11","B01","unknown","UKN00","#NAME?",3,60,"CVL1999+BRN2009",60,"inga vermelho","Inga alba","Fabaceae","O",11,"P11_B01_050x050m","T03_P03_U0060z",242.9646101,2485.793066,10,-46.83284243,-2.552176139,296234.8492,9717750.652,2,38,64.96813608,3,6.4,5.8,3,NA,2,"S",10,0,0,1,0.586,15.1,"010-020",179.0786352,60.68579117,22.37380144,5.592083368,4.041985088,0.357,0.207118741,FALSE,10.88,16.23,2,"chartreuse",0.46823351,0,0.004115826,0.004115826,0,1,2013-08-26,"P11_B01_050x050m",-46.83284243,-2.552176139,NA,NA,NA,NA,NA,NA,NA,NA,NA,NA,NA,NA,NA,NA,NA,NA,NA,NA,NA,NA,NA,NA,NA,NA,NA,NA,NA,NA,NA,NA,NA,NA,NA,NA,NA,NA,NA,NA,NA,NA,NA,NA,NA,NA,NA,NA,NA,NA,NA,NA,NA,NA,NA
"AND_A01",2013,"8/26/2013","P11","B01","unknown","UKN00","#NAME?",3,60,"CVL1999+BRN2009",61,"inga vermelho","Inga alba","Fabaceae","O",11,"P11_B01_050x050m","T03_P03_U0061z",242.9646101,2485.793066,10,-46.83284243,-2.552176139,296234.8492,9717750.652,2,38,29.26393557,1.3,3,5.6,2.4,NA,2,"S",10,0,0,1,0.586,16.4,"010-020",211.24069,74.64414421,27.52000475,6.50489766,4.249007578,0.357,0.254758171,FALSE,9.46,17.01,2,"chartreuse",0.485974223,0,0.004115826,0.004115826,0,1,2013-08-26,"P11_B01_050x050m",-46.83284243,-2.552176139,NA,NA,NA,NA,NA,NA,NA,NA,NA,NA,NA,NA,NA,NA,NA,NA,NA,NA,NA,NA,NA,NA,NA,NA,NA,NA,NA,NA,NA,NA,NA,NA,NA,NA,NA,NA,NA,NA,NA,NA,NA,NA,NA,NA,NA,NA,NA,NA,NA,NA,NA,NA,NA
"AND_A01",2013,"8/26/2013","P11","B01","unknown","UKN00","#NAME?",3,60,"CVL1999+BRN2009",62,"tachirana","Stryphnodendron paniculatum","Fabaceae","O",11,"P11_B01_050x050m","T03_P03_U0062z",2485.793066,2485.793066,10,-46.83284243,-2.552176139,296199.4513,9717750.612,36,24,160.4804067,8,5.8,5.9,8.9,NA,1,"E",10,0,0,1,0.653,55.4,"055-Inf",2410.512627,2320.358726,855.476124,93.25160492,7.685752576,0.357,7.106764858,FALSE,34.23,45.25,3,"chartreuse4",1.018195603,0,0.000402286,0.000402286,1,1,2013-08-26,"P11_B01_050x050m",-46.83284243,-2.552176139,NA,NA,NA,NA,NA,NA,NA,NA,NA,NA,NA,NA,NA,NA,NA,NA,NA,NA,NA,NA,NA,NA,NA,NA,NA,NA,NA,NA,NA,NA,NA,NA,NA,NA,NA,NA,NA,NA,NA,NA,NA,NA,NA,NA,NA,NA,NA,NA,NA,NA,NA,NA,NA
"AND_A01",2013,"8/26/2013","P11","B01","unknown","UKN00","#NAME?",3,60,"CVL1999+BRN2009",63,"freijo branco","Cordia scabrifolia","Boraginaceae","O",11,"P11_B01_050x050m","T03_P03_U0063z",2485.793066,2485.793066,10,-46.83284243,-2.552176139,296193.6237,9717754.885,40,18,51.52211952,4.4,4.3,3.6,3.9,NA,1,"C",10,0,0,1,0.474,49.2,"035-055",1901.16621,1200.332161,442.5417039,61.31979158,7.026629098,0.357,5.064692662,FALSE,30.27,40.23,2,"chartreuse",0.93358605,0,0.000402286,0.000402286,0,1,2013-08-26,"P11_B01_050x050m",-46.83284243,-2.552176139,NA,NA,NA,NA,NA,NA,NA,NA,NA,NA,NA,NA,NA,NA,NA,NA,NA,NA,NA,NA,NA,NA,NA,NA,NA,NA,NA,NA,NA,NA,NA,NA,NA,NA,NA,NA,NA,NA,NA,NA,NA,NA,NA,NA,NA,NA,NA,NA,NA,NA,NA,NA,NA
"AND_A01",2013,"8/26/2013","P11","B01","unknown","UKN00","#NAME?",3,60,"CVL1999+BRN2009",64,"tauari","Couratari stellata","Lecythidaceae","O",11,"P11_B01_050x050m","T03_P03_U0064z",2485.793066,2485.793066,10,-46.83284243,-2.552176139,296201.6713,9717758.3,31,18,64.9131582,6.4,4.5,2.3,5,NA,1,"E",10,0,0,1,0.633,68,"055-Inf",3631.681108,2871.919645,1058.827094,116.3348326,7.899011451,0.357,9.073995718,FALSE,25.97,38.55,3,"chartreuse4",1.190144049,0,0.000402286,0.000402286,1,1,2013-08-26,"P11_B01_050x050m",-46.83284243,-2.552176139,NA,NA,NA,NA,NA,NA,NA,NA,NA,NA,NA,NA,NA,NA,NA,NA,NA,NA,NA,NA,NA,NA,NA,NA,NA,NA,NA,NA,NA,NA,NA,NA,NA,NA,NA,NA,NA,NA,NA,NA,NA,NA,NA,NA,NA,NA,NA,NA,NA,NA,NA,NA,NA
"AND_A01",2013,"8/26/2013","P12","B01","unknown","UKN00","#NAME?",3,60,"CVL1999+BRN2009",65,"arataciu","Sagotia racemosa","Euphorbiaceae","O",12,"P12_B01_050x050m","T03_P04_U0065z",242.1948995,2353.646666,10,-46.83233745,-2.553420296,296278.1762,9717644.475,1.8,4,11.93805208,2,2.8,2,1,NA,2,"S",10,0,0,1,0.58,10.1,"010-020",80.11846665,16.41431771,6.051675001,2.309052318,2.734429485,0.357,0.056601096,FALSE,5.7,9.6,2,"chartreuse",0.4,0,0.004128906,0.004128906,0,1,2013-08-26,"P12_B01_050x050m",-46.83233745,-2.553420296,NA,NA,NA,NA,NA,NA,NA,NA,NA,NA,NA,NA,NA,NA,NA,NA,NA,NA,NA,NA,NA,NA,NA,NA,NA,NA,NA,NA,NA,NA,NA,NA,NA,NA,NA,NA,NA,NA,NA,NA,NA,NA,NA,NA,NA,NA,NA,NA,NA,NA,NA,NA,NA
"AND_A01",2013,"8/26/2013","P12","B01","unknown","UKN00","#NAME?",3,60,"CVL1999+BRN2009",66,"papo-de-mutum","Lacunaria jenmanii","Ochnaceae","O",12,"P12_B01_050x050m","T03_P04_U0066z",242.1948995,2353.646666,10,-46.83233745,-2.553420296,296279.3924,9717638.334,3.2,10,11.92234412,1.5,2.8,1.8,1.8,NA,2,"S",11,0,0,1,0.803,11,"010-020",95.03317777,33.30675004,12.27962259,3.971273909,3.44203558,0.357,0.082955791,FALSE,9.87,12.07,3,"chartreuse4",0.412282032,0,0.004128906,0.004128906,0,1,2013-08-26,"P12_B01_050x050m",-46.83233745,-2.553420296,NA,NA,NA,NA,NA,NA,NA,NA,NA,NA,NA,NA,NA,NA,NA,NA,NA,NA,NA,NA,NA,NA,NA,NA,NA,NA,NA,NA,NA,NA,NA,NA,NA,NA,NA,NA,NA,NA,NA,NA,NA,NA,NA,NA,NA,NA,NA,NA,NA,NA,NA,NA,NA
"AND_A01",2013,"8/26/2013","P12","B01","unknown","UKN00","#NAME?",3,60,"CVL1999+BRN2009",67,"papo-de-mutum","Lacunaria jenmanii","Ochnaceae","O",12,"P12_B01_050x050m","T03_P04_U0067z",242.1948995,2353.646666,10,-46.83233745,-2.553420296,296282.3636,9717636.246,1.2,13,24.5044227,3.5,2.9,2.5,2.3,NA,2,"S",11,0,0,1,0.803,10.1,"010-020",80.11846665,15.59592847,5.749949042,2.600625656,2.683285384,0.357,0.038844156,FALSE,-3.58,6.58,3,"chartreuse4",0.4,0,0.004128906,0.004128906,0,1,2013-08-26,"P12_B01_050x050m",-46.83233745,-2.553420296,NA,NA,NA,NA,NA,NA,NA,NA,NA,NA,NA,NA,NA,NA,NA,NA,NA,NA,NA,NA,NA,NA,NA,NA,NA,NA,NA,NA,NA,NA,NA,NA,NA,NA,NA,NA,NA,NA,NA,NA,NA,NA,NA,NA,NA,NA,NA,NA,NA,NA,NA,NA,NA
"AND_A01",2013,"8/26/2013","P12","B01","unknown","UKN00","#NAME?",3,60,"CVL1999+BRN2009",68,"andiroba","Carapa guianensis","Meliaceae","O",12,"P12_B01_050x050m","T03_P04_U0068z",242.1948995,2353.646666,10,-46.83233745,-2.553420296,296284.6538,9717622.86,4.6,26,9.330530181,0.6,1.3,2.1,3.1,NA,2,"S",10,0,0,1,0.53,12.4,"010-020",120.7628216,47.82830176,17.63346751,4.372231163,3.803893051,0.357,0.180484158,FALSE,12.77,20.85,2,"chartreuse",0.431387415,0,0.004128906,0.004128906,0,1,2013-08-26,"P12_B01_050x050m",-46.83233745,-2.553420296,NA,NA,NA,NA,NA,NA,NA,NA,NA,NA,NA,NA,NA,NA,NA,NA,NA,NA,NA,NA,NA,NA,NA,NA,NA,NA,NA,NA,NA,NA,NA,NA,NA,NA,NA,NA,NA,NA,NA,NA,NA,NA,NA,NA,NA,NA,NA,NA,NA,NA,NA,NA,NA
"AND_A01",2013,"8/26/2013","P12","B01","unknown","UKN00","#NAME?",3,60,"CVL1999+BRN2009",69,"morta",NA,NA,"O",12,"P12_B01_050x050m","T03_P04_U0069z",2353.646666,2353.646666,10,-46.83233745,-2.553420296,296275.3239,9717641.046,6,6,0.031415927,0.1,0.1,0.1,0.1,3,NA,NA,0,1,0,1,0.587,70,"055-Inf",3848.451001,1779.578154,656.0996817,83.36125857,7.420407123,0.357,6.063298651,TRUE,NA,21.47,2,"chartreuse",1.217437453,0.000424873,0,0.000424873,1,1,2013-08-26,"P12_B01_050x050m",-46.83233745,-2.553420296,NA,NA,NA,NA,NA,NA,NA,NA,NA,NA,NA,NA,NA,NA,NA,NA,NA,NA,NA,NA,NA,NA,NA,NA,NA,NA,NA,NA,NA,NA,NA,NA,NA,NA,NA,NA,NA,NA,NA,NA,NA,NA,NA,NA,NA,NA,NA,NA,NA,NA,NA,NA,NA
"AND_A01",2013,"8/26/2013","P12","B01","unknown","UKN00","#NAME?",3,60,"CVL1999+BRN2009",70,"liana",NA,NA,"L",12,"P12_B01_050x050m","T03_P04_U0070z",242.1948995,2353.646666,10,-46.83233745,-2.553420296,296277.3739,9717646.802,1.6,1.6,0.031415927,0.1,0.1,0.1,0.1,NA,NA,NA,11,1,1,1,0.401,11,"010-020",95.03317777,111.0588853,149.3067729,0.536515379,4.193932559,1.016,0.553909653,FALSE,NA,11.82579248,2,"chartreuse",0.412282032,0,0.004128906,0.004128906,0,1,2013-08-26,"P12_B01_050x050m",-46.83233745,-2.553420296,NA,NA,NA,NA,NA,NA,NA,NA,NA,NA,NA,NA,NA,NA,NA,NA,NA,NA,NA,NA,NA,NA,NA,NA,NA,NA,NA,NA,NA,NA,NA,NA,NA,NA,NA,NA,NA,NA,NA,NA,NA,NA,NA,NA,NA,NA,NA,NA,NA,NA,NA,NA,NA
"AND_A01",2013,"8/26/2013","P12","B01","unknown","UKN00","#NAME?",3,60,"CVL1999+BRN2009",71,"jatereu","Lecythis idatimon","Lecythidaceae","O",12,"P12_B01_050x050m","T03_P04_U0071z",242.1948995,2353.646666,10,-46.83233745,-2.553420296,296290.5781,9717619.682,0.2,31,14.51415806,2.6,2.2,1.8,2,NA,2,"S",10,0,0,1,0.799,19.1,"010-020",286.521104,189.7224678,69.947392,12.80729386,5.181837809,0.357,0.474899794,FALSE,18.01,23.92,3,"chartreuse4",0.522820318,0,0.004128906,0.004128906,0,1,2013-08-26,"P12_B01_050x050m",-46.83233745,-2.553420296,NA,NA,NA,NA,NA,NA,NA,NA,NA,NA,NA,NA,NA,NA,NA,NA,NA,NA,NA,NA,NA,NA,NA,NA,NA,NA,NA,NA,NA,NA,NA,NA,NA,NA,NA,NA,NA,NA,NA,NA,NA,NA,NA,NA,NA,NA,NA,NA,NA,NA,NA,NA,NA
"AND_A01",2013,"8/26/2013","P12","B01","unknown","UKN00","#NAME?",3,60,"CVL1999+BRN2009",72,"coco-pau","Couepia robusta","Chrysobalanaceae","O",12,"P12_B01_050x050m","T03_P04_U0072z",2353.646666,2353.646666,10,-46.83233745,-2.553420296,296288.8955,9717616.413,3.2,33.4,408.9175538,10,7.7,9.5,19,NA,1,"E",10,0,0,1,0.83,95,"055-Inf",7088.218425,8990.952456,3314.808642,276.4816763,9.040249568,0.357,21.66494568,FALSE,40.89,48.5,4,"#004E00",1.558605004,0,0.000424873,0.000424873,1,1,2013-08-26,"P12_B01_050x050m",-46.83233745,-2.553420296,NA,NA,NA,NA,NA,NA,NA,NA,NA,NA,NA,NA,NA,NA,NA,NA,NA,NA,NA,NA,NA,NA,NA,NA,NA,NA,NA,NA,NA,NA,NA,NA,NA,NA,NA,NA,NA,NA,NA,NA,NA,NA,NA,NA,NA,NA,NA,NA,NA,NA,NA,NA,NA
"AND_A01",2013,"8/26/2013","P12","B01","unknown","UKN00","#NAME?",3,60,"CVL1999+BRN2009",73,"maratimbe",NA,NA,"O",12,"P12_B01_050x050m","T03_P04_U0073z",242.1948995,2353.646666,10,-46.83233745,-2.553420296,296294.678,9717605.935,2,45,15.90431281,2.5,2.6,2,1.9,NA,2,"S",3,0,0,1,0.648484417,10.1,"010-020",80.11846665,15.18885291,5.599867326,2.32786612,2.656837298,0.357,0.046844157,FALSE,4.22,7.93,3,"chartreuse4",0.4,0,0.004128906,0.004128906,0,1,2013-08-26,"P12_B01_050x050m",-46.83233745,-2.553420296,NA,NA,NA,NA,NA,NA,NA,NA,NA,NA,NA,NA,NA,NA,NA,NA,NA,NA,NA,NA,NA,NA,NA,NA,NA,NA,NA,NA,NA,NA,NA,NA,NA,NA,NA,NA,NA,NA,NA,NA,NA,NA,NA,NA,NA,NA,NA,NA,NA,NA,NA,NA,NA
"AND_A01",2013,"8/26/2013","P12","B01","unknown","UKN00","#NAME?",3,60,"CVL1999+BRN2009",74,"jatereu","Lecythis idatimon","Lecythidaceae","O",12,"P12_B01_050x050m","T03_P04_U0074z",242.1948995,2353.646666,10,-46.83233745,-2.553420296,296295.9783,9717605.319,1,46,27.89734276,2.4,3,5,1.8,NA,1,"C",10,0,0,1,0.799,28.4,"020-035",633.4707427,411.3786903,151.668207,23.49036803,5.955789678,0.357,1.029733893,FALSE,18.66,23.91,3,"chartreuse4",0.649734647,0,0.004128906,0.004128906,0,1,2013-08-26,"P12_B01_050x050m",-46.83233745,-2.553420296,NA,NA,NA,NA,NA,NA,NA,NA,NA,NA,NA,NA,NA,NA,NA,NA,NA,NA,NA,NA,NA,NA,NA,NA,NA,NA,NA,NA,NA,NA,NA,NA,NA,NA,NA,NA,NA,NA,NA,NA,NA,NA,NA,NA,NA,NA,NA,NA,NA,NA,NA,NA,NA
"AND_A01",2013,"8/26/2013","P12","B01","unknown","UKN00","#NAME?",3,60,"CVL1999+BRN2009",75,"matamata branco","Eschweilera coriacea","Lecythidaceae","O",12,"P12_B01_050x050m","T03_P04_U0075z",242.1948995,2353.646666,10,-46.83233745,-2.553420296,296294.3606,9717606.906,1.9,44,63.90784856,4,3.3,3.9,7,NA,1,"E",10,0,0,1,0.852,20,"020-035",314.1592654,242.5172374,89.41191027,15.26786883,5.42734829,0.357,0.56928929,FALSE,19.47,26.31,4,"#004E00",0.53510235,0,0.004128906,0.004128906,0,1,2013-08-26,"P12_B01_050x050m",-46.83233745,-2.553420296,NA,NA,NA,NA,NA,NA,NA,NA,NA,NA,NA,NA,NA,NA,NA,NA,NA,NA,NA,NA,NA,NA,NA,NA,NA,NA,NA,NA,NA,NA,NA,NA,NA,NA,NA,NA,NA,NA,NA,NA,NA,NA,NA,NA,NA,NA,NA,NA,NA,NA,NA,NA,NA
"AND_A01",2013,"8/26/2013","P12","B01","unknown","UKN00","#NAME?",3,60,"CVL1999+BRN2009",76,"anani","Symphonia globulifera","Clusiaceae","O",12,"P12_B01_050x050m","T03_P04_U0076z",2353.646666,2353.646666,10,-46.83233745,-2.553420296,296279.7972,9717597.353,20,48,91.6009878,4.7,5.6,6,5.3,NA,2,"C",10,0,0,1,0.6,41.3,"035-055",1339.645793,789.188414,290.9601166,39.85625062,6.607280593,0.357,2.630628047,FALSE,18.94,29.35,2,"chartreuse",0.825777104,0,0.000424873,0.000424873,0,1,2013-08-26,"P12_B01_050x050m",-46.83233745,-2.553420296,NA,NA,NA,NA,NA,NA,NA,NA,NA,NA,NA,NA,NA,NA,NA,NA,NA,NA,NA,NA,NA,NA,NA,NA,NA,NA,NA,NA,NA,NA,NA,NA,NA,NA,NA,NA,NA,NA,NA,NA,NA,NA,NA,NA,NA,NA,NA,NA,NA,NA,NA,NA,NA
"AND_A01",2013,"8/26/2013","P12","B01","unknown","UKN00","#NAME?",3,60,"CVL1999+BRN2009",77,"pau-jacare","Laetia procera","Salicaceae","O",12,"P12_B01_050x050m","T03_P04_U0077z",2353.646666,2353.646666,10,-46.83233745,-2.553420296,296270.0675,9717595.96,30,46,119.7732199,7.1,5.4,5.4,6.8,NA,1,"E",10,0,0,1,0.648,58.3,"055-Inf",2669.481964,2015.387144,743.038377,84.97825498,7.544842087,0.357,6.220330691,FALSE,23.55,35.64,3,"chartreuse4",1.057771039,0,0.000424873,0.000424873,1,1,2013-08-26,"P12_B01_050x050m",-46.83233745,-2.553420296,NA,NA,NA,NA,NA,NA,NA,NA,NA,NA,NA,NA,NA,NA,NA,NA,NA,NA,NA,NA,NA,NA,NA,NA,NA,NA,NA,NA,NA,NA,NA,NA,NA,NA,NA,NA,NA,NA,NA,NA,NA,NA,NA,NA,NA,NA,NA,NA,NA,NA,NA,NA,NA
"AND_A01",2013,"8/26/2013","P12","B01","unknown","UKN00","#NAME?",3,60,"CVL1999+BRN2009",78,"jatereu","Lecythis idatimon","Lecythidaceae","O",12,"P12_B01_050x050m","T03_P04_U0078z",2353.646666,2353.646666,10,-46.83233745,-2.553420296,296270.961,9717596.282,29,46,48.2391552,2.2,4.3,5.2,4,NA,2,"S",10,0,0,1,0.799,36.5,"035-055",1046.346703,684.2444588,252.2690956,35.08604324,6.46459075,0.357,1.712752087,FALSE,17.72,24.38,3,"chartreuse4",0.760272934,0,0.000424873,0.000424873,0,1,2013-08-26,"P12_B01_050x050m",-46.83233745,-2.553420296,NA,NA,NA,NA,NA,NA,NA,NA,NA,NA,NA,NA,NA,NA,NA,NA,NA,NA,NA,NA,NA,NA,NA,NA,NA,NA,NA,NA,NA,NA,NA,NA,NA,NA,NA,NA,NA,NA,NA,NA,NA,NA,NA,NA,NA,NA,NA,NA,NA,NA,NA,NA,NA
"AND_A01",2013,"8/26/2013","P12","B01","unknown","UKN00","#NAME?",3,60,"CVL1999+BRN2009",79,NA,NA,NA,"O",12,"P12_B01_050x050m","T03_P04_U0079z",2353.646666,2353.646666,10,-46.83233745,-2.553420296,296259.8143,9717600.545,38,38,37.93473129,3.6,3.2,3.3,3.8,NA,1,"C",3,0,0,1,0.648484417,46.3,"035-055",1683.650189,883.2665416,325.6450948,44.31221208,6.719902514,0.357,2.724094885,FALSE,20.16,24.25,3,"chartreuse4",0.894010614,0,0.000424873,0.000424873,0,1,2013-08-26,"P12_B01_050x050m",-46.83233745,-2.553420296,NA,NA,NA,NA,NA,NA,NA,NA,NA,NA,NA,NA,NA,NA,NA,NA,NA,NA,NA,NA,NA,NA,NA,NA,NA,NA,NA,NA,NA,NA,NA,NA,NA,NA,NA,NA,NA,NA,NA,NA,NA,NA,NA,NA,NA,NA,NA,NA,NA,NA,NA,NA,NA
"AND_A01",2013,"8/26/2013","P12","B01","unknown","UKN00","#NAME?",3,60,"CVL1999+BRN2009",80,"matamata branco","Eschweilera coriacea","Lecythidaceae","O",12,"P12_B01_050x050m","T03_P04_U0080z",2353.646666,2353.646666,10,-46.83233745,-2.553420296,296259.197,9717597.2,40,41,65.42366701,5,3.6,4.8,4.9,NA,1,"C",10,0,0,1,0.852,47.5,"035-055",1772.054606,1601.240099,590.3495257,66.12209659,7.31480917,0.357,3.758779575,FALSE,24.44,32.26,4,"#004E00",0.910386657,0,0.000424873,0.000424873,0,1,2013-08-26,"P12_B01_050x050m",-46.83233745,-2.553420296,NA,NA,NA,NA,NA,NA,NA,NA,NA,NA,NA,NA,NA,NA,NA,NA,NA,NA,NA,NA,NA,NA,NA,NA,NA,NA,NA,NA,NA,NA,NA,NA,NA,NA,NA,NA,NA,NA,NA,NA,NA,NA,NA,NA,NA,NA,NA,NA,NA,NA,NA,NA,NA
"AND_A01",2013,"8/26/2013","P12","B01","unknown","UKN00","#NAME?",3,60,"CVL1999+BRN2009",81,"morta",NA,NA,"O",12,"P12_B01_050x050m","T03_P04_U0081z",2353.646666,2353.646666,10,-46.83233745,-2.553420296,296255.2484,9717596.775,44,40,0.031415927,0.1,0.1,0.1,0.1,4,NA,NA,0,1,0,1,0.512,74.5,"055-Inf",4359.156156,1737.395096,640.5475177,87.06283292,7.396417699,0.357,6.786699593,TRUE,NA,21.16,2,"chartreuse",1.278847612,0.000424873,0,0.000424873,1,1,2013-08-26,"P12_B01_050x050m",-46.83233745,-2.553420296,NA,NA,NA,NA,NA,NA,NA,NA,NA,NA,NA,NA,NA,NA,NA,NA,NA,NA,NA,NA,NA,NA,NA,NA,NA,NA,NA,NA,NA,NA,NA,NA,NA,NA,NA,NA,NA,NA,NA,NA,NA,NA,NA,NA,NA,NA,NA,NA,NA,NA,NA,NA,NA
"AND_A01",2013,"8/26/2013","P12","B01","unknown","UKN00","#NAME?",3,60,"CVL1999+BRN2009",82,"sucuuba","Himatanthus sucuuba","Apocynaceae","O",12,"P12_B01_050x050m","T03_P04_U0082z",2353.646666,2353.646666,10,-46.83233745,-2.553420296,296264.1983,9717642.88,16,0,52.15043805,2.3,4.8,6,3.2,NA,1,"E",10,0,0,1,0.462,42.6,"035-055",1425.309171,751.6276883,277.1121268,41.38062154,6.558516606,0.357,3.253799517,FALSE,15.56,34.08,2,"chartreuse",0.843517817,0,0.000424873,0.000424873,0,1,2013-08-26,"P12_B01_050x050m",-46.83233745,-2.553420296,NA,NA,NA,NA,NA,NA,NA,NA,NA,NA,NA,NA,NA,NA,NA,NA,NA,NA,NA,NA,NA,NA,NA,NA,NA,NA,NA,NA,NA,NA,NA,NA,NA,NA,NA,NA,NA,NA,NA,NA,NA,NA,NA,NA,NA,NA,NA,NA,NA,NA,NA,NA,NA
"AND_A01",2013,"8/26/2013","P13","B01","unknown","DGD01","2009",5,4,"CVL1999+BRN2009",1,"tatapiririca","Tapirira guianensis","Anacardiaceae","O",13,"P13_B01_050x050m","T04_P01_U0001z",250.6856213,2468.868159,10,-46.83549938,-2.550400456,295925.3044,9717977.854,3.6,4,34.97378022,3.5,6,2.6,1.3,NA,1,"S",10,0,0,1,0.457,17.4,"010-020",237.787148,42.07827609,15.51353251,4.50761167,3.6758071,0.357,0.184150005,FALSE,7.98,10.77,2,"chartreuse",0.499620925,0,0.00398906,0.00398906,0,1,2013-08-26,"P13_B01_050x050m",-46.83549938,-2.550400456,NA,NA,NA,NA,NA,NA,NA,NA,NA,NA,NA,NA,NA,NA,NA,NA,NA,NA,NA,NA,NA,NA,NA,NA,NA,NA,NA,NA,NA,NA,NA,NA,NA,NA,NA,NA,NA,NA,NA,NA,NA,NA,NA,NA,NA,NA,NA,NA,NA,NA,NA,NA,NA
"AND_A01",2013,"8/26/2013","P13","B01","unknown","DGD01","2009",5,4,"CVL1999+BRN2009",2,"cupiuba","Goupia glabra","Goupiaceae","O",13,"P13_B01_050x050m","T04_P01_U0002z",2468.868159,2468.868159,10,-46.83549938,-2.550400456,295926.0078,9717973.415,4.6,8.3,52.73948667,3.5,5.2,4.4,3.3,NA,1,"C",10,0,0,1,0.727,53.5,"035-055",2248.005893,1426.780566,526.0293138,63.76865533,7.199451333,0.357,3.925118476,FALSE,19.09,26.48,3,"chartreuse4",0.992266869,0,0.000405044,0.000405044,0,1,2013-08-26,"P13_B01_050x050m",-46.83549938,-2.550400456,NA,NA,NA,NA,NA,NA,NA,NA,NA,NA,NA,NA,NA,NA,NA,NA,NA,NA,NA,NA,NA,NA,NA,NA,NA,NA,NA,NA,NA,NA,NA,NA,NA,NA,NA,NA,NA,NA,NA,NA,NA,NA,NA,NA,NA,NA,NA,NA,NA,NA,NA,NA,NA
"AND_A01",2013,"8/26/2013","P13","B01","unknown","DGD01","2009",5,4,"CVL1999+BRN2009",3,"piquia","Caryocar villosum","Caryocaraceae","O",13,"P13_B01_050x050m","T04_P01_U0003z",250.6856213,2468.868159,10,-46.83549938,-2.550400456,295929.5611,9717974.226,1,9,12.91979979,1.8,3.5,1.7,1.2,NA,1,"S",10,0,0,1,0.758,14.9,"010-020",174.3662463,64.46891558,23.76857397,6.289633425,4.102458679,0.357,0.17010268,FALSE,10.19,13.71,3,"chartreuse4",0.46550417,0,0.00398906,0.00398906,0,1,2013-08-26,"P13_B01_050x050m",-46.83549938,-2.550400456,NA,NA,NA,NA,NA,NA,NA,NA,NA,NA,NA,NA,NA,NA,NA,NA,NA,NA,NA,NA,NA,NA,NA,NA,NA,NA,NA,NA,NA,NA,NA,NA,NA,NA,NA,NA,NA,NA,NA,NA,NA,NA,NA,NA,NA,NA,NA,NA,NA,NA,NA,NA,NA
"AND_A01",2013,"8/26/2013","P13","B01","unknown","DGD01","2009",5,4,"CVL1999+BRN2009",4,"tatapiririca","Tapirira guianensis","Anacardiaceae","O",13,"P13_B01_050x050m","T04_P01_U0004z",250.6856213,2468.868159,10,-46.83549938,-2.550400456,295927.9482,9717970.193,4,12,32.6725636,3,3,3.4,3.5,NA,1,"S",10,0,0,1,0.457,12.7,"010-020",126.6768698,30.09401373,11.09514229,3.263251056,3.340601773,0.357,0.131702467,FALSE,9.81,14.34,2,"chartreuse",0.435481425,0,0.00398906,0.00398906,0,1,2013-08-26,"P13_B01_050x050m",-46.83549938,-2.550400456,NA,NA,NA,NA,NA,NA,NA,NA,NA,NA,NA,NA,NA,NA,NA,NA,NA,NA,NA,NA,NA,NA,NA,NA,NA,NA,NA,NA,NA,NA,NA,NA,NA,NA,NA,NA,NA,NA,NA,NA,NA,NA,NA,NA,NA,NA,NA,NA,NA,NA,NA,NA,NA
"AND_A01",2013,"8/26/2013","P13","B01","unknown","DGD01","2009",5,4,"CVL1999+BRN2009",5,"fava amargosa","Vataireopsis speciosa","Fabaceae","O",13,"P13_B01_050x050m","T04_P01_U0005z",250.6856213,2468.868159,10,-46.83549938,-2.550400456,295929.6581,9717964.331,4.6,18,8.168140899,1.8,0.6,2.2,2,NA,1,"S",10,0,0,1,0.65,28,"020-035",615.7521601,130.1608391,47.9880498,11.53062614,4.805046409,0.357,0.400494889,FALSE,7.91,9.3,3,"chartreuse4",0.644275967,0,0.00398906,0.00398906,0,1,2013-08-26,"P13_B01_050x050m",-46.83549938,-2.550400456,NA,NA,NA,NA,NA,NA,NA,NA,NA,NA,NA,NA,NA,NA,NA,NA,NA,NA,NA,NA,NA,NA,NA,NA,NA,NA,NA,NA,NA,NA,NA,NA,NA,NA,NA,NA,NA,NA,NA,NA,NA,NA,NA,NA,NA,NA,NA,NA,NA,NA,NA,NA,NA
"AND_A01",2013,"8/26/2013","P13","B01","unknown","DGD01","2009",5,4,"CVL1999+BRN2009",6,"muiratinga","Maquira coriacea","Moraceae","O",13,"P13_B01_050x050m","T04_P01_U0006z",250.6856213,2468.868159,10,-46.83549938,-2.550400456,295936.8793,9717958.327,0.1,26.3,21.48849375,2.2,1.7,2.6,4,NA,1,"E",10,0,0,1,0.511,29.9,"020-035",702.1538121,353.4354338,130.3055306,21.07252745,5.80397632,0.357,1.383308939,FALSE,22,28.87,2,"chartreuse",0.670204701,0,0.00398906,0.00398906,0,1,2013-08-26,"P13_B01_050x050m",-46.83549938,-2.550400456,NA,NA,NA,NA,NA,NA,NA,NA,NA,NA,NA,NA,NA,NA,NA,NA,NA,NA,NA,NA,NA,NA,NA,NA,NA,NA,NA,NA,NA,NA,NA,NA,NA,NA,NA,NA,NA,NA,NA,NA,NA,NA,NA,NA,NA,NA,NA,NA,NA,NA,NA,NA,NA
"AND_A01",2013,"8/26/2013","P13","B01","unknown","DGD01","2009",5,4,"CVL1999+BRN2009",7,"abiurana branca","Pouteria guianensis","Sapotaceae","O",13,"P13_B01_050x050m","T04_P01_U0007z",250.6856213,2468.868159,10,-46.83549938,-2.550400456,295936.5279,9717955.202,1.6,29,19.46216649,2.2,2.8,2,3.1,NA,1,"S",10,0,0,1,0.929,14.6,"010-020",167.4154725,68.13419712,25.11989987,6.978142392,4.157754748,0.357,0.146682879,FALSE,6.98,12.33,4,"#004E00",0.461410159,0,0.00398906,0.00398906,0,1,2013-08-26,"P13_B01_050x050m",-46.83549938,-2.550400456,NA,NA,NA,NA,NA,NA,NA,NA,NA,NA,NA,NA,NA,NA,NA,NA,NA,NA,NA,NA,NA,NA,NA,NA,NA,NA,NA,NA,NA,NA,NA,NA,NA,NA,NA,NA,NA,NA,NA,NA,NA,NA,NA,NA,NA,NA,NA,NA,NA,NA,NA,NA,NA
"AND_A01",2013,"8/26/2013","P13","B01","unknown","DGD01","2009",5,4,"CVL1999+BRN2009",8,"jatereu","Lecythis idatimon","Lecythidaceae","O",13,"P13_B01_050x050m","T04_P01_U0008z",250.6856213,2468.868159,10,-46.83549938,-2.550400456,295934.265,9717953.132,4.5,30,29.90796206,2.7,4.3,2.9,2.5,NA,1,"S",10,0,0,1,0.799,28.4,"020-035",633.4707427,248.4098324,91.58440813,17.67495932,5.451355432,0.357,0.621801833,FALSE,9.18,14.26,3,"chartreuse4",0.649734647,0,0.00398906,0.00398906,0,1,2013-08-26,"P13_B01_050x050m",-46.83549938,-2.550400456,NA,NA,NA,NA,NA,NA,NA,NA,NA,NA,NA,NA,NA,NA,NA,NA,NA,NA,NA,NA,NA,NA,NA,NA,NA,NA,NA,NA,NA,NA,NA,NA,NA,NA,NA,NA,NA,NA,NA,NA,NA,NA,NA,NA,NA,NA,NA,NA,NA,NA,NA,NA,NA
"AND_A01",2013,"8/26/2013","P13","B01","unknown","DGD01","2009",5,4,"CVL1999+BRN2009",9,"morta",NA,NA,"O",13,"P13_B01_050x050m","T04_P01_U0009z",250.6856213,2468.868159,10,-46.83549938,-2.550400456,295940.7152,9717948.19,0.3,37,0.031415927,0.1,0.1,0.1,0.1,3,NA,NA,0,1,0,1,0.587,30.1,"020-035",711.57859,115.3365098,42.52257603,11.42944451,4.684129528,0.357,0.392969369,TRUE,NA,5.96,2,"chartreuse",0.672934041,0.00398906,0,0.00398906,0,1,2013-08-26,"P13_B01_050x050m",-46.83549938,-2.550400456,NA,NA,NA,NA,NA,NA,NA,NA,NA,NA,NA,NA,NA,NA,NA,NA,NA,NA,NA,NA,NA,NA,NA,NA,NA,NA,NA,NA,NA,NA,NA,NA,NA,NA,NA,NA,NA,NA,NA,NA,NA,NA,NA,NA,NA,NA,NA,NA,NA,NA,NA,NA,NA
"AND_A01",2013,"8/26/2013","P13","B01","unknown","DGD01","2009",5,4,"CVL1999+BRN2009",10,"embauba branca","Cecropia palmata","Urticaceae","O",13,"P13_B01_050x050m","T04_P01_U0010z",250.6856213,2468.868159,10,-46.83549938,-2.550400456,295941.9574,9717943.223,1,42,4.696681017,1,1.4,1.3,1.2,NA,1,"S",11,0,0,1,0.339857143,12.2,"010-020",116.8986626,14.17236804,5.225106936,1.935267869,2.587569656,0.357,0.083401914,FALSE,6.87,9.66,2,"chartreuse",0.428658074,0,0.00398906,0.00398906,0,1,2013-08-26,"P13_B01_050x050m",-46.83549938,-2.550400456,NA,NA,NA,NA,NA,NA,NA,NA,NA,NA,NA,NA,NA,NA,NA,NA,NA,NA,NA,NA,NA,NA,NA,NA,NA,NA,NA,NA,NA,NA,NA,NA,NA,NA,NA,NA,NA,NA,NA,NA,NA,NA,NA,NA,NA,NA,NA,NA,NA,NA,NA,NA,NA
"AND_A01",2013,"8/26/2013","P13","B01","unknown","DGD01","2009",5,4,"CVL1999+BRN2009",11,"morta",NA,NA,"O",13,"P13_B01_050x050m","T04_P01_U0011z",2468.868159,2468.868159,10,-46.83549938,-2.550400456,295919.7354,9717927.456,28,48,0.031415927,0.1,0.1,0.1,0.1,4,NA,NA,0,1,0,1,0.512,66.3,"055-Inf",3452.366853,1534.647162,565.7978616,76.65033578,7.272331271,0.357,5.994715475,TRUE,NA,24.18,2,"chartreuse",1.166944655,0.000405044,0,0.000405044,1,1,2013-08-26,"P13_B01_050x050m",-46.83549938,-2.550400456,NA,NA,NA,NA,NA,NA,NA,NA,NA,NA,NA,NA,NA,NA,NA,NA,NA,NA,NA,NA,NA,NA,NA,NA,NA,NA,NA,NA,NA,NA,NA,NA,NA,NA,NA,NA,NA,NA,NA,NA,NA,NA,NA,NA,NA,NA,NA,NA,NA,NA,NA,NA,NA
"AND_A01",2013,"8/26/2013","P13","B01","unknown","DGD01","2009",5,4,"CVL1999+BRN2009",12,"jarana","Lecythis lurida","Lecythidaceae","O",13,"P13_B01_050x050m","T04_P01_U0012z",2468.868159,2468.868159,10,-46.83549938,-2.550400456,295908.334,9717921.672,41,49,85.97753695,2.1,8.5,6.8,3.8,NA,1,"C",10,0,0,1,0.863,39.7,"035-055",1237.858191,791.5082308,291.8153929,40.11264482,6.610215778,0.357,1.834318032,FALSE,16.43,22.15,4,"#004E00",0.803942381,0,0.000405044,0.000405044,0,1,2013-08-26,"P13_B01_050x050m",-46.83549938,-2.550400456,NA,NA,NA,NA,NA,NA,NA,NA,NA,NA,NA,NA,NA,NA,NA,NA,NA,NA,NA,NA,NA,NA,NA,NA,NA,NA,NA,NA,NA,NA,NA,NA,NA,NA,NA,NA,NA,NA,NA,NA,NA,NA,NA,NA,NA,NA,NA,NA,NA,NA,NA,NA,NA
"AND_A01",2013,"8/26/2013","P13","B01","unknown","DGD01","2009",5,4,"CVL1999+BRN2009",13,"inga branco","Inga thibaudiana","Fabaceae","O",13,"P13_B01_050x050m","T04_P01_U0013z",2468.868159,2468.868159,10,-46.83549938,-2.550400456,295904.2616,9717933.843,40,36,70.0889321,7,6.2,2.7,3,NA,1,"C",11,0,0,1,0.578,38,"035-055",1134.114948,529.057873,195.054486,29.61209278,6.207373327,0.357,1.83065008,FALSE,12.82,23.89,2,"chartreuse",0.780742987,0,0.000405044,0.000405044,0,1,2013-08-26,"P13_B01_050x050m",-46.83549938,-2.550400456,NA,NA,NA,NA,NA,NA,NA,NA,NA,NA,NA,NA,NA,NA,NA,NA,NA,NA,NA,NA,NA,NA,NA,NA,NA,NA,NA,NA,NA,NA,NA,NA,NA,NA,NA,NA,NA,NA,NA,NA,NA,NA,NA,NA,NA,NA,NA,NA,NA,NA,NA,NA,NA
"AND_A01",2013,"8/26/2013","P13","B01","unknown","DGD01","2009",5,4,"CVL1999+BRN2009",14,"castanha-sapucaia","Lecythis pisonis","Lecythidaceae","O",13,"P13_B01_050x050m","T04_P01_U0014z",2468.868159,2468.868159,10,-46.83549938,-2.550400456,295897.2367,9717927.677,49,39,278.7849321,11.2,6.5,12,8.8,NA,1,"E",10,0,0,1,0.857,110,"055-Inf",9503.317777,7616.937562,2808.233119,249.7501191,8.874405173,0.357,17.77581695,FALSE,16.33,29.56,4,"#004E00",1.763305534,0,0.000405044,0.000405044,1,1,2013-08-26,"P13_B01_050x050m",-46.83549938,-2.550400456,NA,NA,NA,NA,NA,NA,NA,NA,NA,NA,NA,NA,NA,NA,NA,NA,NA,NA,NA,NA,NA,NA,NA,NA,NA,NA,NA,NA,NA,NA,NA,NA,NA,NA,NA,NA,NA,NA,NA,NA,NA,NA,NA,NA,NA,NA,NA,NA,NA,NA,NA,NA,NA
"AND_A01",2013,"8/26/2013","P14","B01","unknown","DGD01","2009",5,4,"CVL1999+BRN2009",15,"louro vermelho","Sextonia rubra","Lauraceae","O",14,"P14_B01_050x050m","T04_P02_U0015z",235.0573625,2441.680171,10,-46.83495212,-2.551655868,295985.633,9717839.069,3.5,2,42.09734156,3,5.5,5,1.2,NA,1,"S",10,0,0,1,0.552,15.8,"010-020",196.0667975,60.43431205,22.28108544,5.590374679,4.037832524,0.357,0.218964899,FALSE,12.43,15.67,2,"chartreuse",0.477786202,0,0.004254281,0.004254281,0,1,2013-08-26,"P14_B01_050x050m",-46.83495212,-2.551655868,NA,NA,NA,NA,NA,NA,NA,NA,NA,NA,NA,NA,NA,NA,NA,NA,NA,NA,NA,NA,NA,NA,NA,NA,NA,NA,NA,NA,NA,NA,NA,NA,NA,NA,NA,NA,NA,NA,NA,NA,NA,NA,NA,NA,NA,NA,NA,NA,NA,NA,NA,NA,NA
"AND_A01",2013,"8/26/2013","P14","B01","unknown","DGD01","2009",5,4,"CVL1999+BRN2009",16,"pau-para-tudo","Simaba cedron","Simaroubaceae","O",14,"P14_B01_050x050m","T04_P02_U0016z",235.0573625,2441.680171,10,-46.83495212,-2.551655868,295990.0244,9717837.198,0.2,5.4,2.686061719,0.7,0.9,1.1,1,NA,1,"S",10,0,0,1,0.474,13.1,"010-020",134.7821788,31.43985171,11.59132947,3.423512657,3.384351751,0.357,0.132657602,FALSE,9.15,13.59,2,"chartreuse",0.440940106,0,0.004254281,0.004254281,0,1,2013-08-26,"P14_B01_050x050m",-46.83495212,-2.551655868,NA,NA,NA,NA,NA,NA,NA,NA,NA,NA,NA,NA,NA,NA,NA,NA,NA,NA,NA,NA,NA,NA,NA,NA,NA,NA,NA,NA,NA,NA,NA,NA,NA,NA,NA,NA,NA,NA,NA,NA,NA,NA,NA,NA,NA,NA,NA,NA,NA,NA,NA,NA,NA
"AND_A01",2013,"8/26/2013","P14","B01","unknown","DGD01","2009",5,4,"CVL1999+BRN2009",17,"pau-de-colher","Lacmellea aculeata","Apocynaceae","O",14,"P14_B01_050x050m","T04_P02_U0017z",235.0573625,2441.680171,10,-46.83495212,-2.551655868,295986.9735,9717836.147,3.5,5.4,19.60353816,3,3.2,1.8,2,NA,2,"S",11,0,0,1,0.51325,10.8,"010-020",91.60884178,23.10851702,8.519710487,2.722818088,3.076476752,0.357,0.090047801,FALSE,10.26,13.47,2,"chartreuse",0.409552691,0,0.004254281,0.004254281,0,1,2013-08-26,"P14_B01_050x050m",-46.83495212,-2.551655868,NA,NA,NA,NA,NA,NA,NA,NA,NA,NA,NA,NA,NA,NA,NA,NA,NA,NA,NA,NA,NA,NA,NA,NA,NA,NA,NA,NA,NA,NA,NA,NA,NA,NA,NA,NA,NA,NA,NA,NA,NA,NA,NA,NA,NA,NA,NA,NA,NA,NA,NA,NA,NA
"AND_A01",2013,"8/26/2013","P14","B01","unknown","DGD01","2009",5,4,"CVL1999+BRN2009",18,"morta",NA,NA,"O",14,"P14_B01_050x050m","T04_P02_U0018z",2441.680171,2441.680171,10,-46.83495212,-2.551655868,295983.5806,9717835.379,7,5,0.031415927,0.1,0.1,0.1,0.1,1,NA,NA,0,1,0,1,0.629,60.5,"055-Inf",2874.753628,2237.035912,824.7564438,92.22605886,7.649182515,0.357,7.112991772,TRUE,NA,37.28,3,"chartreuse4",1.087793783,0.000409554,0,0.000409554,1,1,2013-08-26,"P14_B01_050x050m",-46.83495212,-2.551655868,NA,NA,NA,NA,NA,NA,NA,NA,NA,NA,NA,NA,NA,NA,NA,NA,NA,NA,NA,NA,NA,NA,NA,NA,NA,NA,NA,NA,NA,NA,NA,NA,NA,NA,NA,NA,NA,NA,NA,NA,NA,NA,NA,NA,NA,NA,NA,NA,NA,NA,NA,NA,NA
"AND_A01",2013,"8/26/2013","P14","B01","unknown","DGD01","2009",5,4,"CVL1999+BRN2009",19,"breu branco","Protium paniculatum","Burseraceae","O",14,"P14_B01_050x050m","T04_P02_U0019z",235.0573625,2441.680171,10,-46.83495212,-2.551655868,295991.3301,9717834.382,0.2,8.7,31.57300617,3.5,3.4,3.2,2.6,NA,2,"S",10,0,0,1,0.49,12.2,"010-020",116.8986626,27.61295295,10.18041809,3.119330155,3.254560472,0.357,0.11270593,FALSE,9.75,13.27,2,"chartreuse",0.428658074,0,0.004254281,0.004254281,0,1,2013-08-26,"P14_B01_050x050m",-46.83495212,-2.551655868,NA,NA,NA,NA,NA,NA,NA,NA,NA,NA,NA,NA,NA,NA,NA,NA,NA,NA,NA,NA,NA,NA,NA,NA,NA,NA,NA,NA,NA,NA,NA,NA,NA,NA,NA,NA,NA,NA,NA,NA,NA,NA,NA,NA,NA,NA,NA,NA,NA,NA,NA,NA,NA
"AND_A01",2013,"8/26/2013","P14","B01","unknown","DGD01","2009",5,4,"CVL1999+BRN2009",20,"jatereu","Lecythis idatimon","Lecythidaceae","O",14,"P14_B01_050x050m","T04_P02_U0020z",235.0573625,2441.680171,10,-46.83495212,-2.551655868,295993.0799,9717828.738,1,15,44.17079271,4.2,4.4,3.2,3.2,NA,2,"S",10,0,0,1,0.799,16.8,"010-020",221.6707776,120.3234802,44.36118574,9.43646964,4.726459284,0.357,0.301185182,FALSE,12.38,19.39,3,"chartreuse4",0.491432904,0,0.004254281,0.004254281,0,1,2013-08-26,"P14_B01_050x050m",-46.83495212,-2.551655868,NA,NA,NA,NA,NA,NA,NA,NA,NA,NA,NA,NA,NA,NA,NA,NA,NA,NA,NA,NA,NA,NA,NA,NA,NA,NA,NA,NA,NA,NA,NA,NA,NA,NA,NA,NA,NA,NA,NA,NA,NA,NA,NA,NA,NA,NA,NA,NA,NA,NA,NA,NA,NA
"AND_A01",2013,"8/26/2013","P14","B01","unknown","DGD01","2009",5,4,"CVL1999+BRN2009",21,"matamata branco","Eschweilera coriacea","Lecythidaceae","O",14,"P14_B01_050x050m","T04_P02_U0021z",2441.680171,2441.680171,10,-46.83495212,-2.551655868,295992.1513,9717828.402,2,15,136.5650327,5.7,7,8.1,5.6,NA,2,"C",10,0,0,1,0.852,40,"035-055",1256.637061,935.1918621,344.7890623,44.35402724,6.777027208,0.357,2.195286061,FALSE,20.55,26.22,4,"#004E00",0.808036391,0,0.000409554,0.000409554,0,1,2013-08-26,"P14_B01_050x050m",-46.83495212,-2.551655868,NA,NA,NA,NA,NA,NA,NA,NA,NA,NA,NA,NA,NA,NA,NA,NA,NA,NA,NA,NA,NA,NA,NA,NA,NA,NA,NA,NA,NA,NA,NA,NA,NA,NA,NA,NA,NA,NA,NA,NA,NA,NA,NA,NA,NA,NA,NA,NA,NA,NA,NA,NA,NA
"AND_A01",2013,"8/26/2013","P14","B01","unknown","DGD01","2009",5,4,"CVL1999+BRN2009",22,"matamata branco","Eschweilera coriacea","Lecythidaceae","O",14,"P14_B01_050x050m","T04_P02_U0022z",235.0573625,2441.680171,10,-46.83495212,-2.551655868,295995.2426,9717824.534,0.8,20,16.24203402,2,2.3,2.4,2.4,NA,2,"S",10,0,0,1,0.852,10.4,"010-020",84.94866535,25.80951486,9.515521667,3.488883062,3.187018717,0.357,0.060585716,FALSE,7.27,9.8,4,"#004E00",0.404094011,0,0.004254281,0.004254281,0,1,2013-08-26,"P14_B01_050x050m",-46.83495212,-2.551655868,NA,NA,NA,NA,NA,NA,NA,NA,NA,NA,NA,NA,NA,NA,NA,NA,NA,NA,NA,NA,NA,NA,NA,NA,NA,NA,NA,NA,NA,NA,NA,NA,NA,NA,NA,NA,NA,NA,NA,NA,NA,NA,NA,NA,NA,NA,NA,NA,NA,NA,NA,NA,NA
"AND_A01",2013,"8/26/2013","P14","B01","unknown","DGD01","2009",5,4,"CVL1999+BRN2009",23,"morta",NA,NA,"O",14,"P14_B01_050x050m","T04_P02_U0023z",235.0573625,2441.680171,10,-46.83495212,-2.551655868,295993.7224,9717820.244,4,23.7,0.031415927,0.1,0.1,0.1,0.1,3,NA,NA,0,1,0,1,0.587,16.7,"010-020",219.0396938,64.73017499,23.86489579,6.020195672,4.106502976,0.357,0.220545741,TRUE,NA,12.42,2,"chartreuse",0.490068234,0.004254281,0,0.004254281,0,1,2013-08-26,"P14_B01_050x050m",-46.83495212,-2.551655868,NA,NA,NA,NA,NA,NA,NA,NA,NA,NA,NA,NA,NA,NA,NA,NA,NA,NA,NA,NA,NA,NA,NA,NA,NA,NA,NA,NA,NA,NA,NA,NA,NA,NA,NA,NA,NA,NA,NA,NA,NA,NA,NA,NA,NA,NA,NA,NA,NA,NA,NA,NA,NA
"AND_A01",2013,"8/26/2013","P14","B01","unknown","DGD01","2009",5,4,"CVL1999+BRN2009",24,"abiurana branca","Pouteria guianensis","Sapotaceae","O",14,"P14_B01_050x050m","T04_P02_U0024z",235.0573625,2441.680171,10,-46.83495212,-2.551655868,295996.4952,9717818.98,2,26,17.67145868,2.7,2.5,1.8,2.5,NA,2,"S",10,0,0,1,0.929,13,"010-020",132.7322896,62.30467674,22.97065655,6.307363461,4.068311991,0.357,0.134132781,FALSE,11.86,14.19,4,"#004E00",0.439575436,0,0.004254281,0.004254281,0,1,2013-08-26,"P14_B01_050x050m",-46.83495212,-2.551655868,NA,NA,NA,NA,NA,NA,NA,NA,NA,NA,NA,NA,NA,NA,NA,NA,NA,NA,NA,NA,NA,NA,NA,NA,NA,NA,NA,NA,NA,NA,NA,NA,NA,NA,NA,NA,NA,NA,NA,NA,NA,NA,NA,NA,NA,NA,NA,NA,NA,NA,NA,NA,NA
"AND_A01",2013,"8/26/2013","P14","B01","unknown","DGD01","2009",5,4,"CVL1999+BRN2009",25,"marupa","Simarouba amara","Simaroubaceae","O",14,"P14_B01_050x050m","T04_P02_U0025z",2441.680171,2441.680171,10,-46.83495212,-2.551655868,296006.1255,9717800.535,1,48,89.84954989,6.4,6.3,4,4.7,NA,1,"C",10,0,0,1,0.383,39.1,"035-055",1200.724566,376.9299357,138.967547,25.34156155,5.868334823,0.357,1.968302536,FALSE,9.94,24.06,2,"chartreuse",0.795754359,0,0.000409554,0.000409554,0,1,2013-08-26,"P14_B01_050x050m",-46.83495212,-2.551655868,NA,NA,NA,NA,NA,NA,NA,NA,NA,NA,NA,NA,NA,NA,NA,NA,NA,NA,NA,NA,NA,NA,NA,NA,NA,NA,NA,NA,NA,NA,NA,NA,NA,NA,NA,NA,NA,NA,NA,NA,NA,NA,NA,NA,NA,NA,NA,NA,NA,NA,NA,NA,NA
"AND_A01",2013,"8/26/2013","P14","B01","unknown","DGD01","2009",5,4,"CVL1999+BRN2009",26,"papo-de-mutum","Lacunaria jenmanii","Ochnaceae","O",14,"P14_B01_050x050m","T04_P02_U0026z",235.0573625,2441.680171,10,-46.83495212,-2.551655868,296005.1829,9717800.136,2,48,9.66039741,1.8,2.1,1.2,2,NA,1,"S",11,0,0,1,0.803,13.2,"010-020",136.847776,52.26692571,19.26991138,5.455559772,3.892639275,0.357,0.130179142,FALSE,8.38,13.3,3,"chartreuse4",0.442304776,0,0.004254281,0.004254281,0,1,2013-08-26,"P14_B01_050x050m",-46.83495212,-2.551655868,NA,NA,NA,NA,NA,NA,NA,NA,NA,NA,NA,NA,NA,NA,NA,NA,NA,NA,NA,NA,NA,NA,NA,NA,NA,NA,NA,NA,NA,NA,NA,NA,NA,NA,NA,NA,NA,NA,NA,NA,NA,NA,NA,NA,NA,NA,NA,NA,NA,NA,NA,NA,NA
"AND_A01",2013,"8/26/2013","P14","B01","unknown","DGD01","2009",5,4,"CVL1999+BRN2009",27,"morta",NA,NA,"O",14,"P14_B01_050x050m","T04_P02_U0027z",2441.680171,2441.680171,10,-46.83495212,-2.551655868,295964.6383,9717793.872,41,38,0.031415927,0.1,0.1,0.1,0.1,3,NA,NA,0,1,0,1,0.587,53.9,"035-055",2281.746598,1236.308833,455.8056808,58.85872285,7.056160972,0.357,4.212295855,TRUE,NA,26.06,2,"chartreuse",0.99772555,0.000409554,0,0.000409554,0,1,2013-08-26,"P14_B01_050x050m",-46.83495212,-2.551655868,NA,NA,NA,NA,NA,NA,NA,NA,NA,NA,NA,NA,NA,NA,NA,NA,NA,NA,NA,NA,NA,NA,NA,NA,NA,NA,NA,NA,NA,NA,NA,NA,NA,NA,NA,NA,NA,NA,NA,NA,NA,NA,NA,NA,NA,NA,NA,NA,NA,NA,NA,NA,NA
"AND_A01",2013,"8/26/2013","P15","B01","unknown","DGD01","2009",5,4,"CVL1999+BRN2009",28,"tento","Ormosia coccinea","Fabaceae","O",15,"P15_B01_050x050m","T04_P03_U0028z",239.6809722,2394.246859,10,-46.83442196,-2.55288945,296045.4744,9717702.259,3.6,4,40.8407045,2.7,3,5.3,3.5,NA,1,"S",10,0,0,1,0.625,17.6,"010-020",243.2849351,91.49897379,33.73408885,7.655387881,4.452603257,0.357,0.292796716,FALSE,14.68,17.06,3,"chartreuse4",0.502350265,0,0.004172213,0.004172213,0,1,2013-08-26,"P15_B01_050x050m",-46.83442196,-2.55288945,NA,NA,NA,NA,NA,NA,NA,NA,NA,NA,NA,NA,NA,NA,NA,NA,NA,NA,NA,NA,NA,NA,NA,NA,NA,NA,NA,NA,NA,NA,NA,NA,NA,NA,NA,NA,NA,NA,NA,NA,NA,NA,NA,NA,NA,NA,NA,NA,NA,NA,NA,NA,NA
"AND_A01",2013,"8/26/2013","P15","B01","unknown","DGD01","2009",5,4,"CVL1999+BRN2009",29,"macucu branco","Licania na","Chrysobalanaceae","O",15,"P15_B01_050x050m","T04_P03_U0029z",239.6809722,2394.246859,10,-46.83442196,-2.55288945,296045.3843,9717702.22,3.7,4,36.06548366,2.6,3.2,5.6,2.4,NA,1,"S",11,0,0,1,0.823482759,26.5,"020-035",551.5458602,297.4063572,109.6485793,19.12080012,5.63137491,0.357,0.722313501,FALSE,14.6,19.11,4,"#004E00",0.623805914,0,0.004172213,0.004172213,0,1,2013-08-26,"P15_B01_050x050m",-46.83442196,-2.55288945,NA,NA,NA,NA,NA,NA,NA,NA,NA,NA,NA,NA,NA,NA,NA,NA,NA,NA,NA,NA,NA,NA,NA,NA,NA,NA,NA,NA,NA,NA,NA,NA,NA,NA,NA,NA,NA,NA,NA,NA,NA,NA,NA,NA,NA,NA,NA,NA,NA,NA,NA,NA,NA
"AND_A01",2013,"8/26/2013","P15","B01","unknown","DGD01","2009",5,4,"CVL1999+BRN2009",30,"cucutitiriba","Pouteria na","Sapotaceae","O",15,"P15_B01_050x050m","T04_P03_U0030z",239.6809722,2394.246859,10,-46.83442196,-2.55288945,296049.0846,9717702.734,0,5,9.66039741,2.3,3.2,0.7,0.9,NA,1,"S",11,0,0,1,0.753148148,17.2,"010-020",232.3521927,116.1638183,42.82759036,9.167346823,4.691276922,0.357,0.308475347,FALSE,14.5,18.93,3,"chartreuse4",0.496891585,0,0.004172213,0.004172213,0,1,2013-08-26,"P15_B01_050x050m",-46.83442196,-2.55288945,NA,NA,NA,NA,NA,NA,NA,NA,NA,NA,NA,NA,NA,NA,NA,NA,NA,NA,NA,NA,NA,NA,NA,NA,NA,NA,NA,NA,NA,NA,NA,NA,NA,NA,NA,NA,NA,NA,NA,NA,NA,NA,NA,NA,NA,NA,NA,NA,NA,NA,NA,NA,NA
"AND_A01",2013,"8/26/2013","P15","B01","unknown","DGD01","2009",5,4,"CVL1999+BRN2009",31,"morta",NA,NA,"O",15,"P15_B01_050x050m","T04_P03_U0031z",2394.246859,2394.246859,10,-46.83442196,-2.55288945,296044.3793,9717703.936,4,2,0.031415927,0.1,0.1,0.1,0.1,4,NA,NA,0,1,0,1,0.512,45,"035-055",1590.431281,637.3144659,234.9668191,35.74766674,6.393538701,0.357,2.489509632,TRUE,NA,21.3,2,"chartreuse",0.876269901,0.000417668,0,0.000417668,0,1,2013-08-26,"P15_B01_050x050m",-46.83442196,-2.55288945,NA,NA,NA,NA,NA,NA,NA,NA,NA,NA,NA,NA,NA,NA,NA,NA,NA,NA,NA,NA,NA,NA,NA,NA,NA,NA,NA,NA,NA,NA,NA,NA,NA,NA,NA,NA,NA,NA,NA,NA,NA,NA,NA,NA,NA,NA,NA,NA,NA,NA,NA,NA,NA
"AND_A01",2013,"8/26/2013","P15","B01","unknown","DGD01","2009",5,4,"CVL1999+BRN2009",32,"abiurana branca","Pouteria guianensis","Sapotaceae","O",15,"P15_B01_050x050m","T04_P03_U0032z",239.6809722,2394.246859,10,-46.83442196,-2.55288945,296054.8479,9717677.835,4,30.5,7.634070148,1.1,2.2,1.6,1.4,NA,1,"S",10,0,0,1,0.929,13.7,"010-020",147.4113813,55.50382502,20.46330016,6.098835034,3.952727438,0.357,0.11949155,FALSE,7.91,11.35,4,"#004E00",0.449128127,0,0.004172213,0.004172213,0,1,2013-08-26,"P15_B01_050x050m",-46.83442196,-2.55288945,NA,NA,NA,NA,NA,NA,NA,NA,NA,NA,NA,NA,NA,NA,NA,NA,NA,NA,NA,NA,NA,NA,NA,NA,NA,NA,NA,NA,NA,NA,NA,NA,NA,NA,NA,NA,NA,NA,NA,NA,NA,NA,NA,NA,NA,NA,NA,NA,NA,NA,NA,NA,NA
"AND_A01",2013,"8/26/2013","P15","B01","unknown","DGD01","2009",5,4,"CVL1999+BRN2009",33,"morta",NA,NA,"O",15,"P15_B01_050x050m","T04_P03_U0033z",239.6809722,2394.246859,10,-46.83442196,-2.55288945,296058.913,9717668.737,3.6,40.6,0.031415927,0.1,0.1,0.1,0.1,4,NA,NA,0,1,0,1,0.512,22.3,"020-035",390.5706527,63.86348205,23.5453611,6.791086781,4.093023212,0.357,0.249466727,TRUE,NA,7.12,2,"chartreuse",0.566489765,0.004172213,0,0.004172213,0,1,2013-08-26,"P15_B01_050x050m",-46.83442196,-2.55288945,NA,NA,NA,NA,NA,NA,NA,NA,NA,NA,NA,NA,NA,NA,NA,NA,NA,NA,NA,NA,NA,NA,NA,NA,NA,NA,NA,NA,NA,NA,NA,NA,NA,NA,NA,NA,NA,NA,NA,NA,NA,NA,NA,NA,NA,NA,NA,NA,NA,NA,NA,NA,NA
"AND_A01",2013,"8/26/2013","P15","B01","unknown","DGD01","2009",5,4,"CVL1999+BRN2009",34,"breu branco","Protium paniculatum","Burseraceae","O",15,"P15_B01_050x050m","T04_P03_U0034z",239.6809722,2394.246859,10,-46.83442196,-2.55288945,296059.0543,9717665.794,4.6,43.4,18.82599398,3,2.6,1.7,2.5,NA,1,"S",10,0,0,1,0.49,16.7,"010-020",219.0396938,49.27852578,18.16814002,4.936528854,3.833763904,0.357,0.20113684,FALSE,9.38,12.82,2,"chartreuse",0.490068234,0,0.004172213,0.004172213,0,1,2013-08-26,"P15_B01_050x050m",-46.83442196,-2.55288945,NA,NA,NA,NA,NA,NA,NA,NA,NA,NA,NA,NA,NA,NA,NA,NA,NA,NA,NA,NA,NA,NA,NA,NA,NA,NA,NA,NA,NA,NA,NA,NA,NA,NA,NA,NA,NA,NA,NA,NA,NA,NA,NA,NA,NA,NA,NA,NA,NA,NA,NA,NA,NA
"AND_A01",2013,"8/26/2013","P15","B01","unknown","DGD01","2009",5,4,"CVL1999+BRN2009",35,"morta",NA,NA,"O",15,"P15_B01_050x050m","T04_P03_U0035z",239.6809722,2394.246859,10,-46.83442196,-2.55288945,296061.7941,9717663.101,3,47,0.031415927,0.1,0.1,0.1,0.1,3,NA,NA,0,1,0,1,0.587,14.3,"010-020",160.6060704,9.598067737,3.538641544,2.407401116,2.197837301,0.357,0.032702105,TRUE,NA,1.76,2,"chartreuse",0.457316149,0.004172213,0,0.004172213,0,1,2013-08-26,"P15_B01_050x050m",-46.83442196,-2.55288945,NA,NA,NA,NA,NA,NA,NA,NA,NA,NA,NA,NA,NA,NA,NA,NA,NA,NA,NA,NA,NA,NA,NA,NA,NA,NA,NA,NA,NA,NA,NA,NA,NA,NA,NA,NA,NA,NA,NA,NA,NA,NA,NA,NA,NA,NA,NA,NA,NA,NA,NA,NA,NA
"AND_A01",2013,"8/26/2013","P15","B01","unknown","DGD01","2009",5,4,"CVL1999+BRN2009",36,"morta",NA,NA,"O",15,"P15_B01_050x050m","T04_P03_U0036z",2394.246859,2394.246859,10,-46.83442196,-2.55288945,296058.6209,9717660.676,7,48,0.031415927,0.1,0.1,0.1,0.1,4,NA,NA,0,1,0,1,0.512,46,"035-055",1661.902514,733.9975991,270.6122178,39.75307378,6.534781258,0.357,2.867178121,TRUE,NA,23.99,2,"chartreuse",0.889916603,0.000417668,0,0.000417668,0,1,2013-08-26,"P15_B01_050x050m",-46.83442196,-2.55288945,NA,NA,NA,NA,NA,NA,NA,NA,NA,NA,NA,NA,NA,NA,NA,NA,NA,NA,NA,NA,NA,NA,NA,NA,NA,NA,NA,NA,NA,NA,NA,NA,NA,NA,NA,NA,NA,NA,NA,NA,NA,NA,NA,NA,NA,NA,NA,NA,NA,NA,NA,NA,NA
"AND_A01",2013,"8/26/2013","P15","B01","unknown","DGD01","2009",5,4,"CVL1999+BRN2009",37,"mamui","Jacaratia spinosa","Caricaceae","O",15,"P15_B01_050x050m","T04_P03_U0037z",2394.246859,2394.246859,10,-46.83442196,-2.55288945,296045.9057,9717663.828,18,40,42.88273972,4.2,4,3.6,3,NA,1,"C",10,0,0,1,0.42,49.4,"035-055",1916.654262,507.973598,187.2810785,32.6137492,6.166704974,0.357,2.418921895,FALSE,13.83,18.66,2,"chartreuse",0.93631539,0,0.000417668,0.000417668,0,1,2013-08-26,"P15_B01_050x050m",-46.83442196,-2.55288945,NA,NA,NA,NA,NA,NA,NA,NA,NA,NA,NA,NA,NA,NA,NA,NA,NA,NA,NA,NA,NA,NA,NA,NA,NA,NA,NA,NA,NA,NA,NA,NA,NA,NA,NA,NA,NA,NA,NA,NA,NA,NA,NA,NA,NA,NA,NA,NA,NA,NA,NA,NA,NA
"AND_A01",2013,"8/26/2013","P15","B01","unknown","DGD01","2009",5,4,"CVL1999+BRN2009",38,"mamui","Jacaratia spinosa","Caricaceae","O",15,"P15_B01_050x050m","T04_P03_U0038z",2394.246859,2394.246859,10,-46.83442196,-2.55288945,296032.0764,9717656.854,34,41,41.78318229,4,3.8,3.6,3.2,NA,1,"C",10,0,0,1,0.42,58.5,"055-Inf",2687.828865,777.4765666,286.642161,47.05081392,6.592329004,0.357,3.702269365,FALSE,14.8,20.58,2,"chartreuse",1.060500379,0,0.000417668,0.000417668,1,1,2013-08-26,"P15_B01_050x050m",-46.83442196,-2.55288945,NA,NA,NA,NA,NA,NA,NA,NA,NA,NA,NA,NA,NA,NA,NA,NA,NA,NA,NA,NA,NA,NA,NA,NA,NA,NA,NA,NA,NA,NA,NA,NA,NA,NA,NA,NA,NA,NA,NA,NA,NA,NA,NA,NA,NA,NA,NA,NA,NA,NA,NA,NA,NA
"AND_A01",2013,"8/26/2013","P15","B01","unknown","DGD01","2009",5,4,"CVL1999+BRN2009",39,"currupixa","Micropholis na","Sapotaceae","O",15,"P15_B01_050x050m","T04_P03_U0039z",2394.246859,2394.246859,10,-46.83442196,-2.55288945,296029.159,9717651.325,39,45,96.38406261,8.5,5.9,3.3,4.5,NA,1,"C",11,0,0,1,0.6567,45.9,"035-055",1654.684705,1238.132906,456.4781847,55.75333233,7.057635303,0.357,3.770771755,FALSE,22.39,34.44,3,"chartreuse4",0.888551933,0,0.000417668,0.000417668,0,1,2013-08-26,"P15_B01_050x050m",-46.83442196,-2.55288945,NA,NA,NA,NA,NA,NA,NA,NA,NA,NA,NA,NA,NA,NA,NA,NA,NA,NA,NA,NA,NA,NA,NA,NA,NA,NA,NA,NA,NA,NA,NA,NA,NA,NA,NA,NA,NA,NA,NA,NA,NA,NA,NA,NA,NA,NA,NA,NA,NA,NA,NA,NA,NA
"AND_A01",2013,"8/26/2013","P15","B01","unknown","DGD01","2009",5,4,"CVL1999+BRN2009",40,"matamata branco","Eschweilera coriacea","Lecythidaceae","O",15,"P15_B01_050x050m","T04_P03_U0040z",2394.246859,2394.246859,10,-46.83442196,-2.55288945,296025.4922,9717647.62,44,47,76.7176926,6.6,2.8,4.5,6,NA,1,"C",10,0,0,1,0.852,45.7,"035-055",1640.29621,1448.532654,534.0489322,61.17045577,7.21458186,0.357,3.400311394,FALSE,22.89,31.45,4,"#004E00",0.885822593,0,0.000417668,0.000417668,0,1,2013-08-26,"P15_B01_050x050m",-46.83442196,-2.55288945,NA,NA,NA,NA,NA,NA,NA,NA,NA,NA,NA,NA,NA,NA,NA,NA,NA,NA,NA,NA,NA,NA,NA,NA,NA,NA,NA,NA,NA,NA,NA,NA,NA,NA,NA,NA,NA,NA,NA,NA,NA,NA,NA,NA,NA,NA,NA,NA,NA,NA,NA,NA,NA
"AND_A01",2013,"8/26/2013","P15","B01","unknown","DGD01","2009",5,4,"CVL1999+BRN2009",41,"matamata branco","Eschweilera coriacea","Lecythidaceae","O",15,"P15_B01_050x050m","T04_P03_U0041z",2394.246859,2394.246859,10,-46.83442196,-2.55288945,296021.0423,9717653.215,46,40,76.52919704,4.2,7.5,4.2,4.1,NA,1,"C",10,0,0,1,0.852,35,"035-055",962.1127502,731.3377538,269.6315789,36.31897095,6.531150896,0.357,1.716755291,FALSE,16.64,26.62,4,"#004E00",0.739802881,0,0.000417668,0.000417668,0,1,2013-08-26,"P15_B01_050x050m",-46.83442196,-2.55288945,NA,NA,NA,NA,NA,NA,NA,NA,NA,NA,NA,NA,NA,NA,NA,NA,NA,NA,NA,NA,NA,NA,NA,NA,NA,NA,NA,NA,NA,NA,NA,NA,NA,NA,NA,NA,NA,NA,NA,NA,NA,NA,NA,NA,NA,NA,NA,NA,NA,NA,NA,NA,NA
"AND_A01",2013,"8/26/2013","P15","B01","unknown","DGD01","2009",5,4,"CVL1999+BRN2009",42,"matamata branco","Eschweilera coriacea","Lecythidaceae","O",15,"P15_B01_050x050m","T04_P03_U0042z",2394.246859,2394.246859,10,-46.83442196,-2.55288945,296025.6091,9717657.306,40,38,75.14689627,3.1,4.5,7.3,4.7,NA,1,"C",10,0,0,1,0.852,45,"035-055",1590.431281,1222.032202,450.5421339,54.64844512,7.044545992,0.357,2.868620194,FALSE,14.63,27.25,4,"#004E00",0.876269901,0,0.000417668,0.000417668,0,1,2013-08-26,"P15_B01_050x050m",-46.83442196,-2.55288945,NA,NA,NA,NA,NA,NA,NA,NA,NA,NA,NA,NA,NA,NA,NA,NA,NA,NA,NA,NA,NA,NA,NA,NA,NA,NA,NA,NA,NA,NA,NA,NA,NA,NA,NA,NA,NA,NA,NA,NA,NA,NA,NA,NA,NA,NA,NA,NA,NA,NA,NA,NA,NA
"AND_A01",2013,"8/26/2013","P15","B01","unknown","DGD01","2009",5,4,"CVL1999+BRN2009",43,"iperana","Eperua bijuga","Fabaceae","O",15,"P15_B01_050x050m","T04_P03_U0043z",2394.246859,2394.246859,10,-46.83442196,-2.55288945,296027.3865,9717658.065,38,38,48.0663676,4.3,4,4.2,3.2,NA,1,"C",10,0,0,1,0.729,37.5,"035-055",1104.466167,472.9640004,174.3736454,27.9743296,6.095294776,0.357,1.297569274,FALSE,12.64,17.34,3,"chartreuse4",0.773919636,0,0.000417668,0.000417668,0,1,2013-08-26,"P15_B01_050x050m",-46.83442196,-2.55288945,NA,NA,NA,NA,NA,NA,NA,NA,NA,NA,NA,NA,NA,NA,NA,NA,NA,NA,NA,NA,NA,NA,NA,NA,NA,NA,NA,NA,NA,NA,NA,NA,NA,NA,NA,NA,NA,NA,NA,NA,NA,NA,NA,NA,NA,NA,NA,NA,NA,NA,NA,NA,NA
"AND_A01",2013,"8/26/2013","P15","B01","unknown","DGD01","2009",5,4,"CVL1999+BRN2009",44,"jatereu","Lecythis idatimon","Lecythidaceae","O",15,"P15_B01_050x050m","T04_P03_U0044z",2394.246859,2394.246859,10,-46.83442196,-2.55288945,296005.0207,9717683.623,49,5.2,43.67599187,3,3.6,3.7,4.7,NA,1,"C",10,0,0,1,0.799,37.5,"035-055",1104.466167,683.7508905,252.0871256,35.43999988,6.463869156,0.357,1.711516622,FALSE,16.42,23.08,3,"chartreuse4",0.773919636,0,0.000417668,0.000417668,0,1,2013-08-26,"P15_B01_050x050m",-46.83442196,-2.55288945,NA,NA,NA,NA,NA,NA,NA,NA,NA,NA,NA,NA,NA,NA,NA,NA,NA,NA,NA,NA,NA,NA,NA,NA,NA,NA,NA,NA,NA,NA,NA,NA,NA,NA,NA,NA,NA,NA,NA,NA,NA,NA,NA,NA,NA,NA,NA,NA,NA,NA,NA,NA,NA
"AND_A01",2013,"8/26/2013","P15","B01","unknown","DGD01","2009",5,4,"CVL1999+BRN2009",45,"andiroba","Carapa guianensis","Meliaceae","O",15,"P15_B01_050x050m","T04_P03_U0045z",2394.246859,2394.246859,10,-46.83442196,-2.55288945,296012.4316,9717691.301,39,1,142.0628198,5.5,8,7.8,5.6,NA,1,"C",10,0,0,1,0.53,76.5,"055-Inf",4596.346402,2301.896988,848.6696005,107.2722871,7.677764339,0.357,8.686403728,FALSE,19.2,29,2,"chartreuse",1.306141016,0,0.000417668,0.000417668,1,1,2013-08-26,"P15_B01_050x050m",-46.83442196,-2.55288945,NA,NA,NA,NA,NA,NA,NA,NA,NA,NA,NA,NA,NA,NA,NA,NA,NA,NA,NA,NA,NA,NA,NA,NA,NA,NA,NA,NA,NA,NA,NA,NA,NA,NA,NA,NA,NA,NA,NA,NA,NA,NA,NA,NA,NA,NA,NA,NA,NA,NA,NA,NA,NA
"AND_A01",2013,"8/26/2013","P15","B01","unknown","DGD01","2009",5,4,"CVL1999+BRN2009",46,"uxirana","Sacoglottis guianensis","Humiriaceae","O",15,"P15_B01_050x050m","T04_P03_U0046z",2394.246859,2394.246859,10,-46.83442196,-2.55288945,296016.7982,9717691.031,35,3,68.26680836,4.4,3.7,6.2,4.5,NA,1,"C",10,0,0,1,0.836,39.5,"035-055",1225.417484,911.4484989,336.035295,43.33708703,6.751310591,0.357,2.180498801,FALSE,21.22,26.69,4,"#004E00",0.80121304,0,0.000417668,0.000417668,0,1,2013-08-26,"P15_B01_050x050m",-46.83442196,-2.55288945,NA,NA,NA,NA,NA,NA,NA,NA,NA,NA,NA,NA,NA,NA,NA,NA,NA,NA,NA,NA,NA,NA,NA,NA,NA,NA,NA,NA,NA,NA,NA,NA,NA,NA,NA,NA,NA,NA,NA,NA,NA,NA,NA,NA,NA,NA,NA,NA,NA,NA,NA,NA,NA
"AND_A01",2013,"8/26/2013","P15","B01","unknown","DGD01","2009",5,4,"CVL1999+BRN2009",47,"iperana","Eperua bijuga","Fabaceae","O",15,"P15_B01_050x050m","T04_P03_U0047z",2394.246859,2394.246859,10,-46.83442196,-2.55288945,296025.8138,9717694.899,25,3,36.24612524,2.7,3.8,3.8,3.3,NA,1,"C",10,0,0,1,0.729,35.9,"035-055",1012.229007,477.8412947,176.1718195,27.6646276,6.105554158,0.357,1.310950054,FALSE,14.26,19.12,3,"chartreuse4",0.752084913,0,0.000417668,0.000417668,0,1,2013-08-26,"P15_B01_050x050m",-46.83442196,-2.55288945,NA,NA,NA,NA,NA,NA,NA,NA,NA,NA,NA,NA,NA,NA,NA,NA,NA,NA,NA,NA,NA,NA,NA,NA,NA,NA,NA,NA,NA,NA,NA,NA,NA,NA,NA,NA,NA,NA,NA,NA,NA,NA,NA,NA,NA,NA,NA,NA,NA,NA,NA,NA,NA
"AND_A01",2013,"8/26/2013","P16","B01","unknown","UKN00","#NAME?",3,60,"CVL1999+BRN2009",48,"matamata branco","Eschweilera coriacea","Lecythidaceae","O",16,"P16_B01_050x050m","T04_P04_U0048z",2450.200017,2450.200017,10,-46.83390461,-2.554125037,296102.1731,9717568.061,3,2,86.09534667,6.6,5.6,6,3.1,NA,1,"C",10,0,0,1,0.852,39.5,"035-055",1225.417484,1092.461748,402.7717486,48.57723256,6.932464413,0.357,2.564464196,FALSE,21.15,31.53,4,"#004E00",0.80121304,0,0.00040813,0.00040813,0,1,2013-08-26,"P16_B01_050x050m",-46.83390461,-2.554125037,NA,NA,NA,NA,NA,NA,NA,NA,NA,NA,NA,NA,NA,NA,NA,NA,NA,NA,NA,NA,NA,NA,NA,NA,NA,NA,NA,NA,NA,NA,NA,NA,NA,NA,NA,NA,NA,NA,NA,NA,NA,NA,NA,NA,NA,NA,NA,NA,NA,NA,NA,NA,NA
"AND_A01",2013,"8/26/2013","P16","B01","unknown","UKN00","#NAME?",3,60,"CVL1999+BRN2009",49,"matamata branco","Eschweilera coriacea","Lecythidaceae","O",16,"P16_B01_050x050m","T04_P04_U0049z",2450.200017,2450.200017,10,-46.83390461,-2.554125037,296099.0959,9717567.82,6,1,65.51791479,5.8,5.3,3.9,3.3,NA,1,"C",10,0,0,1,0.852,47.2,"035-055",1749.741444,1087.546708,400.9596583,51.79503717,6.927955212,0.357,2.552926544,FALSE,16.18,21.98,4,"#004E00",0.906292646,0,0.00040813,0.00040813,0,1,2013-08-26,"P16_B01_050x050m",-46.83390461,-2.554125037,NA,NA,NA,NA,NA,NA,NA,NA,NA,NA,NA,NA,NA,NA,NA,NA,NA,NA,NA,NA,NA,NA,NA,NA,NA,NA,NA,NA,NA,NA,NA,NA,NA,NA,NA,NA,NA,NA,NA,NA,NA,NA,NA,NA,NA,NA,NA,NA,NA,NA,NA,NA,NA
"AND_A01",2013,"8/26/2013","P16","B01","unknown","UKN00","#NAME?",3,60,"CVL1999+BRN2009",50,"currupixa","Micropholis na","Sapotaceae","O",16,"P16_B01_050x050m","T04_P04_U0050z",2450.200017,2450.200017,10,-46.83390461,-2.554125037,296106.4955,9717565.493,0,6,146.6024212,7.3,6.7,4.9,8.6,NA,1,"E",11,0,0,1,0.6567,77,"055-Inf",4656.625711,3855.708822,1421.533145,148.4762271,8.19358564,0.357,11.74267953,FALSE,18.24,39.19,3,"chartreuse4",1.312964367,0,0.00040813,0.00040813,1,1,2013-08-26,"P16_B01_050x050m",-46.83390461,-2.554125037,NA,NA,NA,NA,NA,NA,NA,NA,NA,NA,NA,NA,NA,NA,NA,NA,NA,NA,NA,NA,NA,NA,NA,NA,NA,NA,NA,NA,NA,NA,NA,NA,NA,NA,NA,NA,NA,NA,NA,NA,NA,NA,NA,NA,NA,NA,NA,NA,NA,NA,NA,NA,NA
"AND_A01",2013,"8/26/2013","P16","B01","unknown","UKN00","#NAME?",3,60,"CVL1999+BRN2009",51,"jatereu","Lecythis idatimon","Lecythidaceae","O",16,"P16_B01_050x050m","T04_P04_U0051z",2450.200017,2450.200017,10,-46.83390461,-2.554125037,296090.7307,9717553.088,20,11,55.00928736,4.7,4.8,5.6,2,NA,1,"C",10,0,0,1,0.799,44.4,"035-055",1548.302523,1451.765693,535.2408977,60.57272368,7.216811314,0.357,3.633956677,FALSE,26.03,35.61,3,"chartreuse4",0.86808188,0,0.00040813,0.00040813,0,1,2013-08-26,"P16_B01_050x050m",-46.83390461,-2.554125037,NA,NA,NA,NA,NA,NA,NA,NA,NA,NA,NA,NA,NA,NA,NA,NA,NA,NA,NA,NA,NA,NA,NA,NA,NA,NA,NA,NA,NA,NA,NA,NA,NA,NA,NA,NA,NA,NA,NA,NA,NA,NA,NA,NA,NA,NA,NA,NA,NA,NA,NA,NA,NA
"AND_A01",2013,"8/26/2013","P16","B01","unknown","UKN00","#NAME?",3,60,"CVL1999+BRN2009",52,"freijo branco","Cordia scabrifolia","Boraginaceae","O",16,"P16_B01_050x050m","T04_P04_U0052z",248.6528387,2450.200017,10,-46.83390461,-2.554125037,296108.0239,9717557.238,2,14,9.738937226,1.4,1.8,1.7,2.2,NA,1,"S",10,0,0,1,0.474,12.8,"010-020",128.6796351,23.14425096,8.532884973,2.861232409,3.078021911,0.357,0.097655067,FALSE,8.87,10.4,2,"chartreuse",0.436846096,0,0.004021671,0.004021671,0,1,2013-08-26,"P16_B01_050x050m",-46.83390461,-2.554125037,NA,NA,NA,NA,NA,NA,NA,NA,NA,NA,NA,NA,NA,NA,NA,NA,NA,NA,NA,NA,NA,NA,NA,NA,NA,NA,NA,NA,NA,NA,NA,NA,NA,NA,NA,NA,NA,NA,NA,NA,NA,NA,NA,NA,NA,NA,NA,NA,NA,NA,NA,NA,NA
"AND_A01",2013,"8/26/2013","P16","B01","unknown","UKN00","#NAME?",3,60,"CVL1999+BRN2009",53,"matamata branco","Eschweilera coriacea","Lecythidaceae","O",16,"P16_B01_050x050m","T04_P04_U0053z",2450.200017,2450.200017,10,-46.83390461,-2.554125037,296105.1338,9717549.343,8,20,85.26282462,6,5.5,5.8,3.7,NA,1,"S",10,0,0,1,0.852,60,"055-Inf",2827.433388,2348.913948,866.0039401,91.92890829,7.69798385,0.357,5.513882506,FALSE,16.78,29.94,4,"#004E00",1.080970432,0,0.00040813,0.00040813,1,1,2013-08-26,"P16_B01_050x050m",-46.83390461,-2.554125037,NA,NA,NA,NA,NA,NA,NA,NA,NA,NA,NA,NA,NA,NA,NA,NA,NA,NA,NA,NA,NA,NA,NA,NA,NA,NA,NA,NA,NA,NA,NA,NA,NA,NA,NA,NA,NA,NA,NA,NA,NA,NA,NA,NA,NA,NA,NA,NA,NA,NA,NA,NA,NA
"AND_A01",2013,"8/26/2013","P16","B01","unknown","UKN00","#NAME?",3,60,"CVL1999+BRN2009",54,"castanha-sapucaia","Lecythis pisonis","Lecythidaceae","O",16,"P16_B01_050x050m","T04_P04_U0054z",2450.200017,2450.200017,10,-46.83390461,-2.554125037,296095.6936,9717544.223,19,21,371.9253003,9.5,8.7,13.6,11.8,NA,1,"E",10,0,0,1,0.857,105,"055-Inf",8659.014751,9852.400056,3632.40947,299.9213388,9.131745865,0.357,22.99276559,FALSE,30.54,42.23,4,"#004E00",1.695072024,0,0.00040813,0.00040813,1,1,2013-08-26,"P16_B01_050x050m",-46.83390461,-2.554125037,NA,NA,NA,NA,NA,NA,NA,NA,NA,NA,NA,NA,NA,NA,NA,NA,NA,NA,NA,NA,NA,NA,NA,NA,NA,NA,NA,NA,NA,NA,NA,NA,NA,NA,NA,NA,NA,NA,NA,NA,NA,NA,NA,NA,NA,NA,NA,NA,NA,NA,NA,NA,NA
"AND_A01",2013,"8/26/2013","P16","B01","unknown","UKN00","#NAME?",3,60,"CVL1999+BRN2009",55,"matamata branco","Eschweilera coriacea","Lecythidaceae","O",16,"P16_B01_050x050m","T04_P04_U0055z",2450.200017,2450.200017,10,-46.83390461,-2.554125037,296091.5345,9717539.174,25,24,129.0566262,8.6,4.2,7.2,6.2,NA,1,"C",10,0,0,1,0.852,52,"035-055",2123.716634,2203.23711,812.2954101,84.08919497,7.633958472,0.357,5.171918099,FALSE,23.71,37.33,4,"#004E00",0.971796816,0,0.00040813,0.00040813,0,1,2013-08-26,"P16_B01_050x050m",-46.83390461,-2.554125037,NA,NA,NA,NA,NA,NA,NA,NA,NA,NA,NA,NA,NA,NA,NA,NA,NA,NA,NA,NA,NA,NA,NA,NA,NA,NA,NA,NA,NA,NA,NA,NA,NA,NA,NA,NA,NA,NA,NA,NA,NA,NA,NA,NA,NA,NA,NA,NA,NA,NA,NA,NA,NA
"AND_A01",2013,"8/26/2013","P16","B01","unknown","UKN00","#NAME?",3,60,"CVL1999+BRN2009",56,"caqui preto","Diospyros guianensis","Ebenaceae","O",16,"P16_B01_050x050m","T04_P04_U0056z",248.6528387,2450.200017,10,-46.83390461,-2.554125037,296116.5201,9717541.408,0.6,31.5,49.62145596,3.8,4.2,4.3,3.6,NA,2,"S",10,0,0,1,0.73,24.9,"020-035",486.9547153,203.7173761,75.10707259,14.5463645,5.253009122,0.357,0.558129798,FALSE,12.97,16.57,3,"chartreuse4",0.60197119,0,0.004021671,0.004021671,0,1,2013-08-26,"P16_B01_050x050m",-46.83390461,-2.554125037,NA,NA,NA,NA,NA,NA,NA,NA,NA,NA,NA,NA,NA,NA,NA,NA,NA,NA,NA,NA,NA,NA,NA,NA,NA,NA,NA,NA,NA,NA,NA,NA,NA,NA,NA,NA,NA,NA,NA,NA,NA,NA,NA,NA,NA,NA,NA,NA,NA,NA,NA,NA,NA
"AND_A01",2013,"8/26/2013","P16","B01","unknown","UKN00","#NAME?",3,60,"CVL1999+BRN2009",57,"jutai-pororoca","Dialium guianense","Fabaceae","O",16,"P16_B01_050x050m","T04_P04_U0057z",248.6528387,2450.200017,10,-46.83390461,-2.554125037,296118.3636,9717530.012,3.6,42.5,36.19114737,0.7,3.6,6.5,2.8,NA,3,"S",10,0,0,1,0.896,21.7,"020-035",369.8361412,170.0287844,62.68667159,13.29891774,5.072243243,0.357,0.379528537,FALSE,11.03,14.77,4,"#004E00",0.558301744,0,0.004021671,0.004021671,0,1,2013-08-26,"P16_B01_050x050m",-46.83390461,-2.554125037,NA,NA,NA,NA,NA,NA,NA,NA,NA,NA,NA,NA,NA,NA,NA,NA,NA,NA,NA,NA,NA,NA,NA,NA,NA,NA,NA,NA,NA,NA,NA,NA,NA,NA,NA,NA,NA,NA,NA,NA,NA,NA,NA,NA,NA,NA,NA,NA,NA,NA,NA,NA,NA
"AND_A01",2013,"8/26/2013","P16","B01","unknown","UKN00","#NAME?",3,60,"CVL1999+BRN2009",58,"tauari","Couratari stellata","Lecythidaceae","O",16,"P16_B01_050x050m","T04_P04_U0058z",248.6528387,2450.200017,10,-46.83390461,-2.554125037,296120.1971,9717530.209,1.8,43,28.74557278,0.6,4,5.5,2,NA,3,"S",10,0,0,1,0.633,15.3,"010-020",183.8538561,54.34476761,20.03597574,5.433467717,3.931623837,0.357,0.171705427,FALSE,10.28,13.07,3,"chartreuse4",0.470962851,0,0.004021671,0.004021671,0,1,2013-08-26,"P16_B01_050x050m",-46.83390461,-2.554125037,NA,NA,NA,NA,NA,NA,NA,NA,NA,NA,NA,NA,NA,NA,NA,NA,NA,NA,NA,NA,NA,NA,NA,NA,NA,NA,NA,NA,NA,NA,NA,NA,NA,NA,NA,NA,NA,NA,NA,NA,NA,NA,NA,NA,NA,NA,NA,NA,NA,NA,NA,NA,NA
"AND_A01",2013,"8/26/2013","P16","B01","unknown","UKN00","#NAME?",3,60,"CVL1999+BRN2009",59,"jutai-pororoca","Dialium guianense","Fabaceae","O",16,"P16_B01_050x050m","T04_P04_U0059z",248.6528387,2450.200017,10,-46.83390461,-2.554125037,296121.5717,9717529.996,0.6,43.7,65.42366701,0.9,4.3,7.6,5.5,NA,2,"C",10,0,0,1,0.896,22.5,"020-035",397.6078202,192.4808684,70.96436657,14.43928708,5.196272264,0.357,0.429644796,FALSE,12.21,15.6,4,"#004E00",0.569219105,0,0.004021671,0.004021671,0,1,2013-08-26,"P16_B01_050x050m",-46.83390461,-2.554125037,NA,NA,NA,NA,NA,NA,NA,NA,NA,NA,NA,NA,NA,NA,NA,NA,NA,NA,NA,NA,NA,NA,NA,NA,NA,NA,NA,NA,NA,NA,NA,NA,NA,NA,NA,NA,NA,NA,NA,NA,NA,NA,NA,NA,NA,NA,NA,NA,NA,NA,NA,NA,NA
"AND_A01",2013,"8/26/2013","P16","B01","unknown","UKN00","#NAME?",3,60,"CVL1999+BRN2009",60,"arataciu","Sagotia racemosa","Euphorbiaceae","O",16,"P16_B01_050x050m","T04_P04_U0060z",248.6528387,2450.200017,10,-46.83390461,-2.554125037,296121.8359,9717526.023,2,47.4,4.51603944,1.2,1,1.1,1.5,NA,3,"S",10,0,0,1,0.58,11.8,"010-020",109.3588403,22.37392325,8.248878469,2.917268507,3.04417164,0.357,0.077151459,FALSE,5.12,9.66,2,"chartreuse",0.423199393,0,0.004021671,0.004021671,0,1,2013-08-26,"P16_B01_050x050m",-46.83390461,-2.554125037,NA,NA,NA,NA,NA,NA,NA,NA,NA,NA,NA,NA,NA,NA,NA,NA,NA,NA,NA,NA,NA,NA,NA,NA,NA,NA,NA,NA,NA,NA,NA,NA,NA,NA,NA,NA,NA,NA,NA,NA,NA,NA,NA,NA,NA,NA,NA,NA,NA,NA,NA,NA,NA
"AND_A01",2013,"8/26/2013","P16","B01","unknown","UKN00","#NAME?",3,60,"CVL1999+BRN2009",61,"jatereu","Lecythis idatimon","Lecythidaceae","O",16,"P16_B01_050x050m","T04_P04_U0061z",2450.200017,2450.200017,10,-46.83390461,-2.554125037,296094.8041,9717522.027,29,41,49.07167725,3,3.8,4.1,5,NA,1,"C",10,0,0,1,0.799,40.8,"035-055",1307.405199,1057.494134,389.8797944,47.89506359,6.899932864,0.357,2.647044141,FALSE,17.17,30.48,3,"chartreuse4",0.818953753,0,0.00040813,0.00040813,0,1,2013-08-26,"P16_B01_050x050m",-46.83390461,-2.554125037,NA,NA,NA,NA,NA,NA,NA,NA,NA,NA,NA,NA,NA,NA,NA,NA,NA,NA,NA,NA,NA,NA,NA,NA,NA,NA,NA,NA,NA,NA,NA,NA,NA,NA,NA,NA,NA,NA,NA,NA,NA,NA,NA,NA,NA,NA,NA,NA,NA,NA,NA,NA,NA
"AND_A01",2013,"8/26/2013","P16","B01","unknown","UKN00","#NAME?",3,60,"CVL1999+BRN2009",62,"matamata branco","Eschweilera coriacea","Lecythidaceae","O",16,"P16_B01_050x050m","T04_P04_U0062z",2450.200017,2450.200017,10,-46.83390461,-2.554125037,296098.0307,9717514.672,29,49,73.13627698,5.4,5,4.2,4.7,NA,2,"C",10,0,0,1,0.852,58.2,"055-Inf",2660.332075,2236.412179,824.526484,88.10013923,7.648903655,0.357,5.249793847,FALSE,20.78,30.26,4,"#004E00",1.056406368,0,0.00040813,0.00040813,1,1,2013-08-26,"P16_B01_050x050m",-46.83390461,-2.554125037,NA,NA,NA,NA,NA,NA,NA,NA,NA,NA,NA,NA,NA,NA,NA,NA,NA,NA,NA,NA,NA,NA,NA,NA,NA,NA,NA,NA,NA,NA,NA,NA,NA,NA,NA,NA,NA,NA,NA,NA,NA,NA,NA,NA,NA,NA,NA,NA,NA,NA,NA,NA,NA
"AND_A01",2013,"8/26/2013","P16","B01","unknown","UKN00","#NAME?",3,60,"CVL1999+BRN2009",63,"guajara peludo","Pouteria na","Sapotaceae","O",16,"P16_B01_050x050m","T04_P04_U0063z",2450.200017,2450.200017,10,-46.83390461,-2.554125037,296090.275,9717510.472,38,50,30.88970977,3.8,5.1,1.9,1.8,NA,1,"E",11,0,0,1,0.753148148,45.7,"035-055",1640.29621,1404.890309,517.9587547,59.92791709,7.183990007,0.357,3.730714369,FALSE,24.81,34.48,3,"chartreuse4",0.885822593,0,0.00040813,0.00040813,0,1,2013-08-26,"P16_B01_050x050m",-46.83390461,-2.554125037,NA,NA,NA,NA,NA,NA,NA,NA,NA,NA,NA,NA,NA,NA,NA,NA,NA,NA,NA,NA,NA,NA,NA,NA,NA,NA,NA,NA,NA,NA,NA,NA,NA,NA,NA,NA,NA,NA,NA,NA,NA,NA,NA,NA,NA,NA,NA,NA,NA,NA,NA,NA,NA
"AND_A01",2013,"8/26/2013","P16","B01","unknown","UKN00","#NAME?",3,60,"CVL1999+BRN2009",64,"matamata branco","Eschweilera coriacea","Lecythidaceae","O",16,"P16_B01_050x050m","T04_P04_U0064z",2450.200017,2450.200017,10,-46.83390461,-2.554125037,296077.5325,9717512.82,49,43,105.6517609,6,5.6,5.8,5.8,NA,1,"C",10,0,0,1,0.852,74.8,"055-Inf",4394.33414,3284.471391,1210.927786,123.5582873,8.033236502,0.357,7.710026739,FALSE,13.93,27.16,4,"#004E00",1.282941622,0,0.00040813,0.00040813,1,1,2013-08-26,"P16_B01_050x050m",-46.83390461,-2.554125037,NA,NA,NA,NA,NA,NA,NA,NA,NA,NA,NA,NA,NA,NA,NA,NA,NA,NA,NA,NA,NA,NA,NA,NA,NA,NA,NA,NA,NA,NA,NA,NA,NA,NA,NA,NA,NA,NA,NA,NA,NA,NA,NA,NA,NA,NA,NA,NA,NA,NA,NA,NA,NA
"AND_A01",2013,"8/26/2013","P16","B01","unknown","UKN00","#NAME?",3,60,"CVL1999+BRN2009",65,"breu barrote","Tetragastris panamensis","Burseraceae","O",16,"P16_B01_050x050m","T04_P04_U0065z",2450.200017,2450.200017,10,-46.83390461,-2.554125037,296079.0536,9717516.655,46,40,26.29513051,3,2.6,3.2,2.8,NA,1,"S",10,0,0,1,0.717,50.2,"035-055",1979.234788,1363.942927,502.8621633,60.66706621,7.154410495,0.357,3.804582782,FALSE,25.53,29.12,3,"chartreuse4",0.947232752,0,0.00040813,0.00040813,0,1,2013-08-26,"P16_B01_050x050m",-46.83390461,-2.554125037,NA,NA,NA,NA,NA,NA,NA,NA,NA,NA,NA,NA,NA,NA,NA,NA,NA,NA,NA,NA,NA,NA,NA,NA,NA,NA,NA,NA,NA,NA,NA,NA,NA,NA,NA,NA,NA,NA,NA,NA,NA,NA,NA,NA,NA,NA,NA,NA,NA,NA,NA,NA,NA
"AND_A01",2013,"8/26/2013","P16","B01","unknown","UKN00","#NAME?",3,60,"CVL1999+BRN2009",66,"marupa","Simarouba amara","Simaroubaceae","O",16,"P16_B01_050x050m","T04_P04_U0066z",2450.200017,2450.200017,10,-46.83390461,-2.554125037,296083.6719,9717520.702,40,38,104.5522035,4.8,3.7,8,6.7,NA,1,"E",10,0,0,1,0.383,54.3,"035-055",2315.738631,1027.321211,378.7555595,61.23813301,6.870985427,0.357,5.364601623,FALSE,24.93,34.85,2,"chartreuse",1.00318423,0,0.00040813,0.00040813,0,1,2013-08-26,"P16_B01_050x050m",-46.83390461,-2.554125037,NA,NA,NA,NA,NA,NA,NA,NA,NA,NA,NA,NA,NA,NA,NA,NA,NA,NA,NA,NA,NA,NA,NA,NA,NA,NA,NA,NA,NA,NA,NA,NA,NA,NA,NA,NA,NA,NA,NA,NA,NA,NA,NA,NA,NA,NA,NA,NA,NA,NA,NA,NA,NA
"AND_A01",2013,"8/26/2013","P16","B01","unknown","UKN00","#NAME?",3,60,"CVL1999+BRN2009",67,"pente-de-macaco","Apeiba petoumo","Malvaceae","O",16,"P16_B01_050x050m","T04_P04_U0067z",2450.200017,2450.200017,10,-46.83390461,-2.554125037,296072.1108,9717537.438,44,18,200.6770847,5.8,11.4,9.5,5.3,NA,1,"C",11,0,0,1,0.264,67.2,"055-Inf",3546.732442,1232.4467,454.381779,96.60054764,7.05303216,0.357,9.336717424,FALSE,23.67,39.78,2,"chartreuse",1.179226687,0,0.00040813,0.00040813,1,1,2013-08-26,"P16_B01_050x050m",-46.83390461,-2.554125037,NA,NA,NA,NA,NA,NA,NA,NA,NA,NA,NA,NA,NA,NA,NA,NA,NA,NA,NA,NA,NA,NA,NA,NA,NA,NA,NA,NA,NA,NA,NA,NA,NA,NA,NA,NA,NA,NA,NA,NA,NA,NA,NA,NA,NA,NA,NA,NA,NA,NA,NA,NA,NA
"AND_A01",2013,"8/27/2013","P17","B01","unknown","DGD01","2009",5,4,"CVL1999+BRN2009",1,"morta",NA,NA,"O",17,"P17_B01_050x050m","T05_P01_U0001z",2482.722784,2482.722784,10,-46.83712993,-2.551123266,295749.1852,9717890.843,1,11.7,0.031415927,0.1,0.1,0.1,0.1,1,NA,NA,0,1,0,1,0.629,47.5,"035-055",1772.054606,1344.971203,495.8676168,58.86275805,7.140403382,0.357,4.276538007,TRUE,NA,36.16,3,"chartreuse4",0.910386657,0.000402784,0,0.000402784,0,1,2013-08-27,"P17_B01_050x050m",-46.83712993,-2.551123266,NA,NA,NA,NA,NA,NA,NA,NA,NA,NA,NA,NA,NA,NA,NA,NA,NA,NA,NA,NA,NA,NA,NA,NA,NA,NA,NA,NA,NA,NA,NA,NA,NA,NA,NA,NA,NA,NA,NA,NA,NA,NA,NA,NA,NA,NA,NA,NA,NA,NA,NA,NA,NA
"AND_A01",2013,"8/27/2013","P17","B01","unknown","DGD01","2009",5,4,"CVL1999+BRN2009",2,"jatereu","Lecythis idatimon","Lecythidaceae","O",17,"P17_B01_050x050m","T05_P01_U0002z",247.1902385,2482.722784,10,-46.83712993,-2.551123266,295750.186,9717890.482,0.2,12.4,24.88141382,2,2.9,2.8,3.7,NA,1,"S",10,0,0,1,0.799,20.3,"020-035",323.6547292,130.5691485,48.13858641,10.7408805,4.80817846,0.357,0.32683141,FALSE,9.46,14.44,3,"chartreuse4",0.539196361,0,0.004045467,0.004045467,0,1,2013-08-27,"P17_B01_050x050m",-46.83712993,-2.551123266,NA,NA,NA,NA,NA,NA,NA,NA,NA,NA,NA,NA,NA,NA,NA,NA,NA,NA,NA,NA,NA,NA,NA,NA,NA,NA,NA,NA,NA,NA,NA,NA,NA,NA,NA,NA,NA,NA,NA,NA,NA,NA,NA,NA,NA,NA,NA,NA,NA,NA,NA,NA,NA
"AND_A01",2013,"8/27/2013","P17","B01","unknown","DGD01","2009",5,4,"CVL1999+BRN2009",3,"matamata branco","Eschweilera coriacea","Lecythidaceae","O",17,"P17_B01_050x050m","T05_P01_U0003z",247.1902385,2482.722784,10,-46.83712993,-2.551123266,295758.1035,9717861.259,4.6,42.4,42.37223092,1.5,5.7,5,2.6,NA,1,"C",10,0,0,1,0.852,31.7,"020-035",789.2387604,411.2180869,151.6089953,25.00092738,5.955399199,0.357,0.965300674,FALSE,12.26,17.99,4,"#004E00",0.694768764,0,0.004045467,0.004045467,0,1,2013-08-27,"P17_B01_050x050m",-46.83712993,-2.551123266,NA,NA,NA,NA,NA,NA,NA,NA,NA,NA,NA,NA,NA,NA,NA,NA,NA,NA,NA,NA,NA,NA,NA,NA,NA,NA,NA,NA,NA,NA,NA,NA,NA,NA,NA,NA,NA,NA,NA,NA,NA,NA,NA,NA,NA,NA,NA,NA,NA,NA,NA,NA,NA
"AND_A01",2013,"8/27/2013","P17","B01","unknown","DGD01","2009",5,4,"CVL1999+BRN2009",4,"andiroba","Carapa guianensis","Meliaceae","O",17,"P17_B01_050x050m","T05_P01_U0004z",2482.722784,2482.722784,10,-46.83712993,-2.551123266,295741.2166,9717864.159,19,33.5,55.81824747,3,8.2,3.9,2.1,NA,1,"C",10,0,0,1,0.53,41.6,"035-055",1359.178646,334.9608337,123.4942651,22.59705614,5.750289111,0.357,1.264003146,FALSE,9.99,13.61,2,"chartreuse",0.829871114,0,0.000402784,0.000402784,0,1,2013-08-27,"P17_B01_050x050m",-46.83712993,-2.551123266,NA,NA,NA,NA,NA,NA,NA,NA,NA,NA,NA,NA,NA,NA,NA,NA,NA,NA,NA,NA,NA,NA,NA,NA,NA,NA,NA,NA,NA,NA,NA,NA,NA,NA,NA,NA,NA,NA,NA,NA,NA,NA,NA,NA,NA,NA,NA,NA,NA,NA,NA,NA,NA
"AND_A01",2013,"8/27/2013","P17","B01","unknown","DGD01","2009",5,4,"CVL1999+BRN2009",5,"matamata branco","Eschweilera coriacea","Lecythidaceae","O",17,"P17_B01_050x050m","T05_P01_U0005z",2482.722784,2482.722784,10,-46.83712993,-2.551123266,295738.0627,9717861.28,23,35,13.20254313,2.1,2.3,2,1.8,NA,2,"S",10,0,0,1,0.852,41.5,"035-055",1352.651987,274.9800377,101.3803832,22.67367464,5.552974005,0.357,0.645493046,FALSE,4.42,6.95,4,"#004E00",0.828506444,0,0.000402784,0.000402784,0,1,2013-08-27,"P17_B01_050x050m",-46.83712993,-2.551123266,NA,NA,NA,NA,NA,NA,NA,NA,NA,NA,NA,NA,NA,NA,NA,NA,NA,NA,NA,NA,NA,NA,NA,NA,NA,NA,NA,NA,NA,NA,NA,NA,NA,NA,NA,NA,NA,NA,NA,NA,NA,NA,NA,NA,NA,NA,NA,NA,NA,NA,NA,NA,NA
"AND_A01",2013,"8/27/2013","P17","B01","unknown","DGD01","2009",5,4,"CVL1999+BRN2009",6,"morta",NA,NA,"O",17,"P17_B01_050x050m","T05_P01_U0006z",247.1902385,2482.722784,10,-46.83712993,-2.551123266,295762.5453,9717861.952,0.3,43.4,0.031415927,0.1,0.1,0.1,0.1,1,NA,NA,0,1,0,1,0.629,12.1,"010-020",114.9901451,13.64189269,5.029529851,2.564211763,2.549420903,0.357,0.043376447,TRUE,NA,3.74,3,"chartreuse4",0.427293404,0.004045467,0,0.004045467,0,1,2013-08-27,"P17_B01_050x050m",-46.83712993,-2.551123266,NA,NA,NA,NA,NA,NA,NA,NA,NA,NA,NA,NA,NA,NA,NA,NA,NA,NA,NA,NA,NA,NA,NA,NA,NA,NA,NA,NA,NA,NA,NA,NA,NA,NA,NA,NA,NA,NA,NA,NA,NA,NA,NA,NA,NA,NA,NA,NA,NA,NA,NA,NA,NA
"AND_A01",2013,"8/27/2013","P17","B01","unknown","DGD01","2009",5,4,"CVL1999+BRN2009",7,"iperana","Eperua bijuga","Fabaceae","O",17,"P17_B01_050x050m","T05_P01_U0007z",247.1902385,2482.722784,10,-46.83712993,-2.551123266,295760.0447,9717860.846,3,43.5,9.251990365,1.4,3,1.7,0.8,NA,2,"S",10,0,0,1,0.729,13,"010-020",132.7322896,41.68678614,15.36919694,4.629242432,3.666459699,0.357,0.11436704,FALSE,5.68,11.98,3,"chartreuse4",0.439575436,0,0.004045467,0.004045467,0,1,2013-08-27,"P17_B01_050x050m",-46.83712993,-2.551123266,NA,NA,NA,NA,NA,NA,NA,NA,NA,NA,NA,NA,NA,NA,NA,NA,NA,NA,NA,NA,NA,NA,NA,NA,NA,NA,NA,NA,NA,NA,NA,NA,NA,NA,NA,NA,NA,NA,NA,NA,NA,NA,NA,NA,NA,NA,NA,NA,NA,NA,NA,NA,NA
"AND_A01",2013,"8/27/2013","P17","B01","unknown","DGD01","2009",5,4,"CVL1999+BRN2009",8,"jatereu","Lecythis idatimon","Lecythidaceae","O",17,"P17_B01_050x050m","T05_P01_U0008z",247.1902385,2482.722784,10,-46.83712993,-2.551123266,295759.6988,9717859.087,4,45,23.090706,2.9,1.4,3.1,3.5,NA,2,"S",10,0,0,1,0.799,15.6,"010-020",191.134497,69.47329413,25.61360177,6.824013462,4.177217922,0.357,0.173900611,FALSE,7.57,12.81,3,"chartreuse4",0.475056861,0,0.004045467,0.004045467,0,1,2013-08-27,"P17_B01_050x050m",-46.83712993,-2.551123266,NA,NA,NA,NA,NA,NA,NA,NA,NA,NA,NA,NA,NA,NA,NA,NA,NA,NA,NA,NA,NA,NA,NA,NA,NA,NA,NA,NA,NA,NA,NA,NA,NA,NA,NA,NA,NA,NA,NA,NA,NA,NA,NA,NA,NA,NA,NA,NA,NA,NA,NA,NA,NA
"AND_A01",2013,"8/27/2013","P17","B01","unknown","DGD01","2009",5,4,"CVL1999+BRN2009",9,"iperana","Eperua bijuga","Fabaceae","O",17,"P17_B01_050x050m","T05_P01_U0009z",247.1902385,2482.722784,10,-46.83712993,-2.551123266,295763.1363,9717857.545,1.5,47.7,11.93805208,1.3,2.6,2.7,1.2,NA,2,"S",10,0,0,1,0.729,11.5,"010-020",103.8689071,28.74433361,10.59753857,3.607901365,3.294716156,0.357,0.078859626,FALSE,9.11,10.46,3,"chartreuse4",0.419105383,0,0.004045467,0.004045467,0,1,2013-08-27,"P17_B01_050x050m",-46.83712993,-2.551123266,NA,NA,NA,NA,NA,NA,NA,NA,NA,NA,NA,NA,NA,NA,NA,NA,NA,NA,NA,NA,NA,NA,NA,NA,NA,NA,NA,NA,NA,NA,NA,NA,NA,NA,NA,NA,NA,NA,NA,NA,NA,NA,NA,NA,NA,NA,NA,NA,NA,NA,NA,NA,NA
"AND_A01",2013,"8/27/2013","P17","B01","unknown","DGD01","2009",5,4,"CVL1999+BRN2009",10,"cajuacu","Anacardium spruceanum","Anacardiaceae","O",17,"P17_B01_050x050m","T05_P01_U0010z",2482.722784,2482.722784,10,-46.83712993,-2.551123266,295715.7483,9717869.805,41,19,83.99833358,4.8,6.5,4.5,5,NA,1,"S",10,0,0,1,0.479,63.9,"055-Inf",3206.945635,1536.791049,566.5882759,78.23643196,7.273727287,0.357,6.416664089,FALSE,22.12,30.4,2,"chartreuse",1.13419257,0,0.000402784,0.000402784,1,1,2013-08-27,"P17_B01_050x050m",-46.83712993,-2.551123266,NA,NA,NA,NA,NA,NA,NA,NA,NA,NA,NA,NA,NA,NA,NA,NA,NA,NA,NA,NA,NA,NA,NA,NA,NA,NA,NA,NA,NA,NA,NA,NA,NA,NA,NA,NA,NA,NA,NA,NA,NA,NA,NA,NA,NA,NA,NA,NA,NA,NA,NA,NA,NA
"AND_A01",2013,"8/27/2013","P17","B01","unknown","DGD01","2009",5,4,"CVL1999+BRN2009",11,"iperana","Eperua bijuga","Fabaceae","O",17,"P17_B01_050x050m","T05_P01_U0011z",2482.722784,2482.722784,10,-46.83712993,-2.551123266,295705.4335,9717875.53,49,10,49.31515068,4.7,4.3,4.4,2.6,NA,1,"C",10,0,0,1,0.729,37.2,"035-055",1086.865394,602.4784509,222.123383,32.27703344,6.337327399,0.357,1.652890126,FALSE,15.3,22.58,3,"chartreuse4",0.769825625,0,0.000402784,0.000402784,0,1,2013-08-27,"P17_B01_050x050m",-46.83712993,-2.551123266,NA,NA,NA,NA,NA,NA,NA,NA,NA,NA,NA,NA,NA,NA,NA,NA,NA,NA,NA,NA,NA,NA,NA,NA,NA,NA,NA,NA,NA,NA,NA,NA,NA,NA,NA,NA,NA,NA,NA,NA,NA,NA,NA,NA,NA,NA,NA,NA,NA,NA,NA,NA,NA
"AND_A01",2013,"8/27/2013","P17","B01","unknown","DGD01","2009",5,4,"CVL1999+BRN2009",12,"morta",NA,NA,"O",17,"P17_B01_050x050m","T05_P01_U0012z",2482.722784,2482.722784,10,-46.83712993,-2.551123266,295703.4802,9717883.894,48,1.6,0.031415927,0.1,0.1,0.1,0.1,2,NA,NA,0,1,0,1,0.696,71.5,"055-Inf",4015.151761,2987.928302,1101.597479,116.5735211,7.93861105,0.357,8.586000866,TRUE,NA,31.19,3,"chartreuse4",1.237907506,0.000402784,0,0.000402784,1,1,2013-08-27,"P17_B01_050x050m",-46.83712993,-2.551123266,NA,NA,NA,NA,NA,NA,NA,NA,NA,NA,NA,NA,NA,NA,NA,NA,NA,NA,NA,NA,NA,NA,NA,NA,NA,NA,NA,NA,NA,NA,NA,NA,NA,NA,NA,NA,NA,NA,NA,NA,NA,NA,NA,NA,NA,NA,NA,NA,NA,NA,NA,NA,NA
"AND_A01",2013,"8/27/2013","P17","B01","unknown","DGD01","2009",5,4,"CVL1999+BRN2009",13,"piquiarana","Caryocar glabrum","Caryocaraceae","O",17,"P17_B01_050x050m","T05_P01_U0013z",2482.722784,2482.722784,10,-46.83712993,-2.551123266,295728.0723,9717894.128,20,1,100.2796375,6.7,5,4.5,6.4,NA,1,"C",10,0,0,1,0.654,44.5,"035-055",1555.284713,991.0733523,365.3916011,47.30729841,6.83506405,0.357,3.030805359,FALSE,18.09,29.29,3,"chartreuse4",0.86944655,0,0.000402784,0.000402784,0,1,2013-08-27,"P17_B01_050x050m",-46.83712993,-2.551123266,NA,NA,NA,NA,NA,NA,NA,NA,NA,NA,NA,NA,NA,NA,NA,NA,NA,NA,NA,NA,NA,NA,NA,NA,NA,NA,NA,NA,NA,NA,NA,NA,NA,NA,NA,NA,NA,NA,NA,NA,NA,NA,NA,NA,NA,NA,NA,NA,NA,NA,NA,NA,NA
"AND_A01",2013,"8/27/2013","P18","B01","unknown","DGD01","2009",5,4,"CVL1999+BRN2009",14,"jatereu","Lecythis idatimon","Lecythidaceae","O",18,"P18_B01_050x050m","T05_P02_U0014z",244.0637103,2450.01483,10,-46.83660396,-2.552371774,295805.3607,9717754.572,3,9,32.62543971,3.8,3.4,2.9,2.8,NA,2,"S",10,0,0,1,0.799,13.7,"010-020",147.4113813,66.69785534,24.5903455,6.287518375,4.136448299,0.357,0.16695333,FALSE,11.74,15.93,3,"chartreuse4",0.449128127,0,0.004097291,0.004097291,0,1,2013-08-27,"P18_B01_050x050m",-46.83660396,-2.552371774,NA,NA,NA,NA,NA,NA,NA,NA,NA,NA,NA,NA,NA,NA,NA,NA,NA,NA,NA,NA,NA,NA,NA,NA,NA,NA,NA,NA,NA,NA,NA,NA,NA,NA,NA,NA,NA,NA,NA,NA,NA,NA,NA,NA,NA,NA,NA,NA,NA,NA,NA,NA,NA
"AND_A01",2013,"8/27/2013","P18","B01","unknown","DGD01","2009",5,4,"CVL1999+BRN2009",15,"urucurana","Sloanea guianensis","Elaeocarpaceae","O",18,"P18_B01_050x050m","T05_P02_U0015z",244.0637103,2450.01483,10,-46.83660396,-2.552371774,295810.9366,9717745.668,1.2,19.5,38.79866927,3.5,4.3,4.1,2.2,NA,2,"S",10,0,0,1,0.821,18.1,"010-020",257.3042923,76.56163274,28.2269496,7.782547722,4.274371573,0.357,0.186508241,FALSE,2.24,10.23,4,"#004E00",0.509173616,0,0.004097291,0.004097291,0,1,2013-08-27,"P18_B01_050x050m",-46.83660396,-2.552371774,NA,NA,NA,NA,NA,NA,NA,NA,NA,NA,NA,NA,NA,NA,NA,NA,NA,NA,NA,NA,NA,NA,NA,NA,NA,NA,NA,NA,NA,NA,NA,NA,NA,NA,NA,NA,NA,NA,NA,NA,NA,NA,NA,NA,NA,NA,NA,NA,NA,NA,NA,NA,NA
"AND_A01",2013,"8/27/2013","P18","B01","unknown","DGD01","2009",5,4,"CVL1999+BRN2009",16,"macaranduba","Manilkara huberi","Sapotaceae","O",18,"P18_B01_050x050m","T05_P02_U0016z",2450.01483,2450.01483,10,-46.83660396,-2.552371774,295808.0161,9717737.614,7,26,92.76337708,9,4.7,3.7,4.6,NA,1,"E",10,0,0,1,0.921,49.7,"035-055",1940.004149,1947.826237,718.1298392,76.47240476,7.510744779,0.357,4.229807246,FALSE,23.69,33.32,4,"#004E00",0.940409401,0,0.000408161,0.000408161,0,1,2013-08-27,"P18_B01_050x050m",-46.83660396,-2.552371774,NA,NA,NA,NA,NA,NA,NA,NA,NA,NA,NA,NA,NA,NA,NA,NA,NA,NA,NA,NA,NA,NA,NA,NA,NA,NA,NA,NA,NA,NA,NA,NA,NA,NA,NA,NA,NA,NA,NA,NA,NA,NA,NA,NA,NA,NA,NA,NA,NA,NA,NA,NA,NA
"AND_A01",2013,"8/27/2013","P18","B01","unknown","DGD01","2009",5,4,"CVL1999+BRN2009",17,"matamata branco","Eschweilera coriacea","Lecythidaceae","O",18,"P18_B01_050x050m","T05_P02_U0017z",244.0637103,2450.01483,10,-46.83660396,-2.552371774,295816.0487,9717735.527,0.3,31,47.28096944,3.2,5.6,3.8,3,NA,2,"S",10,0,0,1,0.852,26.5,"020-035",551.5458602,316.2445969,116.5939124,19.9880777,5.692791455,0.357,0.742358209,FALSE,13.29,19.67,4,"#004E00",0.623805914,0,0.004097291,0.004097291,0,1,2013-08-27,"P18_B01_050x050m",-46.83660396,-2.552371774,NA,NA,NA,NA,NA,NA,NA,NA,NA,NA,NA,NA,NA,NA,NA,NA,NA,NA,NA,NA,NA,NA,NA,NA,NA,NA,NA,NA,NA,NA,NA,NA,NA,NA,NA,NA,NA,NA,NA,NA,NA,NA,NA,NA,NA,NA,NA,NA,NA,NA,NA,NA,NA
"AND_A01",2013,"8/27/2013","P18","B01","unknown","DGD01","2009",5,4,"CVL1999+BRN2009",18,"pente-de-macaco","Apeiba petoumo","Malvaceae","O",18,"P18_B01_050x050m","T05_P02_U0018z",2450.01483,2450.01483,10,-46.83660396,-2.552371774,295817.4416,9717732.906,0,34,50.8466771,4.8,6,3,2.3,NA,2,"S",11,0,0,1,0.264,42.4,"035-055",1411.957402,309.1844086,113.9909431,26.2851838,5.670213391,0.357,2.342306126,FALSE,17.01,24.23,2,"chartreuse",0.840788476,0,0.000408161,0.000408161,0,1,2013-08-27,"P18_B01_050x050m",-46.83660396,-2.552371774,NA,NA,NA,NA,NA,NA,NA,NA,NA,NA,NA,NA,NA,NA,NA,NA,NA,NA,NA,NA,NA,NA,NA,NA,NA,NA,NA,NA,NA,NA,NA,NA,NA,NA,NA,NA,NA,NA,NA,NA,NA,NA,NA,NA,NA,NA,NA,NA,NA,NA,NA,NA,NA
"AND_A01",2013,"8/27/2013","P18","B01","unknown","DGD01","2009",5,4,"CVL1999+BRN2009",19,"matamata","Eschweilera amazonica","Lecythidaceae","O",18,"P18_B01_050x050m","T05_P02_U0019z",2450.01483,2450.01483,10,-46.83660396,-2.552371774,295815.6297,9717726.876,4,39,122.6949011,6.4,5.2,8.2,5.5,NA,2,"S",10,0,0,1,0.9,52.8,"035-055",2189.564416,2232.323202,823.0189489,85.19273914,7.647073617,0.357,4.960718226,FALSE,25.75,34.74,4,"#004E00",0.982714177,0,0.000408161,0.000408161,0,1,2013-08-27,"P18_B01_050x050m",-46.83660396,-2.552371774,NA,NA,NA,NA,NA,NA,NA,NA,NA,NA,NA,NA,NA,NA,NA,NA,NA,NA,NA,NA,NA,NA,NA,NA,NA,NA,NA,NA,NA,NA,NA,NA,NA,NA,NA,NA,NA,NA,NA,NA,NA,NA,NA,NA,NA,NA,NA,NA,NA,NA,NA,NA,NA
"AND_A01",2013,"8/27/2013","P18","B01","unknown","DGD01","2009",5,4,"CVL1999+BRN2009",20,"lacre vermelho","Vismia latifolia","Hypericaceae","O",18,"P18_B01_050x050m","T05_P02_U0020z",244.0637103,2450.01483,10,-46.83660396,-2.552371774,295817.6668,9717724.512,3,42,45.23893421,2.4,2.8,4,6.2,NA,2,"S",10,0,0,1,0.43,17.2,"010-020",232.3521927,70.78781279,26.09824206,6.060715493,4.19596235,0.357,0.329245641,FALSE,13.2,19.96,2,"chartreuse",0.496891585,0,0.004097291,0.004097291,0,1,2013-08-27,"P18_B01_050x050m",-46.83660396,-2.552371774,NA,NA,NA,NA,NA,NA,NA,NA,NA,NA,NA,NA,NA,NA,NA,NA,NA,NA,NA,NA,NA,NA,NA,NA,NA,NA,NA,NA,NA,NA,NA,NA,NA,NA,NA,NA,NA,NA,NA,NA,NA,NA,NA,NA,NA,NA,NA,NA,NA,NA,NA,NA,NA
"AND_A01",2013,"8/27/2013","P18","B01","unknown","DGD01","2009",5,4,"CVL1999+BRN2009",21,"morta",NA,NA,"O",18,"P18_B01_050x050m","T05_P02_U0021z",244.0637103,2450.01483,10,-46.83660396,-2.552371774,295822.0807,9717720.775,0.3,47.2,0.031415927,0.1,0.1,0.1,0.1,3,NA,NA,0,1,0,1,0.587,10.8,"010-020",91.60884178,16.32031169,6.017016605,2.456610678,2.728685948,0.357,0.055605832,TRUE,NA,6.69,2,"chartreuse",0.409552691,0.004097291,0,0.004097291,0,1,2013-08-27,"P18_B01_050x050m",-46.83660396,-2.552371774,NA,NA,NA,NA,NA,NA,NA,NA,NA,NA,NA,NA,NA,NA,NA,NA,NA,NA,NA,NA,NA,NA,NA,NA,NA,NA,NA,NA,NA,NA,NA,NA,NA,NA,NA,NA,NA,NA,NA,NA,NA,NA,NA,NA,NA,NA,NA,NA,NA,NA,NA,NA,NA
"AND_A01",2013,"8/27/2013","P18","B01","unknown","DGD01","2009",5,4,"CVL1999+BRN2009",22,"andiroba","Carapa guianensis","Meliaceae","O",18,"P18_B01_050x050m","T05_P02_U0022z",2450.01483,2450.01483,10,-46.83660396,-2.552371774,295822.4903,9717719.773,0.3,48.3,58.80119343,4.326314966,4.326314966,4.326314966,4.326314966,NA,1,"E",10,1,0,1,0.53,48,"035-055",1809.557368,1276.491751,470.6204275,61.11794029,7.088146275,0.357,4.816950005,FALSE,29.45,40.26,2,"chartreuse",0.917210008,0,0.000408161,0.000408161,0,1,2013-08-27,"P18_B01_050x050m",-46.83660396,-2.552371774,NA,NA,NA,NA,NA,NA,NA,NA,NA,NA,NA,NA,NA,NA,NA,NA,NA,NA,NA,NA,NA,NA,NA,NA,NA,NA,NA,NA,NA,NA,NA,NA,NA,NA,NA,NA,NA,NA,NA,NA,NA,NA,NA,NA,NA,NA,NA,NA,NA,NA,NA,NA,NA
"AND_A01",2013,"8/27/2013","P18","B01","unknown","DGD01","2009",5,4,"CVL1999+BRN2009",23,"axixa","Sterculia pruriens","Malvaceae","O",18,"P18_B01_050x050m","T05_P02_U0023z",2450.01483,2450.01483,10,-46.83660396,-2.552371774,295803.3601,9717717.687,19,43,51.40430979,3,4.6,5.5,3.1,NA,1,"E",10,0,0,1,0.486,47.3,"035-055",1757.163457,719.5465297,265.2843585,40.28653371,6.514896694,0.357,2.96109683,FALSE,20.67,25.13,2,"chartreuse",0.907657316,0,0.000408161,0.000408161,0,1,2013-08-27,"P18_B01_050x050m",-46.83660396,-2.552371774,NA,NA,NA,NA,NA,NA,NA,NA,NA,NA,NA,NA,NA,NA,NA,NA,NA,NA,NA,NA,NA,NA,NA,NA,NA,NA,NA,NA,NA,NA,NA,NA,NA,NA,NA,NA,NA,NA,NA,NA,NA,NA,NA,NA,NA,NA,NA,NA,NA,NA,NA,NA,NA
"AND_A01",2013,"8/27/2013","P18","B01","unknown","DGD01","2009",5,4,"CVL1999+BRN2009",24,"jatereu","Lecythis idatimon","Lecythidaceae","O",18,"P18_B01_050x050m","T05_P02_U0024z",2450.01483,2450.01483,10,-46.83660396,-2.552371774,295774.3058,9717710.259,49,39,67.29291464,5.9,4,4.3,4.4,NA,1,"C",10,0,0,1,0.799,37.2,"035-055",1086.865394,953.9194057,351.6935836,43.40883736,6.796854688,0.357,2.387783243,FALSE,24.26,32.99,3,"chartreuse4",0.769825625,0,0.000408161,0.000408161,0,1,2013-08-27,"P18_B01_050x050m",-46.83660396,-2.552371774,NA,NA,NA,NA,NA,NA,NA,NA,NA,NA,NA,NA,NA,NA,NA,NA,NA,NA,NA,NA,NA,NA,NA,NA,NA,NA,NA,NA,NA,NA,NA,NA,NA,NA,NA,NA,NA,NA,NA,NA,NA,NA,NA,NA,NA,NA,NA,NA,NA,NA,NA,NA,NA
"AND_A01",2013,"8/27/2013","P18","B01","unknown","DGD01","2009",5,4,"CVL1999+BRN2009",25,"pau-de-remo","Chimarrhis turbinata","Rubiaceae","O",18,"P18_B01_050x050m","T05_P02_U0025z",2450.01483,2450.01483,10,-46.83660396,-2.552371774,295771.3324,9717725.093,46,24,177.9476619,9.7,7.4,6.6,6.5,NA,1,"E",10,0,0,1,0.72,51,"035-055",2042.820623,2134.699558,787.0268003,83.57408072,7.602356694,0.357,5.929720995,FALSE,30.58,44.46,3,"chartreuse4",0.958150114,0,0.000408161,0.000408161,0,1,2013-08-27,"P18_B01_050x050m",-46.83660396,-2.552371774,NA,NA,NA,NA,NA,NA,NA,NA,NA,NA,NA,NA,NA,NA,NA,NA,NA,NA,NA,NA,NA,NA,NA,NA,NA,NA,NA,NA,NA,NA,NA,NA,NA,NA,NA,NA,NA,NA,NA,NA,NA,NA,NA,NA,NA,NA,NA,NA,NA,NA,NA,NA,NA
"AND_A01",2013,"8/27/2013","P18","B01","unknown","DGD01","2009",5,4,"CVL1999+BRN2009",26,"morta",NA,NA,"O",18,"P18_B01_050x050m","T05_P02_U0026z",2450.01483,2450.01483,10,-46.83660396,-2.552371774,295774.9579,9717731.872,40,19,0.031415927,0.1,0.1,0.1,0.1,2,NA,NA,0,1,0,1,0.696,39.2,"035-055",1206.874234,205.8182869,75.88164207,19.00165783,5.263269177,0.357,0.591431859,TRUE,NA,5.15,3,"chartreuse4",0.79711903,0.000408161,0,0.000408161,0,1,2013-08-27,"P18_B01_050x050m",-46.83660396,-2.552371774,NA,NA,NA,NA,NA,NA,NA,NA,NA,NA,NA,NA,NA,NA,NA,NA,NA,NA,NA,NA,NA,NA,NA,NA,NA,NA,NA,NA,NA,NA,NA,NA,NA,NA,NA,NA,NA,NA,NA,NA,NA,NA,NA,NA,NA,NA,NA,NA,NA,NA,NA,NA,NA
"AND_A01",2013,"8/27/2013","P18","B01","unknown","DGD01","2009",5,4,"CVL1999+BRN2009",27,"morta",NA,NA,"O",18,"P18_B01_050x050m","T05_P02_U0027z",2450.01483,2450.01483,10,-46.83660396,-2.552371774,295769.1403,9717738.088,43,11,0.031415927,0.1,0.1,0.1,0.1,1,NA,NA,0,1,0,1,0.629,58.6,"055-Inf",2697.025877,1960.939962,722.9646428,82.81382132,7.517454709,0.357,6.235103216,TRUE,NA,34.31,3,"chartreuse4",1.061865049,0.000408161,0,0.000408161,1,1,2013-08-27,"P18_B01_050x050m",-46.83660396,-2.552371774,NA,NA,NA,NA,NA,NA,NA,NA,NA,NA,NA,NA,NA,NA,NA,NA,NA,NA,NA,NA,NA,NA,NA,NA,NA,NA,NA,NA,NA,NA,NA,NA,NA,NA,NA,NA,NA,NA,NA,NA,NA,NA,NA,NA,NA,NA,NA,NA,NA,NA,NA,NA,NA
"AND_A01",2013,"8/27/2013","P18","B01","unknown","DGD01","2009",5,4,"CVL1999+BRN2009",28,"jatereu","Lecythis idatimon","Lecythidaceae","O",18,"P18_B01_050x050m","T05_P02_U0028z",2450.01483,2450.01483,10,-46.83660396,-2.552371774,295763.6947,9717743.394,46,4,40.10243022,3.6,3.2,3.3,4.2,NA,1,"C",10,0,0,1,0.799,42.5,"035-055",1418.625433,1005.64172,370.7627061,47.08183908,6.849656644,0.357,2.517250863,FALSE,17.84,26.68,3,"chartreuse4",0.842153146,0,0.000408161,0.000408161,0,1,2013-08-27,"P18_B01_050x050m",-46.83660396,-2.552371774,NA,NA,NA,NA,NA,NA,NA,NA,NA,NA,NA,NA,NA,NA,NA,NA,NA,NA,NA,NA,NA,NA,NA,NA,NA,NA,NA,NA,NA,NA,NA,NA,NA,NA,NA,NA,NA,NA,NA,NA,NA,NA,NA,NA,NA,NA,NA,NA,NA,NA,NA,NA,NA
"AND_A01",2013,"8/27/2013","P19","B01","unknown","DGD01","2009",5,4,"CVL1999+BRN2009",29,"axixa","Sterculia pruriens","Malvaceae","O",19,"P19_B01_050x050m","T05_P03_U0029z",248.0259992,2431.454423,10,-46.83608685,-2.553612339,295860.8579,9717621.678,1.8,6,10.55575132,2,1.8,1.2,2.4,NA,1,"S",10,0,0,1,0.486,16.2,"010-020",206.119894,50.37875936,18.5737771,4.925850832,3.855845145,0.357,0.207319997,FALSE,10.89,14.05,2,"chartreuse",0.483244882,0,0.004031835,0.004031835,0,1,2013-08-27,"P19_B01_050x050m",-46.83608685,-2.553612339,NA,NA,NA,NA,NA,NA,NA,NA,NA,NA,NA,NA,NA,NA,NA,NA,NA,NA,NA,NA,NA,NA,NA,NA,NA,NA,NA,NA,NA,NA,NA,NA,NA,NA,NA,NA,NA,NA,NA,NA,NA,NA,NA,NA,NA,NA,NA,NA,NA,NA,NA,NA,NA
"AND_A01",2013,"8/27/2013","P19","B01","unknown","DGD01","2009",5,4,"CVL1999+BRN2009",30,"matamata branco","Eschweilera coriacea","Lecythidaceae","O",19,"P19_B01_050x050m","T05_P03_U0030z",248.0259992,2431.454423,10,-46.83608685,-2.553612339,295862.3001,9717619.379,1.5,8.6,27.48893572,1.8,2.1,5.2,2.9,NA,1,"S",10,0,0,1,0.852,21.1,"020-035",349.6671163,172.6675991,63.65955694,12.99152396,5.087643854,0.357,0.405323003,FALSE,11.55,16.69,4,"#004E00",0.550113723,0,0.004031835,0.004031835,0,1,2013-08-27,"P19_B01_050x050m",-46.83608685,-2.553612339,NA,NA,NA,NA,NA,NA,NA,NA,NA,NA,NA,NA,NA,NA,NA,NA,NA,NA,NA,NA,NA,NA,NA,NA,NA,NA,NA,NA,NA,NA,NA,NA,NA,NA,NA,NA,NA,NA,NA,NA,NA,NA,NA,NA,NA,NA,NA,NA,NA,NA,NA,NA,NA
"AND_A01",2013,"8/27/2013","P19","B01","unknown","DGD01","2009",5,4,"CVL1999+BRN2009",31,"jarana","Lecythis lurida","Lecythidaceae","O",19,"P19_B01_050x050m","T05_P03_U0031z",2431.454423,2431.454423,10,-46.83608685,-2.553612339,295857.6777,9717610.779,10,14,42.37223092,3,4.7,3.5,3.6,NA,2,"C",10,0,0,1,0.863,39.1,"035-055",1200.724566,820.4198034,302.4745896,40.72593144,6.646091665,0.357,1.901320518,FALSE,16,23.69,4,"#004E00",0.795754359,0,0.000411276,0.000411276,0,1,2013-08-27,"P19_B01_050x050m",-46.83608685,-2.553612339,NA,NA,NA,NA,NA,NA,NA,NA,NA,NA,NA,NA,NA,NA,NA,NA,NA,NA,NA,NA,NA,NA,NA,NA,NA,NA,NA,NA,NA,NA,NA,NA,NA,NA,NA,NA,NA,NA,NA,NA,NA,NA,NA,NA,NA,NA,NA,NA,NA,NA,NA,NA,NA
"AND_A01",2013,"8/27/2013","P19","B01","unknown","DGD01","2009",5,4,"CVL1999+BRN2009",32,"joao-mole","Neea oppositifolia","Nyctaginaceae","O",19,"P19_B01_050x050m","T05_P03_U0032z",248.0259992,2431.454423,10,-46.83608685,-2.553612339,295865.4331,9717614.086,1,14.5,6.377433087,1.5,1.2,1.3,1.7,NA,1,"S",10,0,0,1,0.893,14.2,"010-020",158.3676857,51.70196091,19.06161863,5.881503965,3.881771209,0.357,0.115793865,FALSE,8.46,10.22,4,"#004E00",0.455951478,0,0.004031835,0.004031835,0,1,2013-08-27,"P19_B01_050x050m",-46.83608685,-2.553612339,NA,NA,NA,NA,NA,NA,NA,NA,NA,NA,NA,NA,NA,NA,NA,NA,NA,NA,NA,NA,NA,NA,NA,NA,NA,NA,NA,NA,NA,NA,NA,NA,NA,NA,NA,NA,NA,NA,NA,NA,NA,NA,NA,NA,NA,NA,NA,NA,NA,NA,NA,NA,NA
"AND_A01",2013,"8/27/2013","P19","B01","unknown","DGD01","2009",5,4,"CVL1999+BRN2009",33,"breu barrote","Tetragastris panamensis","Burseraceae","O",19,"P19_B01_050x050m","T05_P03_U0033z",248.0259992,2431.454423,10,-46.83608685,-2.553612339,295867.0468,9717610.821,1,18,9.079202769,1.4,2.3,2,1.1,NA,1,"S",10,0,0,1,0.717,10.8,"010-020",91.60884178,36.70330046,13.53187197,3.945845326,3.539142182,0.357,0.102380197,FALSE,9.18,15.49,3,"chartreuse4",0.409552691,0,0.004031835,0.004031835,0,1,2013-08-27,"P19_B01_050x050m",-46.83608685,-2.553612339,NA,NA,NA,NA,NA,NA,NA,NA,NA,NA,NA,NA,NA,NA,NA,NA,NA,NA,NA,NA,NA,NA,NA,NA,NA,NA,NA,NA,NA,NA,NA,NA,NA,NA,NA,NA,NA,NA,NA,NA,NA,NA,NA,NA,NA,NA,NA,NA,NA,NA,NA,NA,NA
"AND_A01",2013,"8/27/2013","P19","B01","unknown","DGD01","2009",5,4,"CVL1999+BRN2009",34,"matamata branco","Eschweilera coriacea","Lecythidaceae","O",19,"P19_B01_050x050m","T05_P03_U0034z",2431.454423,2431.454423,10,-46.83608685,-2.553612339,295861.2929,9717591.904,15,32,46.93539424,4.6,5.5,2.6,2.8,NA,1,"C",10,0,0,1,0.852,40.8,"035-055",1307.405199,847.3740926,312.4121698,42.12082915,6.678417765,0.357,1.989141063,FALSE,16.27,22.78,4,"#004E00",0.818953753,0,0.000411276,0.000411276,0,1,2013-08-27,"P19_B01_050x050m",-46.83608685,-2.553612339,NA,NA,NA,NA,NA,NA,NA,NA,NA,NA,NA,NA,NA,NA,NA,NA,NA,NA,NA,NA,NA,NA,NA,NA,NA,NA,NA,NA,NA,NA,NA,NA,NA,NA,NA,NA,NA,NA,NA,NA,NA,NA,NA,NA,NA,NA,NA,NA,NA,NA,NA,NA,NA
"AND_A01",2013,"8/27/2013","P19","B01","unknown","DGD01","2009",5,4,"CVL1999+BRN2009",35,"maravuvuia","Croton matourensis","Euphorbiaceae","O",19,"P19_B01_050x050m","T05_P03_U0035z",2431.454423,2431.454423,10,-46.83608685,-2.553612339,295859.1194,9717598.848,14,25,38.48451001,0.7,2.8,6.3,4.2,NA,1,"C",10,0,0,1,0.388,42.5,"035-055",1418.625433,737.572294,271.930146,44.22573213,6.539639609,0.357,3.801919041,FALSE,30.2,39.99,2,"chartreuse",0.842153146,0,0.000411276,0.000411276,0,1,2013-08-27,"P19_B01_050x050m",-46.83608685,-2.553612339,NA,NA,NA,NA,NA,NA,NA,NA,NA,NA,NA,NA,NA,NA,NA,NA,NA,NA,NA,NA,NA,NA,NA,NA,NA,NA,NA,NA,NA,NA,NA,NA,NA,NA,NA,NA,NA,NA,NA,NA,NA,NA,NA,NA,NA,NA,NA,NA,NA,NA,NA,NA,NA
"AND_A01",2013,"8/27/2013","P19","B01","unknown","DGD01","2009",5,4,"CVL1999+BRN2009",36,"matamata branco","Eschweilera coriacea","Lecythidaceae","O",19,"P19_B01_050x050m","T05_P03_U0036z",2431.454423,2431.454423,10,-46.83608685,-2.553612339,295858.2298,9717589.298,19,33,60.13008339,4.2,5.2,4.6,3.5,NA,1,"C",10,0,0,1,0.852,42.6,"035-055",1425.309171,1160.924478,428.012773,51.8731893,6.993247431,0.357,2.725174831,FALSE,22.15,28.85,4,"#004E00",0.843517817,0,0.000411276,0.000411276,0,1,2013-08-27,"P19_B01_050x050m",-46.83608685,-2.553612339,NA,NA,NA,NA,NA,NA,NA,NA,NA,NA,NA,NA,NA,NA,NA,NA,NA,NA,NA,NA,NA,NA,NA,NA,NA,NA,NA,NA,NA,NA,NA,NA,NA,NA,NA,NA,NA,NA,NA,NA,NA,NA,NA,NA,NA,NA,NA,NA,NA,NA,NA,NA,NA
"AND_A01",2013,"8/27/2013","P19","B01","unknown","DGD01","2009",5,4,"CVL1999+BRN2009",37,"morta",NA,NA,"O",19,"P19_B01_050x050m","T05_P03_U0037z",2431.454423,2431.454423,10,-46.83608685,-2.553612339,295848.212,9717585.625,30,32,0.031415927,0.1,0.1,0.1,0.1,3,NA,NA,0,1,0,1,0.587,38.3,"035-055",1152.092712,710.5365898,261.9625495,35.45099748,6.502295945,0.357,2.420908313,TRUE,NA,30.53,2,"chartreuse",0.784836998,0.000411276,0,0.000411276,0,1,2013-08-27,"P19_B01_050x050m",-46.83608685,-2.553612339,NA,NA,NA,NA,NA,NA,NA,NA,NA,NA,NA,NA,NA,NA,NA,NA,NA,NA,NA,NA,NA,NA,NA,NA,NA,NA,NA,NA,NA,NA,NA,NA,NA,NA,NA,NA,NA,NA,NA,NA,NA,NA,NA,NA,NA,NA,NA,NA,NA,NA,NA,NA,NA
"AND_A01",2013,"8/27/2013","P19","B01","unknown","DGD01","2009",5,4,"CVL1999+BRN2009",38,"tachi preto","Tachigali myrmecophila","Fabaceae","O",19,"P19_B01_050x050m","T05_P03_U0038z",2431.454423,2431.454423,10,-46.83608685,-2.553612339,295826.3156,9717606.256,43,4,71.39269305,4,5.8,5,4.3,NA,1,"C",10,0,0,1,0.476,59.3,"055-Inf",2761.844788,1699.92176,626.731747,84.24472321,7.374613005,0.357,7.142528403,FALSE,35.2,39.39,2,"chartreuse",1.071417741,0,0.000411276,0.000411276,1,1,2013-08-27,"P19_B01_050x050m",-46.83608685,-2.553612339,NA,NA,NA,NA,NA,NA,NA,NA,NA,NA,NA,NA,NA,NA,NA,NA,NA,NA,NA,NA,NA,NA,NA,NA,NA,NA,NA,NA,NA,NA,NA,NA,NA,NA,NA,NA,NA,NA,NA,NA,NA,NA,NA,NA,NA,NA,NA,NA,NA,NA,NA,NA,NA
"AND_A01",2013,"8/27/2013","P19","B01","unknown","DGD01","2009",5,4,"CVL1999+BRN2009",39,"morta",NA,NA,"O",19,"P19_B01_050x050m","T05_P03_U0039z",2431.454423,2431.454423,10,-46.83608685,-2.553612339,295848.3503,9717617.585,16,4,0.031415927,0.1,0.1,0.1,0.1,1,NA,NA,0,1,0,1,0.629,46.8,"035-055",1720.210473,1708.897151,630.0408186,69.87075273,7.379879001,0.357,5.433695235,TRUE,NA,50.25,3,"chartreuse4",0.900833965,0.000411276,0,0.000411276,0,1,2013-08-27,"P19_B01_050x050m",-46.83608685,-2.553612339,NA,NA,NA,NA,NA,NA,NA,NA,NA,NA,NA,NA,NA,NA,NA,NA,NA,NA,NA,NA,NA,NA,NA,NA,NA,NA,NA,NA,NA,NA,NA,NA,NA,NA,NA,NA,NA,NA,NA,NA,NA,NA,NA,NA,NA,NA,NA,NA,NA,NA,NA,NA,NA
"AND_A01",2013,"8/27/2013","P19","B01","unknown","DGD01","2009",5,4,"CVL1999+BRN2009",40,"breu barrote","Tetragastris panamensis","Burseraceae","O",19,"P19_B01_050x050m","T05_P03_U0040z",2431.454423,2431.454423,10,-46.83608685,-2.553612339,295847.1773,9717613.53,19,7,64.32410958,5.3,5,2.5,5.5,NA,2,"S",10,0,0,1,0.717,35,"035-055",962.1127502,353.297157,130.2545503,22.85217163,5.803585007,0.357,0.985487188,FALSE,12.9,15.01,3,"chartreuse4",0.739802881,0,0.000411276,0.000411276,0,1,2013-08-27,"P19_B01_050x050m",-46.83608685,-2.553612339,NA,NA,NA,NA,NA,NA,NA,NA,NA,NA,NA,NA,NA,NA,NA,NA,NA,NA,NA,NA,NA,NA,NA,NA,NA,NA,NA,NA,NA,NA,NA,NA,NA,NA,NA,NA,NA,NA,NA,NA,NA,NA,NA,NA,NA,NA,NA,NA,NA,NA,NA,NA,NA
"AND_A01",2013,"8/27/2013","P19","B01","unknown","DGD01","2009",5,4,"CVL1999+BRN2009",41,"guajara mole","Pouteria na","Sapotaceae","O",19,"P19_B01_050x050m","T05_P03_U0041z",2431.454423,2431.454423,10,-46.83608685,-2.553612339,295850.8987,9717614.276,15,8,49.62145596,4.1,3.2,4,4.6,NA,1,"E",11,0,0,1,0.753148148,48.6,"035-055",1855.079046,1993.263512,734.8817766,77.8343295,7.53380403,0.357,5.293151199,FALSE,33.48,43.63,3,"chartreuse4",0.925398029,0,0.000411276,0.000411276,0,1,2013-08-27,"P19_B01_050x050m",-46.83608685,-2.553612339,NA,NA,NA,NA,NA,NA,NA,NA,NA,NA,NA,NA,NA,NA,NA,NA,NA,NA,NA,NA,NA,NA,NA,NA,NA,NA,NA,NA,NA,NA,NA,NA,NA,NA,NA,NA,NA,NA,NA,NA,NA,NA,NA,NA,NA,NA,NA,NA,NA,NA,NA,NA,NA
"AND_A01",2013,"8/27/2013","P19","B01","unknown","DGD01","2009",5,4,"CVL1999+BRN2009",42,"currupixa","Micropholis na","Sapotaceae","O",19,"P19_B01_050x050m","T05_P03_U0042z",2431.454423,2431.454423,10,-46.83608685,-2.553612339,295851.6728,9717616.979,13,6,54.47521661,2.2,5.3,8,1.5,NA,1,"C",11,0,0,1,0.6567,52,"035-055",2123.716634,1478.351744,545.042715,65.52232926,7.23495856,0.357,4.502365598,FALSE,27.44,32.18,3,"chartreuse4",0.971796816,0,0.000411276,0.000411276,0,1,2013-08-27,"P19_B01_050x050m",-46.83608685,-2.553612339,NA,NA,NA,NA,NA,NA,NA,NA,NA,NA,NA,NA,NA,NA,NA,NA,NA,NA,NA,NA,NA,NA,NA,NA,NA,NA,NA,NA,NA,NA,NA,NA,NA,NA,NA,NA,NA,NA,NA,NA,NA,NA,NA,NA,NA,NA,NA,NA,NA,NA,NA,NA,NA
"AND_A01",2013,"8/27/2013","P20","B01","unknown","DGD01","2009",5,4,"CVL1999+BRN2009",43,"iperana","Eperua bijuga","Fabaceae","O",20,"P20_B01_050x050m","T05_P04_U0043z",243.7791542,2645.330185,10,-46.83555165,-2.554855131,295920.1632,9717487.097,3,0.7,8.765043504,2.6,1.1,1,2,NA,1,"S",10,0,0,1,0.729,18.1,"010-020",257.3042923,112.4356078,41.45306364,9.112296219,4.658656183,0.357,0.308465316,FALSE,12.92,17.08,3,"chartreuse4",0.509173616,0,0.004102073,0.004102073,0,1,2013-08-27,"P20_B01_050x050m",-46.83555165,-2.554855131,NA,NA,NA,NA,NA,NA,NA,NA,NA,NA,NA,NA,NA,NA,NA,NA,NA,NA,NA,NA,NA,NA,NA,NA,NA,NA,NA,NA,NA,NA,NA,NA,NA,NA,NA,NA,NA,NA,NA,NA,NA,NA,NA,NA,NA,NA,NA,NA,NA,NA,NA,NA,NA
"AND_A01",2013,"8/27/2013","P20","B01","unknown","DGD01","2009",5,4,"CVL1999+BRN2009",44,"jatereu","Lecythis idatimon","Lecythidaceae","O",20,"P20_B01_050x050m","T05_P04_U0044z",243.7791542,2645.330185,10,-46.83555165,-2.554855131,295920.3876,9717486.577,3,1.3,15.50375975,3,1.7,1.7,2.5,NA,1,"S",10,0,0,1,0.799,21.1,"020-035",349.6671163,214.6216978,79.12730736,14.32008091,5.305152433,0.357,0.537225777,FALSE,16.83,22.24,3,"chartreuse4",0.550113723,0,0.004102073,0.004102073,0,1,2013-08-27,"P20_B01_050x050m",-46.83555165,-2.554855131,NA,NA,NA,NA,NA,NA,NA,NA,NA,NA,NA,NA,NA,NA,NA,NA,NA,NA,NA,NA,NA,NA,NA,NA,NA,NA,NA,NA,NA,NA,NA,NA,NA,NA,NA,NA,NA,NA,NA,NA,NA,NA,NA,NA,NA,NA,NA,NA,NA,NA,NA,NA,NA
"AND_A01",2013,"8/27/2013","P20","B01","unknown","DGD01","2009",5,4,"CVL1999+BRN2009",45,"andiroba","Carapa guianensis","Meliaceae","O",20,"P20_B01_050x050m","T05_P04_U0045z",2645.330185,2645.330185,10,-46.83555165,-2.554855131,295919.7095,9717486.66,3.6,1,27.09623664,2.5,1.6,5,3,NA,1,"C",10,0,0,1,0.53,55,"055-Inf",2375.829444,1086.626457,400.6203777,55.63281497,6.927108682,0.357,4.100477195,FALSE,18.56,26,2,"chartreuse",1.012736922,0,0.000378025,0.000378025,1,1,2013-08-27,"P20_B01_050x050m",-46.83555165,-2.554855131,NA,NA,NA,NA,NA,NA,NA,NA,NA,NA,NA,NA,NA,NA,NA,NA,NA,NA,NA,NA,NA,NA,NA,NA,NA,NA,NA,NA,NA,NA,NA,NA,NA,NA,NA,NA,NA,NA,NA,NA,NA,NA,NA,NA,NA,NA,NA,NA,NA,NA,NA,NA,NA
"AND_A01",2013,"8/27/2013","P20","B01","unknown","DGD01","2009",5,4,"CVL1999+BRN2009",46,"morta",NA,NA,"O",20,"P20_B01_050x050m","T05_P04_U0046z",243.7791542,2645.330185,10,-46.83555165,-2.554855131,295925.5468,9717481.688,0.2,8,0.031415927,0.1,0.1,0.1,0.1,1,NA,NA,0,1,0,1,0.629,10.8,"010-020",91.60884178,25.14774181,9.271537391,3.059668378,3.161043604,0.357,0.079961023,TRUE,NA,10.43,3,"chartreuse4",0.409552691,0.004102073,0,0.004102073,0,1,2013-08-27,"P20_B01_050x050m",-46.83555165,-2.554855131,NA,NA,NA,NA,NA,NA,NA,NA,NA,NA,NA,NA,NA,NA,NA,NA,NA,NA,NA,NA,NA,NA,NA,NA,NA,NA,NA,NA,NA,NA,NA,NA,NA,NA,NA,NA,NA,NA,NA,NA,NA,NA,NA,NA,NA,NA,NA,NA,NA,NA,NA,NA,NA
"AND_A01",2013,"8/27/2013","P20","B01","unknown","DGD01","2009",5,4,"CVL1999+BRN2009",47,"pente-de-macaco","Apeiba petoumo","Malvaceae","O",20,"P20_B01_050x050m","T05_P04_U0047z",243.7791542,2645.330185,10,-46.83555165,-2.554855131,295926.1302,9717480.611,0.1,9.3,18.59822851,3,1,3.4,2.7,NA,2,"S",11,0,0,1,0.264,18.1,"010-020",257.3042923,32.25243453,11.8909147,3.689129869,3.40986903,0.357,0.244336625,FALSE,9.8,13.12,2,"chartreuse",0.509173616,0,0.004102073,0.004102073,0,1,2013-08-27,"P20_B01_050x050m",-46.83555165,-2.554855131,NA,NA,NA,NA,NA,NA,NA,NA,NA,NA,NA,NA,NA,NA,NA,NA,NA,NA,NA,NA,NA,NA,NA,NA,NA,NA,NA,NA,NA,NA,NA,NA,NA,NA,NA,NA,NA,NA,NA,NA,NA,NA,NA,NA,NA,NA,NA,NA,NA,NA,NA,NA,NA
"AND_A01",2013,"8/27/2013","P20","B01","unknown","DGD01","2009",5,4,"CVL1999+BRN2009",48,"andiroba","Carapa guianensis","Meliaceae","O",20,"P20_B01_050x050m","T05_P04_U0048z",2645.330185,2645.330185,10,-46.83555165,-2.554855131,295926.7368,9717466.681,5,23.4,56.95707481,5,3.8,4.8,3.6,NA,1,"C",10,0,0,1,0.53,38.5,"035-055",1164.156428,514.5821903,189.7175521,29.38392947,6.17963079,0.357,1.941819586,FALSE,15.18,24.67,2,"chartreuse",0.787566338,0,0.000378025,0.000378025,0,1,2013-08-27,"P20_B01_050x050m",-46.83555165,-2.554855131,NA,NA,NA,NA,NA,NA,NA,NA,NA,NA,NA,NA,NA,NA,NA,NA,NA,NA,NA,NA,NA,NA,NA,NA,NA,NA,NA,NA,NA,NA,NA,NA,NA,NA,NA,NA,NA,NA,NA,NA,NA,NA,NA,NA,NA,NA,NA,NA,NA,NA,NA,NA,NA
"AND_A01",2013,"8/27/2013","P20","B01","unknown","DGD01","2009",5,4,"CVL1999+BRN2009",49,"envira-cunauaru","Annona ambotay","Annonaceae","O",20,"P20_B01_050x050m","T05_P04_U0049z",243.7791542,2645.330185,10,-46.83555165,-2.554855131,295931.9188,9717465.146,1,27,32.62543971,4,2.5,2.7,3.7,NA,1,"S",11,0,0,1,0.506375,18.4,"010-020",265.9044022,76.28347731,28.12439851,6.665066704,4.270731866,0.357,0.301292431,FALSE,9.29,15.99,2,"chartreuse",0.513267627,0,0.004102073,0.004102073,0,1,2013-08-27,"P20_B01_050x050m",-46.83555165,-2.554855131,NA,NA,NA,NA,NA,NA,NA,NA,NA,NA,NA,NA,NA,NA,NA,NA,NA,NA,NA,NA,NA,NA,NA,NA,NA,NA,NA,NA,NA,NA,NA,NA,NA,NA,NA,NA,NA,NA,NA,NA,NA,NA,NA,NA,NA,NA,NA,NA,NA,NA,NA,NA,NA
"AND_A01",2013,"8/27/2013","P20","B01","unknown","DGD01","2009",5,4,"CVL1999+BRN2009",50,NA,NA,NA,"O",20,"P20_B01_050x050m","T05_P04_U0050z",243.7791542,2645.330185,10,-46.83555165,-2.554855131,295936.1618,9717448.174,3.7,45.3,15.83362697,2,1,2.2,3.8,NA,1,"S",3,0,0,1,0.648484417,13.8,"010-020",149.5712262,51.5624279,19.01017522,5.085581435,3.879068766,0.357,0.159024416,FALSE,11.37,14.86,3,"chartreuse4",0.450492798,0,0.004102073,0.004102073,0,1,2013-08-27,"P20_B01_050x050m",-46.83555165,-2.554855131,NA,NA,NA,NA,NA,NA,NA,NA,NA,NA,NA,NA,NA,NA,NA,NA,NA,NA,NA,NA,NA,NA,NA,NA,NA,NA,NA,NA,NA,NA,NA,NA,NA,NA,NA,NA,NA,NA,NA,NA,NA,NA,NA,NA,NA,NA,NA,NA,NA,NA,NA,NA,NA
"AND_A01",2013,"8/27/2013","P20","B01","unknown","DGD01","2009",5,4,"CVL1999+BRN2009",51,"morta",NA,NA,"O",20,"P20_B01_050x050m","T05_P04_U0051z",243.7791542,2645.330185,10,-46.83555165,-2.554855131,295939.2003,9717445.8,2,49,0.031415927,0.1,0.1,0.1,0.1,5,NA,NA,0,1,0,1,0.335,22.1,"020-035",383.596317,52.04735337,19.18895885,5.4453794,3.888429446,0.357,0.310730468,TRUE,NA,9.52,2,"chartreuse",0.563760425,0.004102073,0,0.004102073,0,1,2013-08-27,"P20_B01_050x050m",-46.83555165,-2.554855131,NA,NA,NA,NA,NA,NA,NA,NA,NA,NA,NA,NA,NA,NA,NA,NA,NA,NA,NA,NA,NA,NA,NA,NA,NA,NA,NA,NA,NA,NA,NA,NA,NA,NA,NA,NA,NA,NA,NA,NA,NA,NA,NA,NA,NA,NA,NA,NA,NA,NA,NA,NA,NA
"AND_A01",2013,"8/27/2013","P20","B01","unknown","DGD01","2009",5,4,"CVL1999+BRN2009",52,"tatapiririca","Tapirira guianensis","Anacardiaceae","O",20,"P20_B01_050x050m","T05_P04_U0052z",2645.330185,2645.330185,10,-46.83555165,-2.554855131,295893.4027,9717422.633,49,49,42.33580197,3.670954141,3.670954141,3.670954141,3.670954141,NA,2,"C",10,1,0,1,0.457,36.3,"035-055",1034.911306,317.1340966,116.9218555,20.9559139,5.695600202,0.357,1.38789539,FALSE,15.13,19.6,2,"chartreuse",0.757543594,0,0.000378025,0.000378025,0,1,2013-08-27,"P20_B01_050x050m",-46.83555165,-2.554855131,NA,NA,NA,NA,NA,NA,NA,NA,NA,NA,NA,NA,NA,NA,NA,NA,NA,NA,NA,NA,NA,NA,NA,NA,NA,NA,NA,NA,NA,NA,NA,NA,NA,NA,NA,NA,NA,NA,NA,NA,NA,NA,NA,NA,NA,NA,NA,NA,NA,NA,NA,NA,NA
"AND_A01",2013,"8/27/2013","P20","B01","unknown","DGD01","2009",5,4,"CVL1999+BRN2009",53,"cupiuba","Goupia glabra","Goupiaceae","O",20,"P20_B01_050x050m","T05_P04_U0053z",2645.330185,2645.330185,10,-46.83555165,-2.554855131,295890.5507,9717451.336,43,24,63.42090169,4.2,3.5,4.3,6,NA,1,"E",10,0,0,1,0.727,44.9,"035-055",1583.370551,1288.626752,475.0943924,56.3215807,7.097607897,0.357,3.545052963,FALSE,24.21,33.87,3,"chartreuse4",0.874905231,0,0.000378025,0.000378025,0,1,2013-08-27,"P20_B01_050x050m",-46.83555165,-2.554855131,NA,NA,NA,NA,NA,NA,NA,NA,NA,NA,NA,NA,NA,NA,NA,NA,NA,NA,NA,NA,NA,NA,NA,NA,NA,NA,NA,NA,NA,NA,NA,NA,NA,NA,NA,NA,NA,NA,NA,NA,NA,NA,NA,NA,NA,NA,NA,NA,NA,NA,NA,NA,NA
"AND_A01",2013,"8/27/2013","P20","B01","unknown","DGD01","2009",5,4,"CVL1999+BRN2009",54,"pau-de-remo","Chimarrhis turbinata","Rubiaceae","O",20,"P20_B01_050x050m","T05_P04_U0054z",2645.330185,2645.330185,10,-46.83555165,-2.554855131,295889.1589,9717455.455,43,20,36.19114737,3,2.1,3.4,5.1,NA,2,"S",10,0,0,1,0.72,39.9,"035-055",1250.36173,606.8335908,223.7290477,33.2329005,6.344530103,0.357,1.685648863,FALSE,9.94,20.02,3,"chartreuse4",0.806671721,0,0.000378025,0.000378025,0,1,2013-08-27,"P20_B01_050x050m",-46.83555165,-2.554855131,NA,NA,NA,NA,NA,NA,NA,NA,NA,NA,NA,NA,NA,NA,NA,NA,NA,NA,NA,NA,NA,NA,NA,NA,NA,NA,NA,NA,NA,NA,NA,NA,NA,NA,NA,NA,NA,NA,NA,NA,NA,NA,NA,NA,NA,NA,NA,NA,NA,NA,NA,NA,NA
"AND_A01",2013,"8/27/2013","P20","B01","unknown","DGD01","2009",5,4,"CVL1999+BRN2009",55,"pente-de-macaco","Apeiba petoumo","Malvaceae","O",20,"P20_B01_050x050m","T05_P04_U0055z",2645.330185,2645.330185,10,-46.83555165,-2.554855131,295888.3715,9717460.957,42,15,43.73096974,5.5,2.2,3.2,4.2,NA,2,"C",11,0,0,1,0.264,55.2,"055-Inf",2393.13962,701.3900904,258.5903934,56.3614039,6.489339709,0.357,5.313561291,FALSE,21.09,33.09,2,"chartreuse",1.015466262,0,0.000378025,0.000378025,1,1,2013-08-27,"P20_B01_050x050m",-46.83555165,-2.554855131,NA,NA,NA,NA,NA,NA,NA,NA,NA,NA,NA,NA,NA,NA,NA,NA,NA,NA,NA,NA,NA,NA,NA,NA,NA,NA,NA,NA,NA,NA,NA,NA,NA,NA,NA,NA,NA,NA,NA,NA,NA,NA,NA,NA,NA,NA,NA,NA,NA,NA,NA,NA,NA
"AND_A01",2013,"8/27/2013","P20","B01","unknown","DGD01","2009",5,4,"CVL1999+BRN2009",56,"matamata branco","Eschweilera coriacea","Lecythidaceae","O",20,"P20_B01_050x050m","T05_P04_U0056z",2645.330185,2645.330185,10,-46.83555165,-2.554855131,295880.0663,9717460.251,50,13,136.6514264,5.2,5.4,7.5,8.3,NA,1,"E",10,0,0,1,0.852,47,"035-055",1734.944543,1607.878309,592.796919,66.05752068,7.318946269,0.357,3.774362228,FALSE,21.09,33.09,4,"#004E00",0.903563306,0,0.000378025,0.000378025,0,1,2013-08-27,"P20_B01_050x050m",-46.83555165,-2.554855131,NA,NA,NA,NA,NA,NA,NA,NA,NA,NA,NA,NA,NA,NA,NA,NA,NA,NA,NA,NA,NA,NA,NA,NA,NA,NA,NA,NA,NA,NA,NA,NA,NA,NA,NA,NA,NA,NA,NA,NA,NA,NA,NA,NA,NA,NA,NA,NA,NA,NA,NA,NA,NA
"AND_A01",2013,"8/27/2013","P20","B01","unknown","DGD01","2009",5,4,"CVL1999+BRN2009",57,"muiratinga","Maquira coriacea","Moraceae","O",20,"P20_B01_050x050m","T05_P04_U0057z",2645.330185,2645.330185,10,-46.83555165,-2.554855131,295876.2891,9717471.896,50,2,91.59313382,5.8,4.3,4,7.6,NA,1,"E",10,0,0,1,0.511,50,"035-055",1963.495408,1222.29477,450.6389379,60.40080227,7.04476083,0.357,4.783932562,FALSE,27.4,36.81,2,"chartreuse",0.944503412,0,0.000378025,0.000378025,0,1,2013-08-27,"P20_B01_050x050m",-46.83555165,-2.554855131,NA,NA,NA,NA,NA,NA,NA,NA,NA,NA,NA,NA,NA,NA,NA,NA,NA,NA,NA,NA,NA,NA,NA,NA,NA,NA,NA,NA,NA,NA,NA,NA,NA,NA,NA,NA,NA,NA,NA,NA,NA,NA,NA,NA,NA,NA,NA,NA,NA,NA,NA,NA,NA
"AND_A01",2013,"8/27/2013","P20","B01","unknown","DGD01","2009",5,4,"CVL1999+BRN2009",58,"marupa","Simarouba amara","Simaroubaceae","O",20,"P20_B01_050x050m","T05_P04_U0058z",2645.330185,2645.330185,10,-46.83555165,-2.554855131,295879.4659,9717471.748,47,3,66.85309167,6.4,4.4,1.2,6.8,NA,1,"E",10,0,0,1,0.383,59,"055-Inf",2733.971007,1180.62507,435.2760403,69.82750429,7.010074797,0.357,6.165143966,FALSE,27.59,34.04,2,"chartreuse",1.06732373,0,0.000378025,0.000378025,1,1,2013-08-27,"P20_B01_050x050m",-46.83555165,-2.554855131,NA,NA,NA,NA,NA,NA,NA,NA,NA,NA,NA,NA,NA,NA,NA,NA,NA,NA,NA,NA,NA,NA,NA,NA,NA,NA,NA,NA,NA,NA,NA,NA,NA,NA,NA,NA,NA,NA,NA,NA,NA,NA,NA,NA,NA,NA,NA,NA,NA,NA,NA,NA,NA
"AND_A01",2013,"8/27/2013","P20","B01","unknown","DGD01","2009",5,4,"CVL1999+BRN2009",59,"tachi preto","Tachigali myrmecophila","Fabaceae","O",20,"P20_B01_050x050m","T05_P04_U0059z",2645.330185,2645.330185,10,-46.83555165,-2.554855131,295895.1699,9717469.078,33,10,120.8413614,5.8,9.7,4,6,NA,1,"E",10,0,0,1,0.476,61.7,"055-Inf",2989.924414,796.3392706,293.5965137,46.66621925,6.616300814,0.357,3.345963322,FALSE,11.91,16.73,2,"chartreuse",1.104169826,0,0.000378025,0.000378025,1,1,2013-08-27,"P20_B01_050x050m",-46.83555165,-2.554855131,NA,NA,NA,NA,NA,NA,NA,NA,NA,NA,NA,NA,NA,NA,NA,NA,NA,NA,NA,NA,NA,NA,NA,NA,NA,NA,NA,NA,NA,NA,NA,NA,NA,NA,NA,NA,NA,NA,NA,NA,NA,NA,NA,NA,NA,NA,NA,NA,NA,NA,NA,NA,NA
"AND_A01",2013,"8/27/2013","P20","B01","unknown","DGD01","2009",5,4,"CVL1999+BRN2009",60,"morta",NA,NA,"O",20,"P20_B01_050x050m","T05_P04_U0060z",2645.330185,2645.330185,10,-46.83555165,-2.554855131,295904.2412,9717481.816,20,1,0.031415927,0.1,0.1,0.1,0.1,4,NA,NA,0,1,0,1,0.512,47.7,"035-055",1787.008587,754.9062183,278.320864,41.06410056,6.562869027,0.357,2.948852415,TRUE,NA,22.72,2,"chartreuse",0.913115997,0.000378025,0,0.000378025,0,1,2013-08-27,"P20_B01_050x050m",-46.83555165,-2.554855131,NA,NA,NA,NA,NA,NA,NA,NA,NA,NA,NA,NA,NA,NA,NA,NA,NA,NA,NA,NA,NA,NA,NA,NA,NA,NA,NA,NA,NA,NA,NA,NA,NA,NA,NA,NA,NA,NA,NA,NA,NA,NA,NA,NA,NA,NA,NA,NA,NA,NA,NA,NA,NA
