uid,namedLocation,date,eventID,domainID,siteID,plotID,individualID,tempStemID,tagStatus,growthForm,plantStatus,stemDiameter,measurementHeight,changedMeasurementLocation,height,baseCrownHeight,breakHeight,breakDiameter,maxCrownDiameter,ninetyCrownDiameter,canopyPosition,shape,basalStemDiameter,basalStemDiameterMsrmntHeight,maxBaseCrownDiameter,ninetyBaseCrownDiameter,dendrometerInstallationDate,initialGapMeasurementDate,initialBandStemDiameter,initialDendrometerGap,dendrometerHeight,dendrometerGap,dendrometerCondition,bandStemDiameter,remarks,recordedBy,measuredBy,dataQF
"4017e8e6-2dc1-4fef-810f-c4ca3538e135","ABBY_061.basePlot.vst","2020-09-23","vst_ABBY_2020","D16","ABBY","ABBY_061","NEON.PLA.D16.ABBY.00942","1","ok","sapling","Live, physically damaged",,,"noChange",1.2,,,,,,"Full shade",,2.0,10,,,,,,,,,,,"Thinned","0000-0003-2593-761X","0000-0002-0205-7735",
"3be34824-25dc-4697-92bd-326ef729d0bc","ABBY_061.basePlot.vst","2020-09-23","vst_ABBY_2020","D16","ABBY","ABBY_061","NEON.PLA.D16.ABBY.03764",,"ok","single bole tree","Live,  other damage",13.5,130,"noChange",9.3,,,,3.7,3.6,"Mostly shaded",,,,,,,,,,,,,,"Oozing sap","0000-0003-0562-3007","0000-0001-8510-4041",
"19fbe1a2-bd22-42e1-b085-aa5b5bd20b4f","ABBY_061.basePlot.vst","2020-09-23","vst_ABBY_2020","D16","ABBY","ABBY_061","NEON.PLA.D16.ABBY.00893","9","ok","small shrub","Live, physically damaged",,,"noChange",,,,,,,,"oblate half-sphere",1.2,10,,,,,,,,,,,,"0000-0003-0562-3007","0000-0001-8510-4041",
"07f7c2bc-08fd-47c3-b5f8-a5f738423ab1","ABBY_070.basePlot.vst","2020-09-23","vst_ABBY_2020","D16","ABBY","ABBY_070","NEON.PLA.D16.ABBY.00977","2","ok","single shrub","Live",2.4,130,"noChange",,,,,,,,"inverted cone",3.4,10,0.50,0.30,,,,,,,,,,"0000-0002-7203-5072","0000-0003-0562-3007",
"b0e4493f-1dc2-4845-8fc6-7a540033e6b9","ABBY_061.basePlot.vst","2020-09-23","vst_ABBY_2020","D16","ABBY","ABBY_061","NEON.PLA.D16.ABBY.00646","1","ok","sapling","Live, physically damaged",,,"noChange",0.9,,,,,,"Full shade",,2.3,10,,,,,,,,,,,"Thinned","0000-0003-2593-761X","0000-0002-0205-7735",
"6026cf6c-ea77-4e69-96a7-2cf1e441039a","ABBY_070.basePlot.vst","2020-09-23","vst_ABBY_2020","D16","ABBY","ABBY_070","NEON.PLA.D16.ABBY.00955","2","ok","small tree","Live",1.9,130,"noChange",,,,,,,,,,,,,,,,,,,,,,"0000-0002-7203-5072","0000-0003-0562-3007",
"3005690a-4270-46fd-91bc-41a601f2c10c","ABBY_061.basePlot.vst","2020-09-23","vst_ABBY_2020","D16","ABBY","ABBY_061","NEON.PLA.D16.ABBY.00893","4","ok","small shrub","Standing dead",,,"noChange",,,,,,,,"oblate half-sphere",2.8,10,,,,,,,,,,,,"0000-0003-0562-3007","0000-0001-8510-4041",
"c5014f6b-cec5-47f5-b970-490a3fb74885","ABBY_070.basePlot.vst","2020-09-23","vst_ABBY_2020","D16","ABBY","ABBY_070","NEON.PLA.D16.ABBY.00954","1","ok","small tree","Live",1.2,130,"noChange",4.8,,,,3.3,2.4,"Mostly shaded",,,,,,,,,,,,,,,"0000-0002-7203-5072","0000-0003-0562-3007",
"fe433f76-fede-4e9d-8ff8-177a4237d5c0","ABBY_070.basePlot.vst","2020-09-23","vst_ABBY_2020","D16","ABBY","ABBY_070","NEON.PLA.D16.ABBY.00953","1","ok","small tree","Live",2.2,130,"noChange",4.0,,,,2.2,1.7,"Mostly shaded",,,,,,,,,,,,,,,"0000-0002-7203-5072","0000-0003-0562-3007",
"ecc1ef05-9d8c-40cc-a5dd-5f675fefea25","ABBY_070.basePlot.vst","2020-09-23","vst_ABBY_2020","D16","ABBY","ABBY_070","NEON.PLA.D16.ABBY.00671","1","ok",,"Lost, fate unknown",,,"noChange",,,,,,,,,,,,,,,,,,,,,,"0000-0002-7203-5072","0000-0003-0562-3007",
"fc0a6ae4-ae83-4d65-b2be-d6465fabbce1","ABBY_070.basePlot.vst","2020-09-23","vst_ABBY_2020","D16","ABBY","ABBY_070","NEON.PLA.D16.ABBY.00954","2","ok","small tree","Live",1.8,130,"noChange",,,,,,,,,,,,,,,,,,,,,,"0000-0002-7203-5072","0000-0003-0562-3007",
"a8c9ea6d-4544-4519-975c-23a5c8b042ea","ABBY_070.basePlot.vst","2020-09-23","vst_ABBY_2020","D16","ABBY","ABBY_070","NEON.PLA.D16.ABBY.00955","7","ok","small tree","Live",1.6,130,"noChange",,,,,,,,,,,,,,,,,,,,,,"0000-0002-7203-5072","0000-0003-0562-3007",
"0d596ebf-6716-4f2f-a55c-ff069f54079b","ABBY_070.basePlot.vst","2020-09-23","vst_ABBY_2020","D16","ABBY","ABBY_070","NEON.PLA.D16.ABBY.00673",,"ok","single bole tree","Live",16.0,150,"noChange",10.6,,,,5.0,4.7,"Partially shaded",,,,,,,,,,,,,,,"0000-0002-7203-5072","0000-0003-0562-3007",
"f935777e-fc5b-4b89-9fa5-ea14dc8ca63d","ABBY_061.basePlot.vst","2020-09-23","vst_ABBY_2020","D16","ABBY","ABBY_061","NEON.PLA.D16.ABBY.00890","1","ok","small tree","Live",2.1,130,"noChange",3.7,,,,1.7,1.6,"Partially shaded",,,,,,,,,,,,,,,"0000-0003-0562-3007","0000-0001-8510-4041",
"928bb8fa-e944-49c7-a9db-5bbcaf1946c9","ABBY_070.basePlot.vst","2020-09-23","vst_ABBY_2020","D16","ABBY","ABBY_070","NEON.PLA.D16.ABBY.03375",,"ok","single bole tree","Live",13.2,130,"noChange",10.0,,,,4.3,4.2,"Mostly shaded",,,,,,,,,,,,,,,"0000-0002-7203-5072","0000-0003-0562-3007",
"c7f69e2e-4b2b-47bf-8f57-ad25f6699e78","ABBY_070.basePlot.vst","2020-09-23","vst_ABBY_2020","D16","ABBY","ABBY_070","NEON.PLA.D16.ABBY.00663","1","ok",,"Lost, fate unknown",,,"noChange",,,,,,,,,,,,,,,,,,,,,,"0000-0002-7203-5072","0000-0003-0562-3007",
"9acb7611-0d6e-4797-b76c-4ea1a55d1408","ABBY_061.basePlot.vst","2020-09-23","vst_ABBY_2020","D16","ABBY","ABBY_061","NEON.PLA.D16.ABBY.00727",,"ok","single bole tree","Live",11.6,130,"noChange",9.5,,,,4.6,4.4,"Mostly shaded",,,,,,,,,,,,,,,"0000-0002-7203-5072","0000-0001-9521-413X",
"bf478ea4-d206-4c34-852d-d5951a160a48","ABBY_061.basePlot.vst","2020-09-23","vst_ABBY_2020","D16","ABBY","ABBY_061","NEON.PLA.D16.ABBY.00653","1","ok","multi-bole tree","Live",11.3,130,"boleChange",9.9,,,,4.4,4.0,"Partially shaded",,,,,,,,,,,,,,,"0000-0003-2593-761X","0000-0002-0205-7735",
"ceb528f5-7f55-4ae7-910e-6d2cd8cb9da2","ABBY_061.basePlot.vst","2020-09-23","vst_ABBY_2020","D16","ABBY","ABBY_061","NEON.PLA.D16.ABBY.00938","1","ok","small tree","Live",2.6,130,"noChange",4.1,,,,2.4,2.3,"Partially shaded",,,,,,,,,,,,,,,"0000-0003-2593-761X","0000-0002-0205-7735",
"ff44ce84-56c9-46ee-96c7-33ce996b3d80","ABBY_061.basePlot.vst","2020-09-23","vst_ABBY_2020","D16","ABBY","ABBY_061","NEON.PLA.D16.ABBY.09096",,"ok","single bole tree","Live",10.7,130,"noChange",8.3,,,,4.0,3.9,"Partially shaded",,,,,,,,,,,,,,,"0000-0003-2593-761X","0000-0002-0205-7735",
"0c8d36b3-f95d-47ac-863e-139b37b85821","ABBY_070.basePlot.vst","2020-09-23","vst_ABBY_2020","D16","ABBY","ABBY_070","NEON.PLA.D16.ABBY.00678",,"ok","single bole tree","Live",14.5,140,"noChange",11.5,,,,3.8,3.5,"Mostly shaded",,,,,,,,,,,,,,,"0000-0002-7203-5072","0000-0003-0562-3007",
"0e8796ba-e3cb-46ec-acf5-639856fb6a3c","ABBY_061.basePlot.vst","2020-09-23","vst_ABBY_2020","D16","ABBY","ABBY_061","NEON.PLA.D16.ABBY.03761",,"ok","single bole tree","Live",13.1,130,"noChange",9.6,,,,4.4,4.0,"Partially shaded",,,,,,,,,,,,,,,"0000-0002-7203-5072","0000-0001-9521-413X",
"4f5821fc-95d1-494c-94b9-ffcd1d0b46dc","ABBY_061.basePlot.vst","2020-09-23","vst_ABBY_2020","D16","ABBY","ABBY_061","NEON.PLA.D16.ABBY.00719","2","ok","sapling","Live",,,"noChange",,,,,,,,,1.1,10,,,,,,,,,,,,"0000-0003-0562-3007","0000-0001-8510-4041",
"427146ca-cd31-4cb8-94e8-41a8b5af723b","ABBY_070.basePlot.vst","2020-09-23","vst_ABBY_2020","D16","ABBY","ABBY_070","NEON.PLA.D16.ABBY.00955","4","ok","small tree","Live",1.7,130,"noChange",,,,,,,,,,,,,,,,,,,,,,"0000-0002-7203-5072","0000-0003-0562-3007",
"69c351ca-10e8-479c-9f7e-41829a6f77ac","ABBY_070.basePlot.vst","2020-09-23","vst_ABBY_2020","D16","ABBY","ABBY_070","NEON.PLA.D16.ABBY.00972","1","ok","single shrub","Live",1.3,130,"noChange",2.5,0.5,,,2.8,1.9,"Partially shaded","ellipsoid or sphere",3.4,10,,,,,,,,,,,,"0000-0002-7203-5072","0000-0003-0562-3007",
"eabff945-8af5-4a22-a3d8-4190607ad457","ABBY_070.basePlot.vst","2020-09-23","vst_ABBY_2020","D16","ABBY","ABBY_070","NEON.PLA.D16.ABBY.00952","3","ok","single shrub","Live",1.8,130,"noChange",,,,,,,,"inverted cone",2.6,10,0.20,0.20,,,,,,,,,,"0000-0002-7203-5072","0000-0003-0562-3007",
"b702c9bd-5f18-4a0f-8ce8-28902449ee8a","ABBY_061.basePlot.vst","2020-09-23","vst_ABBY_2020","D16","ABBY","ABBY_061","NEON.PLA.D16.ABBY.00655",,"ok","single bole tree","Live",18.1,130,"noChange",10.4,,,,4.7,4.5,"Partially shaded",,,,,,,,,,,,,,,"0000-0003-2593-761X","0000-0002-0205-7735",
"052c8934-e7e8-4bad-990e-fd22d88a04dc","ABBY_061.basePlot.vst","2020-09-23","vst_ABBY_2020","D16","ABBY","ABBY_061","NEON.PLA.D16.ABBY.00720","1","ok",,"No longer qualifies",,,"noChange",,,,,,,,,,,,,,,,,,,,,"Cut below 30 cm","0000-0003-0562-3007","0000-0001-8510-4041",
"18309846-a243-4e2c-815e-8525c13a2ff4","ABBY_061.basePlot.vst","2020-09-23","vst_ABBY_2020","D16","ABBY","ABBY_061","NEON.PLA.D16.ABBY.00702",,"ok","single bole tree","Live",12.7,130,"noChange",10.7,,,,3.7,3.3,"Partially shaded",,,,,,,,,,,,,,,"0000-0003-0562-3007","0000-0001-8510-4041",
"2c26bff9-9ea7-4312-9c47-608261909262","ABBY_070.basePlot.vst","2020-09-23","vst_ABBY_2020","D16","ABBY","ABBY_070","NEON.PLA.D16.ABBY.04346","1","ok","sapling","Live",,,"noChange",0.6,,,,,,"Full shade",,1.8,10,,,,,,,,,,,,"0000-0002-7203-5072","0000-0003-0562-3007",
"db60ba45-55e5-415f-a1fd-36759c53ff3e","ABBY_070.basePlot.vst","2020-09-23","vst_ABBY_2020","D16","ABBY","ABBY_070","NEON.PLA.D16.ABBY.00666",,"ok","single bole tree","Live",18.5,140,"noChange",12.8,,,,5.4,4.8,"Partially shaded",,,,,,,,,,,,,,,"0000-0002-7203-5072","0000-0003-0562-3007",
"1e5f96b8-9880-46c8-9551-23cf35dd2ce7","ABBY_061.basePlot.vst","2020-09-23","vst_ABBY_2020","D16","ABBY","ABBY_061","NEON.PLA.D16.ABBY.03827","1","ok","sapling","Live",,,"noChange",1.8,,,,,,"Full shade",,1.0,10,,,,,,,,,,,,"0000-0003-0562-3007","0000-0001-8510-4041",
"e2f375f6-f9c5-4b4e-a0b7-57e9547573c2","ABBY_061.basePlot.vst","2020-09-23","vst_ABBY_2020","D16","ABBY","ABBY_061","NEON.PLA.D16.ABBY.00893","5","ok","small shrub","Live, physically damaged",,,"noChange",,,,,,,,"oblate half-sphere",3.0,10,,,,,,,,,,,,"0000-0003-0562-3007","0000-0001-8510-4041",
"a7d1d9c8-b1d9-4fb9-afd9-a4c3083e8cc1","ABBY_061.basePlot.vst","2020-09-23","vst_ABBY_2020","D16","ABBY","ABBY_061","NEON.PLA.D16.ABBY.03163","1","ok","small shrub","Live",,,"noChange",1.1,,,,1.6,0.4,"Mostly shaded","oblate half-sphere",1.6,10,,,,,,,,,,,,"0000-0003-2593-761X","0000-0002-0205-7735",
"0d78b135-612d-41d5-9c8f-390ba4b209b7","ABBY_061.basePlot.vst","2020-09-23","vst_ABBY_2020","D16","ABBY","ABBY_061","NEON.PLA.D16.ABBY.00656","1","ok","sapling","Live, physically damaged",,,"noChange",0.9,,,,,,"Mostly shaded",,2.7,10,,,,,,,,,,,"Thinned","0000-0003-2593-761X","0000-0002-0205-7735",
"d9b70cb2-b508-4598-a35c-e7819dd666ae","ABBY_070.basePlot.vst","2020-09-23","vst_ABBY_2020","D16","ABBY","ABBY_070","NEON.PLA.D16.ABBY.00974","1","ok","small tree","Live",3.3,132,"noChange",5.4,,,,1.6,1.5,"Mostly shaded",,,,,,,,,,,,,,,"0000-0002-7203-5072","0000-0003-0562-3007",
"985bf6ed-e0b6-493c-b817-afaf20ac1855","ABBY_070.basePlot.vst","2020-09-23","vst_ABBY_2020","D16","ABBY","ABBY_070","NEON.PLA.D16.ABBY.00955","10","ok","small tree","Live",2.2,130,"noChange",,,,,,,,,,,,,,,,,,,,,,"0000-0002-7203-5072","0000-0003-0562-3007",
"4239cfff-ea67-441b-aa96-d55f77f3a4d9","ABBY_061.basePlot.vst","2020-09-23","vst_ABBY_2020","D16","ABBY","ABBY_061","NEON.PLA.D16.ABBY.03854",,"ok","single bole tree","Live",11.2,130,"noChange",8.4,,,,4.1,3.3,"Partially shaded",,,,,,,,,,,,,,,"0000-0002-7203-5072","0000-0001-9521-413X",
"02729ad9-4f28-49b0-900d-509d1c99c567","ABBY_070.basePlot.vst","2020-09-23","vst_ABBY_2020","D16","ABBY","ABBY_070","NEON.PLA.D16.ABBY.00662","1","ok","sapling","Live, physically damaged",,,"noChange",0.5,,,,,,"Mostly shaded",,3.9,10,,,,,,,,,,,,"0000-0002-7203-5072","0000-0003-0562-3007",
"1fe4a284-b46a-4754-a15e-830b86445808","ABBY_070.basePlot.vst","2020-09-23","vst_ABBY_2020","D16","ABBY","ABBY_070","NEON.PLA.D16.ABBY.03320","1","ok","small shrub","Live",,,"noChange",2.3,0.5,,,1.8,1.1,"Full shade","ellipsoid or sphere",1.4,10,,,,,,,,,,,"created new 03320 child records to correct null error in shrubShape for second stem 20201216 TZ","0000-0002-7203-5072","0000-0003-0562-3007",
"91b93636-edd5-4cda-a9d9-e5eff68216ca","ABBY_061.basePlot.vst","2020-09-23","vst_ABBY_2020","D16","ABBY","ABBY_061","NEON.PLA.D16.ABBY.00939","1","ok","small tree","Live",2.2,130,"noChange",4.0,,,,2.3,2.1,"Partially shaded",,,,,,,,,,,,,,,"0000-0003-2593-761X","0000-0002-0205-7735",
"e7f87829-3b15-47e5-97ed-f88774bb3a55","ABBY_061.basePlot.vst","2020-09-23","vst_ABBY_2020","D16","ABBY","ABBY_061","NEON.PLA.D16.ABBY.03149",,"ok","single bole tree","Live",14.2,140,"noChange",10.2,,,,4.5,4.1,"Partially shaded",,,,,,,,,,,,,,,"0000-0002-7203-5072","0000-0001-9521-413X",
"c2307c03-6877-4270-9a36-265321e84d7b","ABBY_070.basePlot.vst","2020-09-23","vst_ABBY_2020","D16","ABBY","ABBY_070","NEON.PLA.D16.ABBY.00979","1","ok","sapling","No longer qualifies",,,"noChange",,,,,,,,,,,,,,,,,,,,,,"0000-0002-7203-5072","0000-0003-0562-3007",
"1f64be21-cd95-489c-acbb-c8f9abf13c0a","ABBY_070.basePlot.vst","2020-09-23","vst_ABBY_2020","D16","ABBY","ABBY_070","NEON.PLA.D16.ABBY.00973","1","ok","small tree","Live",2.5,130,"noChange",4.8,,,,1.6,1.3,"Mostly shaded",,,,,,,,,,,,,,,"0000-0002-7203-5072","0000-0003-0562-3007",
"8600cf2c-90ae-4478-b602-b809c016033f","ABBY_061.basePlot.vst","2020-09-23","vst_ABBY_2020","D16","ABBY","ABBY_061","NEON.PLA.D16.ABBY.00893","7","ok","small shrub","Live, physically damaged",,,"noChange",,,,,,,,"oblate half-sphere",1.0,10,,,,,,,,,,,,"0000-0003-0562-3007","0000-0001-8510-4041",
"87843308-debc-4657-940e-b3b994b633f2","ABBY_061.basePlot.vst","2020-09-23","vst_ABBY_2020","D16","ABBY","ABBY_061","NEON.PLA.D16.ABBY.00943","1","ok",,"No longer qualifies",,,"noChange",,,,,,,,,,,,,,,,,,,,,,"0000-0003-2593-761X","0000-0002-0205-7735",
"08b09f4b-c999-418e-bc67-713b4f8b33db","ABBY_061.basePlot.vst","2020-09-23","vst_ABBY_2020","D16","ABBY","ABBY_061","NEON.PLA.D16.ABBY.00893","2","ok","small shrub","Live",,,"noChange",,,,,,,,"oblate half-sphere",1.0,10,,,,,,,,,,,,"0000-0003-0562-3007","0000-0001-8510-4041",
"52c616f1-3e03-4631-81a9-783a132b0e41","ABBY_070.basePlot.vst","2020-09-23","vst_ABBY_2020","D16","ABBY","ABBY_070","NEON.PLA.D16.ABBY.00669",,"ok","single bole tree","Live",15.0,130,"noChange",11.2,,,,4.7,4.7,"Mostly shaded",,,,,,,,,,,,,,,"0000-0002-7203-5072","0000-0003-0562-3007",
"b2c5a860-5c07-449c-b966-c9971883626e","ABBY_061.basePlot.vst","2020-09-23","vst_ABBY_2020","D16","ABBY","ABBY_061","NEON.PLA.D16.ABBY.00893","10","ok","small shrub","Live, physically damaged",,,"noChange",,,,,,,,"oblate half-sphere",1.5,10,,,,,,,,,,,,"0000-0003-0562-3007","0000-0001-8510-4041",
"e0ef1485-74cf-4a1b-b5b9-96eb3be25a35","ABBY_061.basePlot.vst","2020-09-23","vst_ABBY_2020","D16","ABBY","ABBY_061","NEON.PLA.D16.ABBY.03152",,"ok","single bole tree","Live",14.6,130,"noChange",9.8,,,,4.6,4.3,"Partially shaded",,,,,,,,,,,,,,,"0000-0003-2593-761X","0000-0002-0205-7735",
"513c11b5-7595-45c8-bd24-00539e7f4a41","ABBY_061.basePlot.vst","2020-09-23","vst_ABBY_2020","D16","ABBY","ABBY_061","NEON.PLA.D16.ABBY.03853",,"ok","single bole tree","Live",13.2,130,"noChange",8.2,,,,4.1,3.9,"Partially shaded",,,,,,,,,,,,,,,"0000-0003-0562-3007","0000-0001-8510-4041",
"489649aa-7c8f-45bd-bc62-3518e24ba8d7","ABBY_070.basePlot.vst","2020-09-23","vst_ABBY_2020","D16","ABBY","ABBY_070","NEON.PLA.D16.ABBY.00675",,"ok","single bole tree","Live",23.0,130,"noChange",11.7,,,,5.6,5.3,"Partially shaded",,,,,,,,,,,,,,,"0000-0002-7203-5072","0000-0003-0562-3007",
"96e91e57-368b-4c7f-bd51-aa82e156e49a","ABBY_061.basePlot.vst","2020-09-23","vst_ABBY_2020","D16","ABBY","ABBY_061","NEON.PLA.D16.ABBY.00894",,"ok","single bole tree","Live",16.8,130,"noChange",10.5,,,,5.1,4.0,"Mostly shaded",,,,,,,,,,,,,,,"0000-0002-7203-5072","0000-0001-9521-413X",
"ef3fd8ee-44a3-4c73-aa67-97fb28c95a92","ABBY_061.basePlot.vst","2020-09-23","vst_ABBY_2020","D16","ABBY","ABBY_061","NEON.PLA.D16.ABBY.00715","1","ok","sapling","Live",,,"noChange",0.8,,,,,,"Partially shaded",,1.7,10,,,,,,,,,,,,"0000-0003-0562-3007","0000-0001-8510-4041",
"1eec06ec-8791-4be6-aba1-85b23e3a4d86","ABBY_061.basePlot.vst","2020-09-23","vst_ABBY_2020","D16","ABBY","ABBY_061","NEON.PLA.D16.ABBY.00937","2","ok","small shrub","Live, physically damaged",,,"noChange",,,,,,,,"half-sphere",5.4,10,,,,,,,,,,,"Thinned","0000-0003-2593-761X","0000-0002-0205-7735",
"5a7133d2-314f-4b44-87a0-cbaf3ae1d9d4","ABBY_061.basePlot.vst","2020-09-23","vst_ABBY_2020","D16","ABBY","ABBY_061","NEON.PLA.D16.ABBY.03852",,"ok","single bole tree","Live",12.0,130,"noChange",10.5,,,,4.9,4.3,"Mostly shaded",,,,,,,,,,,,,,,"0000-0002-7203-5072","0000-0001-9521-413X",
"a4af230f-35d6-4543-9eeb-50e99e94a27f","ABBY_061.basePlot.vst","2020-09-23","vst_ABBY_2020","D16","ABBY","ABBY_061","NEON.PLA.D16.ABBY.03155","1","ok","single shrub","Live",1.2,130,"noChange",2.6,1.4,,,1.7,1.6,"Partially shaded","ellipsoid or sphere",1.6,10,,,,,,,,,,,,"0000-0003-0562-3007","0000-0001-8510-4041",
"79e408bf-3408-4aa4-b957-358d114dd132","ABBY_070.basePlot.vst","2020-09-23","vst_ABBY_2020","D16","ABBY","ABBY_070","NEON.PLA.D16.ABBY.03195","1","ok","small shrub","Live",,,"noChange",1.0,0.6,,,1.1,0.6,"Full shade","ellipsoid or sphere",1.2,10,,,,,,,,,,,,"0000-0002-7203-5072","0000-0003-0562-3007",
"5e285472-29ce-4496-b5c2-3ed59eb232a1","ABBY_061.basePlot.vst","2020-09-23","vst_ABBY_2020","D16","ABBY","ABBY_061","NEON.PLA.D16.ABBY.03769","1","ok","sapling","Live",,,"noChange",0.9,,,,,,"Partially shaded",,1.5,10,,,,,,,,,,,,"0000-0003-2593-761X","0000-0002-0205-7735",
"3b7f3470-048e-433f-bb3f-64a8a8d7f1c7","ABBY_070.basePlot.vst","2020-09-23","vst_ABBY_2020","D16","ABBY","ABBY_070","NEON.PLA.D16.ABBY.00677","1","ok","small tree","Live",1.5,130,"noChange",3.1,,,,2.3,1.5,"Mostly shaded",,,,,,,,,,,,,,,"0000-0002-7203-5072","0000-0003-0562-3007",
"f620ff9f-f648-4aa3-b982-16996ef194f6","ABBY_061.basePlot.vst","2020-09-23","vst_ABBY_2020","D16","ABBY","ABBY_061","NEON.PLA.D16.ABBY.03760",,"ok","single bole tree","Live",14.0,130,"noChange",10.0,,,,4.8,4.4,"Partially shaded",,,,,,,,,,,,,,,"0000-0002-7203-5072","0000-0001-9521-413X",
"16cd1e33-9658-4401-b2b2-379d237d593d","ABBY_061.basePlot.vst","2020-09-23","vst_ABBY_2020","D16","ABBY","ABBY_061","NEON.PLA.D16.ABBY.00532",,"ok","single bole tree","Live",11.0,130,"noChange",8.2,,,,3.8,3.7,"Partially shaded",,,,,,,,,,,,,,,"0000-0003-2593-761X","0000-0002-0205-7735",
"e17eec1a-f029-445c-9c4c-bf16759e3a6e","ABBY_061.basePlot.vst","2020-09-23","vst_ABBY_2020","D16","ABBY","ABBY_061","NEON.PLA.D16.ABBY.03763",,"ok","single bole tree","Live",13.0,130,"noChange",9.1,,,,4.0,3.2,"Partially shaded",,,,,,,,,,,,,,,"0000-0003-0562-3007","0000-0001-8510-4041",
"dd42aed2-9e98-44fc-8d75-24a1e25390c7","ABBY_061.basePlot.vst","2020-09-23","vst_ABBY_2020","D16","ABBY","ABBY_061","NEON.PLA.D16.ABBY.00899","1","ok","sapling","Live, physically damaged",,,"noChange",0.9,,,,,,"Partially shaded",,1.6,10,,,,,,,,,,,,"0000-0003-0562-3007","0000-0001-8510-4041",
"9825202d-3a21-48ef-a7e7-276500bc6f56","ABBY_070.basePlot.vst","2020-09-23","vst_ABBY_2020","D16","ABBY","ABBY_070","NEON.PLA.D16.ABBY.00956","1","ok","small tree","Live",2.0,130,"noChange",4.7,,,,1.4,1.1,"Mostly shaded",,,,,,,,,,,,,,,"0000-0002-7203-5072","0000-0003-0562-3007",
"481bd465-8361-4c2a-bb33-5c829cbe8874","ABBY_070.basePlot.vst","2020-09-23","vst_ABBY_2020","D16","ABBY","ABBY_070","NEON.PLA.D16.ABBY.00664",,"ok","single bole tree","Live",15.0,140,"noChange",8.3,,,,4.9,4.6,"Partially shaded",,,,,,,,,,,,,,,"0000-0002-7203-5072","0000-0003-0562-3007",
"a874ae88-d06c-40c2-a3af-987cb5320eb9","ABBY_061.basePlot.vst","2020-09-23","vst_ABBY_2020","D16","ABBY","ABBY_061","NEON.PLA.D16.ABBY.03826","2","ok","small shrub","Live",,,"noChange",,,,,,,,"cylinder",1.1,10,,,,,,,,,,,,"0000-0003-0562-3007","0000-0001-8510-4041",
"dd21d444-d131-4e68-8efc-29e5be26e36f","ABBY_061.basePlot.vst","2020-09-23","vst_ABBY_2020","D16","ABBY","ABBY_061","NEON.PLA.D16.ABBY.00725",,"ok","single bole tree","Live",13.8,130,"noChange",9.8,,,,3.5,3.4,"Mostly shaded",,,,,,,,,,,,,,,"0000-0003-0562-3007","0000-0001-8510-4041",
"4bcf4b26-27e0-462e-a998-8890b465062f","ABBY_061.basePlot.vst","2020-09-23","vst_ABBY_2020","D16","ABBY","ABBY_061","NEON.PLA.D16.ABBY.00891","4","ok","small shrub","Live, physically damaged",,,"noChange",,,,,,,,"cylinder",1.0,10,,,,,,,,,,,,"0000-0003-0562-3007","0000-0001-8510-4041",
"df643806-82c7-497c-93e9-a1215b73632a","ABBY_070.basePlot.vst","2020-09-23","vst_ABBY_2020","D16","ABBY","ABBY_070","NEON.PLA.D16.ABBY.00676","1","ok","small tree","Live",3.5,130,"noChange",5.0,,,,2.7,2.5,"Partially shaded",,,,,,,,,,,,,,,"0000-0002-7203-5072","0000-0003-0562-3007",
"5c222983-f518-4a16-9f09-b857d3ac6a86","ABBY_070.basePlot.vst","2020-09-23","vst_ABBY_2020","D16","ABBY","ABBY_070","NEON.PLA.D16.ABBY.00670",,"ok","single bole tree","Live",13.1,150,"noChange",10.7,,,,4.3,3.8,"Partially shaded",,,,,,,,,,,,,,,"0000-0002-7203-5072","0000-0003-0562-3007",
"9c9ef6fd-f719-4f95-ab2a-894c4e995419","ABBY_061.basePlot.vst","2020-09-23","vst_ABBY_2020","D16","ABBY","ABBY_061","NEON.PLA.D16.ABBY.03759",,"ok","single bole tree","Live",14.4,130,"noChange",8.1,,,,4.7,4.0,"Partially shaded",,,,,,,,,,,,,,,"0000-0002-7203-5072","0000-0001-9521-413X",
"f82227ee-6bcf-4a66-be95-43234b10f48e","ABBY_070.basePlot.vst","2020-09-23","vst_ABBY_2020","D16","ABBY","ABBY_070","NEON.PLA.D16.ABBY.00954","5","ok","small tree","Live",1.4,130,"noChange",,,,,,,,,,,,,,,,,,,,,,"0000-0002-7203-5072","0000-0003-0562-3007",
"328fa42f-294f-4749-b313-29745eee4218","ABBY_070.basePlot.vst","2020-09-23","vst_ABBY_2020","D16","ABBY","ABBY_070","NEON.PLA.D16.ABBY.00954","4","ok","small tree","Live",2.1,130,"noChange",,,,,,,,,,,,,,,,,,,,,,"0000-0002-7203-5072","0000-0003-0562-3007",
"cc30b10a-81fa-4052-870d-1269a57f5c3b","ABBY_061.basePlot.vst","2020-09-23","vst_ABBY_2020","D16","ABBY","ABBY_061","NEON.PLA.D16.ABBY.00660",,"ok","single bole tree","Dead, broken bole",41.6,130,"noChange",3.4,,3.4,10.0,0.6,0.4,"Full sun",,,,,,,,,,,,,,"Cause of death unknown","0000-0003-2593-761X","0000-0002-0205-7735",
"41164dc5-0d0f-456c-a9e1-0d02e808d0af","ABBY_061.basePlot.vst","2020-09-23","vst_ABBY_2020","D16","ABBY","ABBY_061","NEON.PLA.D16.ABBY.00645","1","ok","small tree","Live",9.3,130,"noChange",8.3,,,,3.2,3.2,"Partially shaded",,,,,,,,,,,,,,,"0000-0003-2593-761X","0000-0002-0205-7735",
"cffeeb2b-2622-40f2-80de-b972409dd506","ABBY_061.basePlot.vst","2020-09-23","vst_ABBY_2020","D16","ABBY","ABBY_061","NEON.PLA.D16.ABBY.03579",,"ok","single bole tree","Live",11.4,130,"noChange",9.3,,,,4.0,4.0,"Partially shaded",,,,,,,,,,,,,,,"0000-0003-2593-761X","0000-0002-0205-7735",
"bd2bdea7-663c-4217-9a27-b90ae333e256","ABBY_061.basePlot.vst","2020-09-23","vst_ABBY_2020","D16","ABBY","ABBY_061","NEON.PLA.D16.ABBY.00542",,"ok","single bole tree","Live",20.2,130,"noChange",11.3,,,,5.2,4.5,"Partially shaded",,,,,,,,,,,,,,,"0000-0003-2593-761X","0000-0002-0205-7735",
"fba4bdfd-c661-4d54-94c1-a656799e1f07","ABBY_061.basePlot.vst","2020-09-23","vst_ABBY_2020","D16","ABBY","ABBY_061","NEON.PLA.D16.ABBY.00719","1","ok","sapling","Live",,,"noChange",2.0,,,,,,"Partially shaded",,1.4,10,,,,,,,,,,,,"0000-0003-0562-3007","0000-0001-8510-4041",
"7e4c15a4-4ba4-4fff-b6e3-d3a3c908bd94","ABBY_061.basePlot.vst","2020-09-23","vst_ABBY_2020","D16","ABBY","ABBY_061","NEON.PLA.D16.ABBY.00940","1","ok","sapling","Live, physically damaged",,,"noChange",1.8,,,,,,"Partially shaded",,2.4,10,,,,,,,,,,,"Thinned","0000-0003-2593-761X","0000-0002-0205-7735",
"97d75e36-222d-4af1-95e7-1f90023308cb","ABBY_070.basePlot.vst","2020-09-23","vst_ABBY_2020","D16","ABBY","ABBY_070","NEON.PLA.D16.ABBY.01005",,"ok","single bole tree","Live",19.7,130,"noChange",9.8,,,,5.4,5.1,"Partially shaded",,,,,,,,,,,,,,,"0000-0002-7203-5072","0000-0003-0562-3007",
"b61a05ef-bbcb-489b-9180-8a49ca092693","ABBY_061.basePlot.vst","2020-09-23","vst_ABBY_2020","D16","ABBY","ABBY_061","NEON.PLA.D16.ABBY.00949",,"ok","single bole tree","Live",17.5,130,"noChange",10.4,,,,5.4,5.3,"Partially shaded",,,,,,,,,,,,,,,"0000-0003-2593-761X","0000-0002-0205-7735",
"d7865060-15bb-4d70-b226-945ea7f855da","ABBY_070.basePlot.vst","2020-09-23","vst_ABBY_2020","D16","ABBY","ABBY_070","NEON.PLA.D16.ABBY.00977","6","ok","single shrub","Live",1.4,130,"noChange",,,,,,,,"inverted cone",2.1,10,0.50,0.30,,,,,,,,,,"0000-0002-7203-5072","0000-0003-0562-3007",
"0a7a4095-5f1b-49f5-89d6-5b5dbec2f017","ABBY_070.basePlot.vst","2020-09-23","vst_ABBY_2020","D16","ABBY","ABBY_070","NEON.PLA.D16.ABBY.03380",,"ok","single bole tree","Live",16.0,130,"noChange",9.9,,,,4.7,4.5,"Partially shaded",,,,,,,,,,,,,,,"0000-0002-7203-5072","0000-0003-0562-3007",
"97809f9d-a422-42b2-8e0d-eb5cbbbaf92d","ABBY_061.basePlot.vst","2020-09-23","vst_ABBY_2020","D16","ABBY","ABBY_061","NEON.PLA.D16.ABBY.00531",,"ok","single bole tree","Live",13.8,130,"noChange",6.4,,,,4.2,4.2,"Partially shaded",,,,,,,,,,,,,,,"0000-0003-2593-761X","0000-0002-0205-7735",
"867f5b2a-72b7-4984-8f7e-e2380d213885","ABBY_070.basePlot.vst","2020-09-23","vst_ABBY_2020","D16","ABBY","ABBY_070","NEON.PLA.D16.ABBY.00955","8","ok","small tree","Live",1.7,130,"noChange",,,,,,,,,,,,,,,,,,,,,,"0000-0002-7203-5072","0000-0003-0562-3007",
"885cfbc9-d269-4f62-beeb-b167db776cb8","ABBY_070.basePlot.vst","2020-09-23","vst_ABBY_2020","D16","ABBY","ABBY_070","NEON.PLA.D16.ABBY.00955","6","ok","small tree","Live",1.9,130,"noChange",,,,,,,,,,,,,,,,,,,,,,"0000-0002-7203-5072","0000-0003-0562-3007",
"4f0c7be7-c205-461f-928b-0d5a0a53bbbb","ABBY_061.basePlot.vst","2020-09-23","vst_ABBY_2020","D16","ABBY","ABBY_061","NEON.PLA.D16.ABBY.00888","4","ok","small tree","Live",1.1,130,"noChange",,,,,,,,,,,,,,,,,,,,,,"0000-0003-0562-3007","0000-0001-8510-4041",
"917b3c0d-afb8-4e3d-9f17-9ba02ec94d8c","ABBY_061.basePlot.vst","2020-09-23","vst_ABBY_2020","D16","ABBY","ABBY_061","NEON.PLA.D16.ABBY.04398","1","ok","small shrub","Live",,,"noChange",0.5,,,,1.1,0.8,"Mostly shaded","oblate half-sphere",1.2,10,,,,,,,,,,,,"0000-0003-2593-761X","0000-0002-0205-7735",
"48bb29b8-d1fa-4442-bd8f-c40165c79f34","ABBY_061.basePlot.vst","2020-09-23","vst_ABBY_2020","D16","ABBY","ABBY_061","NEON.PLA.D16.ABBY.00891","2","ok","small shrub","Live, physically damaged",,,"noChange",,,,,,,,"cylinder",1.1,10,,,,,,,,,,,,"0000-0003-0562-3007","0000-0001-8510-4041",
"3da5dab2-b342-4a41-9206-b69faed63e66","ABBY_061.basePlot.vst","2020-09-23","vst_ABBY_2020","D16","ABBY","ABBY_061","NEON.PLA.D16.ABBY.03156","1","ok","small tree","Live",1.5,130,"noChange",3.3,,,,2.2,1.6,"Mostly shaded",,,,,,,,,,,,,,,"0000-0003-0562-3007","0000-0001-8510-4041",
"dc534790-43a4-410f-a379-3f232700cf7e","ABBY_061.basePlot.vst","2020-09-23","vst_ABBY_2020","D16","ABBY","ABBY_061","NEON.PLA.D16.ABBY.00541",,"ok","single bole tree","Live",15.2,130,"noChange",11.4,,,,4.1,3.6,"Mostly shaded",,,,,,,,,,,,,,,"0000-0003-2593-761X","0000-0002-0205-7735",
"5cdd78c9-034e-4878-95cc-b0d9e1129866","ABBY_061.basePlot.vst","2020-09-23","vst_ABBY_2020","D16","ABBY","ABBY_061","NEON.PLA.D16.ABBY.00709",,"ok","single bole tree","Live",16.4,130,"noChange",9.6,,,,4.3,3.7,"Partially shaded",,,,,,,,,,,,,,,"0000-0003-0562-3007","0000-0001-8510-4041",
"6a356838-22bb-48ea-9cd7-daf2ac8c7509","ABBY_070.basePlot.vst","2020-09-23","vst_ABBY_2020","D16","ABBY","ABBY_070","NEON.PLA.D16.ABBY.01006",,"ok","single bole tree","Live",20.4,130,"noChange",11.2,,,,5.1,4.2,"Partially shaded",,,,,,,,,,,,,,,"0000-0002-7203-5072","0000-0003-0562-3007",
"80d81c71-7652-4989-ab0e-4c8297d084be","ABBY_070.basePlot.vst","2020-09-23","vst_ABBY_2020","D16","ABBY","ABBY_070","NEON.PLA.D16.ABBY.00952","1","ok","single shrub","Live",2.8,130,"noChange",4.7,,,,3.3,2.6,"Full shade","inverted cone",3.1,10,0.20,0.20,,,,,,,,,,"0000-0002-7203-5072","0000-0003-0562-3007",
"0cb01ec9-0188-46bb-88e3-f93008984166","ABBY_061.basePlot.vst","2020-09-23","vst_ABBY_2020","D16","ABBY","ABBY_061","NEON.PLA.D16.ABBY.03767",,"ok","single bole tree","Live",13.5,130,"noChange",10.4,,,,4.7,4.6,"Partially shaded",,,,,,,,,,,,,,,"0000-0003-2593-761X","0000-0002-0205-7735",
"c6d376e8-b786-461f-9884-e8036c4fea98","ABBY_070.basePlot.vst","2020-09-23","vst_ABBY_2020","D16","ABBY","ABBY_070","NEON.PLA.D16.ABBY.00679",,"ok","single bole tree","Live",13.3,150,"noChange",9.8,,,,5.2,4.8,"Partially shaded",,,,,,,,,,,,,,,"0000-0002-7203-5072","0000-0003-0562-3007",
"1b11cd68-acca-4256-ae60-40281e9eccd0","ABBY_061.basePlot.vst","2020-09-23","vst_ABBY_2020","D16","ABBY","ABBY_061","NEON.PLA.D16.ABBY.03766",,"ok","single bole tree","Live",14.1,130,"noChange",10.4,,,,4.2,4.2,"Partially shaded",,,,,,,,,,,,,,,"0000-0003-2593-761X","0000-0002-0205-7735",
"fcb22706-1726-4267-a57c-37ee385e418f","ABBY_070.basePlot.vst","2020-09-23","vst_ABBY_2020","D16","ABBY","ABBY_070","NEON.PLA.D16.ABBY.00954","3","ok","small tree","Live",1.2,130,"noChange",,,,,,,,,,,,,,,,,,,,,,"0000-0002-7203-5072","0000-0003-0562-3007",
"f91d9e65-94ee-4c39-b337-15812d71907a","ABBY_061.basePlot.vst","2020-09-23","vst_ABBY_2020","D16","ABBY","ABBY_061","NEON.PLA.D16.ABBY.03828",,"ok","single bole tree","Live",11.3,130,"noChange",8.2,,,,3.3,2.9,"Mostly shaded",,,,,,,,,,,,,,,"0000-0003-0562-3007","0000-0001-8510-4041",
"b96a831f-7a3c-4539-9956-ea7380b3f8a8","ABBY_061.basePlot.vst","2020-09-23","vst_ABBY_2020","D16","ABBY","ABBY_061","NEON.PLA.D16.ABBY.00712",,"ok","single bole tree","Live",16.0,128,"noChange",10.6,,,,4.3,3.7,"Mostly shaded",,,,,,,,,,,,,,,"0000-0003-0562-3007","0000-0001-8510-4041",
"6b370990-0fb1-442a-bae3-ccdc040e0cc6","ABBY_070.basePlot.vst","2020-09-23","vst_ABBY_2020","D16","ABBY","ABBY_070","NEON.PLA.D16.ABBY.00952","2","ok","single shrub","Live",2.2,130,"noChange",,,,,,,,"inverted cone",3.0,10,0.20,0.20,,,,,,,,,,"0000-0002-7203-5072","0000-0003-0562-3007",
"d2fa3411-b134-4f33-bb06-88dc8e60a058","ABBY_061.basePlot.vst","2020-09-23","vst_ABBY_2020","D16","ABBY","ABBY_061","NEON.PLA.D16.ABBY.00936","1","ok",,"Lost, fate unknown",,,"noChange",,,,,,,,,,,,,,,,,,,,,,"0000-0003-2593-761X","0000-0002-0205-7735",
"74ecc629-42ee-4bab-8e4d-a915f8f90ee8","ABBY_061.basePlot.vst","2020-09-23","vst_ABBY_2020","D16","ABBY","ABBY_061","NEON.PLA.D16.ABBY.03157","1","ok","small tree","Live",1.4,130,"noChange",2.9,,,,1.1,0.8,"Mostly shaded",,,,,,,,,,,,,,,"0000-0003-0562-3007","0000-0001-8510-4041",
"2acded20-7221-472b-abba-e71f22eb4c31","ABBY_061.basePlot.vst","2020-09-23","vst_ABBY_2020","D16","ABBY","ABBY_061","NEON.PLA.D16.ABBY.00545","1","ok","sapling","Live, physically damaged",,,"noChange",1.2,,,,,,"Full shade",,1.6,10,,,,,,,,,,,"Dead branches at base","0000-0003-2593-761X","0000-0002-0205-7735",
"34dd59fe-c817-4350-9e9d-e3198c08c4e6","ABBY_061.basePlot.vst","2020-09-23","vst_ABBY_2020","D16","ABBY","ABBY_061","NEON.PLA.D16.ABBY.00900",,"ok","single bole tree","Live",17.4,130,"noChange",11.7,,,,6.1,4.7,"Partially shaded",,,,,,,,,,,,,,,"0000-0002-7203-5072","0000-0001-9521-413X",
"226de7e3-6cdb-4c49-86ce-18b63d97b1cf","ABBY_061.basePlot.vst","2020-09-23","vst_ABBY_2020","D16","ABBY","ABBY_061","NEON.PLA.D16.ABBY.09753",,"ok","single bole tree","Live",10.3,130,"noChange",8.8,,,,3.1,3.0,"Partially shaded",,,,,,,,,,,,,,,"0000-0003-0562-3007","0000-0001-8510-4041",
"f3124e3f-91bd-4bcb-8d5b-69dd24a7d122","ABBY_061.basePlot.vst","2020-09-23","vst_ABBY_2020","D16","ABBY","ABBY_061","NEON.PLA.D16.ABBY.00728",,"ok","single bole tree","Live",14.5,130,"noChange",10.4,,,,4.6,4.4,"Mostly shaded",,,,,,,,,,,,,,,"0000-0003-0562-3007","0000-0001-8510-4041",
"9888abad-f02c-444e-81fe-0a6c8c56915b","ABBY_061.basePlot.vst","2020-09-23","vst_ABBY_2020","D16","ABBY","ABBY_061","NEON.PLA.D16.ABBY.00726",,"ok","single bole tree","Live",13.5,130,"noChange",10.7,,,,4.2,3.9,"Mostly shaded",,,,,,,,,,,,,,,"0000-0003-0562-3007","0000-0001-8510-4041",
"9c5860cb-f2cc-40a0-929b-5082bdd864e9","ABBY_070.basePlot.vst","2020-09-23","vst_ABBY_2020","D16","ABBY","ABBY_070","NEON.PLA.D16.ABBY.09091","1","ok","sapling","Live",,,"noChange",1.2,,,,,,"Full shade",,1.1,10,,,,,,,,,,,,"0000-0002-7203-5072","0000-0003-0562-3007",
"ac0b3cba-6040-4665-bd49-cea3055a6012","ABBY_061.basePlot.vst","2020-09-23","vst_ABBY_2020","D16","ABBY","ABBY_061","NEON.PLA.D16.ABBY.00891","3","ok","small shrub","Live, physically damaged",,,"noChange",,,,,,,,"cylinder",3.1,10,,,,,,,,,,,,"0000-0003-0562-3007","0000-0001-8510-4041",
"fd62a967-5a29-44be-9b54-963c57c210a4","ABBY_070.basePlot.vst","2020-09-23","vst_ABBY_2020","D16","ABBY","ABBY_070","NEON.PLA.D16.ABBY.00954","9","ok","small tree","Live",1.3,130,"noChange",,,,,,,,,,,,,,,,,,,,,,"0000-0002-7203-5072","0000-0003-0562-3007",
"ba546974-226d-4cec-a16e-1485767b78d1","ABBY_061.basePlot.vst","2020-09-23","vst_ABBY_2020","D16","ABBY","ABBY_061","NEON.PLA.D16.ABBY.03159","1","ok","small tree","Live",1.6,130,"noChange",3.6,,,,1.5,1.3,"Mostly shaded",,,,,,,,,,,,,,,"0000-0003-0562-3007","0000-0001-8510-4041",
"329a78f4-f625-49fa-8b36-617b7af620fb","ABBY_061.basePlot.vst","2020-09-23","vst_ABBY_2020","D16","ABBY","ABBY_061","NEON.PLA.D16.ABBY.03578",,"ok","single bole tree","Live",12.8,130,"noChange",7.6,,,,4.0,3.9,"Partially shaded",,,,,,,,,,,,,,,"0000-0003-2593-761X","0000-0002-0205-7735",
"04f67841-4994-49c8-af7e-37c841169211","ABBY_070.basePlot.vst","2020-09-23","vst_ABBY_2020","D16","ABBY","ABBY_070","NEON.PLA.D16.ABBY.00955","1","ok","small tree","Live",1.5,130,"noChange",4.1,,,,3.3,3.0,"Mostly shaded",,,,,,,,,,,,,,,"0000-0002-7203-5072","0000-0003-0562-3007",
"5d27686e-876a-40d8-ae02-3b861193f39f","ABBY_070.basePlot.vst","2020-09-23","vst_ABBY_2020","D16","ABBY","ABBY_070","NEON.PLA.D16.ABBY.00665","1","ok","single bole tree","Live",13.4,135,"noChange",9.6,,,,4.6,4.5,"Partially shaded",,,,,,,,,,,,,,,"0000-0002-7203-5072","0000-0003-0562-3007",
"7d47fa1d-6f90-4ffe-9adb-8c0b48cc0427","ABBY_061.basePlot.vst","2020-09-23","vst_ABBY_2020","D16","ABBY","ABBY_061","NEON.PLA.D16.ABBY.00716",,"ok","single bole tree","Standing dead",10.3,130,"noChange",7.1,,,,2.9,2.5,"Partially shaded",,,,,,,,,,,,,,,"0000-0003-0562-3007","0000-0001-8510-4041",
"89e14853-47c9-41f1-bcdf-be7ba6c7ce70","ABBY_070.basePlot.vst","2020-09-23","vst_ABBY_2020","D16","ABBY","ABBY_070","NEON.PLA.D16.ABBY.00971","1","ok","small tree","Live",2.3,130,"noChange",5.0,,,,1.8,1.3,"Mostly shaded",,,,,,,,,,,,,,,"0000-0002-7203-5072","0000-0003-0562-3007",
"ab0bd160-e355-410d-9ca7-e2f6be62f1cb","ABBY_061.basePlot.vst","2020-09-23","vst_ABBY_2020","D16","ABBY","ABBY_061","NEON.PLA.D16.ABBY.00888","3","ok","small tree","Live",1.1,130,"noChange",,,,,,,,,,,,,,,,,,,,,,"0000-0003-0562-3007","0000-0001-8510-4041",
"a72ab49f-fc45-48b7-938c-6ecdb46c396e","ABBY_061.basePlot.vst","2020-09-23","vst_ABBY_2020","D16","ABBY","ABBY_061","NEON.PLA.D16.ABBY.00893","6","ok","small shrub","Live, physically damaged",,,"noChange",,,,,,,,"oblate half-sphere",1.6,10,,,,,,,,,,,,"0000-0003-0562-3007","0000-0001-8510-4041",
"9e5e5cf3-4822-4991-b0e9-d92cacadc326","ABBY_061.basePlot.vst","2020-09-23","vst_ABBY_2020","D16","ABBY","ABBY_061","NEON.PLA.D16.ABBY.00893","1","ok","small shrub","Live",,,"noChange",2.1,,,,1.4,1.2,"Full sun","oblate half-sphere",1.2,10,,,,,,,,,,,,"0000-0003-0562-3007","0000-0001-8510-4041",
"d346ed62-769b-4b6d-8aaa-8d5fe15a96bf","ABBY_070.basePlot.vst","2020-09-23","vst_ABBY_2020","D16","ABBY","ABBY_070","NEON.PLA.D16.ABBY.00977","3","ok","single shrub","Live",2.0,130,"noChange",,,,,,,,"inverted cone",2.9,10,0.50,0.30,,,,,,,,,,"0000-0002-7203-5072","0000-0003-0562-3007",
"fa6af9e0-d238-4019-b70e-e56b38e1969e","ABBY_070.basePlot.vst","2020-09-23","vst_ABBY_2020","D16","ABBY","ABBY_070","NEON.PLA.D16.ABBY.00674","1","ok",,"No longer qualifies",,,"noChange",,,,,,,,,,,,,,,,,,,,,,"0000-0002-7203-5072","0000-0003-0562-3007",
"65024fb4-0bd2-41d6-b240-60b5dcb9a19f","ABBY_061.basePlot.vst","2020-09-23","vst_ABBY_2020","D16","ABBY","ABBY_061","NEON.PLA.D16.ABBY.00893","11","ok","small shrub","Live, physically damaged",,,"noChange",,,,,,,,"oblate half-sphere",1.0,10,,,,,,,,,,,,"0000-0003-0562-3007","0000-0001-8510-4041",
"307aa050-3b40-441d-b6c7-d4230e059c1b","ABBY_061.basePlot.vst","2020-09-23","vst_ABBY_2020","D16","ABBY","ABBY_061","NEON.PLA.D16.ABBY.00892","1","ok","sapling","Live",,,"noChange",2.5,,,,,,"Partially shaded",,2.7,10,,,,,,,,,,,,"0000-0003-0562-3007","0000-0001-8510-4041",
"756be1c1-ecc9-4cfd-97b3-70bbfa22f2c2","ABBY_061.basePlot.vst","2020-09-23","vst_ABBY_2020","D16","ABBY","ABBY_061","NEON.PLA.D16.ABBY.00718",,"ok","single bole tree","Live",16.2,130,"noChange",11.4,,,,4.5,4.3,"Partially shaded",,,,,,,,,,,,,,,"0000-0003-0562-3007","0000-0001-8510-4041",
"23d0efd6-de2d-4d38-92bb-3443180c2d5b","ABBY_070.basePlot.vst","2020-09-23","vst_ABBY_2020","D16","ABBY","ABBY_070","NEON.PLA.D16.ABBY.00975","1","ok",,"No longer qualifies",,,"noChange",,,,,,,,,,,,,,,,,,,,,,"0000-0002-7203-5072","0000-0003-0562-3007",
"3b70bbde-3996-46f1-8ff4-6d0275f027c3","ABBY_061.basePlot.vst","2020-09-23","vst_ABBY_2020","D16","ABBY","ABBY_061","NEON.PLA.D16.ABBY.00891","5","ok","small shrub","Live",,,"noChange",,,,,,,,"cylinder",1.0,10,,,,,,,,,,,,"0000-0003-0562-3007","0000-0001-8510-4041",
"05ad783e-3b11-4da9-8921-ffbf3852028d","ABBY_061.basePlot.vst","2020-09-23","vst_ABBY_2020","D16","ABBY","ABBY_061","NEON.PLA.D16.ABBY.00713",,"ok","single bole tree","Live",14.6,130,"noChange",10.3,,,,4.2,4.1,"Partially shaded",,,,,,,,,,,,,,,"0000-0003-0562-3007","0000-0001-8510-4041",
"ab0723fb-6d10-40b5-ba99-74e1db77d163","ABBY_070.basePlot.vst","2020-09-23","vst_ABBY_2020","D16","ABBY","ABBY_070","NEON.PLA.D16.ABBY.00953","2","ok","small tree","Live",2.3,130,"noChange",,,,,,,,,,,,,,,,,,,,,,"0000-0002-7203-5072","0000-0003-0562-3007",
"942fa4e3-fc90-4c7c-b627-6369626a5296","ABBY_070.basePlot.vst","2020-09-23","vst_ABBY_2020","D16","ABBY","ABBY_070","NEON.PLA.D16.ABBY.00976","1","ok","small tree","Live",1.5,130,"noChange",3.1,,,,1.3,1.2,"Full shade",,,,,,,,,,,,,,,"0000-0002-7203-5072","0000-0003-0562-3007",
"956f527e-87d8-46ce-aa8f-3ef59aaf3f71","ABBY_070.basePlot.vst","2020-09-23","vst_ABBY_2020","D16","ABBY","ABBY_070","NEON.PLA.D16.ABBY.00672",,"ok","single bole tree","Live",17.4,150,"noChange",6.2,,,,5.2,4.7,,,,,,,,,,,,,,,,"0000-0002-7203-5072","0000-0003-0562-3007",
"2abd9977-18cb-4af4-bee5-59d2369dd267","ABBY_061.basePlot.vst","2020-09-23","vst_ABBY_2020","D16","ABBY","ABBY_061","NEON.PLA.D16.ABBY.03574","1","ok","small shrub","Live",,,"noChange",1.8,,,,1.3,0.9,"Full shade","oblate half-sphere",1.4,10,,,,,,,,,,,,"0000-0003-2593-761X","0000-0002-0205-7735",
"d9b96b7d-6e12-4112-99e4-2c1f73775f75","ABBY_070.basePlot.vst","2020-09-23","vst_ABBY_2020","D16","ABBY","ABBY_070","NEON.PLA.D16.ABBY.03799","2","ok","sapling","Live",,,"noChange",,,,,,,,,1.2,10,,,,,,,,,,,"Past years call it a sapling but fulcrum automatically calls it a sms which is false.","0000-0002-7203-5072","0000-0003-0562-3007",
"f0219f89-e6ff-45bb-bcf9-2bf0f86c7faf","ABBY_061.basePlot.vst","2020-09-23","vst_ABBY_2020","D16","ABBY","ABBY_061","NEON.PLA.D16.ABBY.03829",,"ok","single bole tree","Live",11.9,130,"noChange",9.7,,,,3.8,3.5,"Partially shaded",,,,,,,,,,,,,,,"0000-0003-0562-3007","0000-0001-8510-4041",
"9dda8688-ecd7-45ee-bc24-903edb77cfd2","ABBY_061.basePlot.vst","2020-09-23","vst_ABBY_2020","D16","ABBY","ABBY_061","NEON.PLA.D16.ABBY.00950",,"ok","single bole tree","Live",19.0,130,"noChange",10.3,,,,5.0,4.6,"Partially shaded",,,,,,,,,,,,,,,"0000-0002-7203-5072","0000-0001-9521-413X",
"3a2e58be-e502-4223-84a6-51c7ea92b474","ABBY_061.basePlot.vst","2020-09-23","vst_ABBY_2020","D16","ABBY","ABBY_061","NEON.PLA.D16.ABBY.00711",,"ok","single bole tree","Live",14.4,130,"noChange",10.9,,,,4.3,4.0,"Partially shaded",,,,,,,,,,,,,,,"0000-0003-0562-3007","0000-0001-8510-4041",
"071b15ae-c310-4b2c-8f66-6f412fb17c6a","ABBY_061.basePlot.vst","2020-09-23","vst_ABBY_2020","D16","ABBY","ABBY_061","NEON.PLA.D16.ABBY.03822","1","ok",,"Lost, fate unknown",,,"noChange",,,,,,,,,,,,,,,,,,,,,,"0000-0003-2593-761X","0000-0002-0205-7735",
"08c7ba62-50dd-45d5-8c8d-cc07c584008c","ABBY_061.basePlot.vst","2020-09-23","vst_ABBY_2020","D16","ABBY","ABBY_061","NEON.PLA.D16.ABBY.03148",,"ok","single bole tree","Live",14.9,130,"noChange",10.0,,,,4.1,3.8,"Partially shaded",,,,,,,,,,,,,,,"0000-0003-2593-761X","0000-0002-0205-7735",
"33ece39e-ca49-4f88-98cd-018b4eff7721","ABBY_070.basePlot.vst","2020-09-23","vst_ABBY_2020","D16","ABBY","ABBY_070","NEON.PLA.D16.ABBY.00978","1","ok","small tree","Live",2.6,130,"noChange",6.8,,,,2.6,1.8,"Full shade",,,,,,,,,,,,,,,"0000-0002-7203-5072","0000-0003-0562-3007",
"1cdde77a-7df0-45d5-bd18-5b684fa9a3ae","ABBY_061.basePlot.vst","2020-09-23","vst_ABBY_2020","D16","ABBY","ABBY_061","NEON.PLA.D16.ABBY.00652",,"ok","single bole tree","Live",14.5,130,"noChange",11.1,,,,4.5,3.8,"Partially shaded",,,,,,,,,,,,,,,"0000-0003-2593-761X","0000-0002-0205-7735",
"d13daf75-3417-47dd-9118-87dffd5205f1","ABBY_061.basePlot.vst","2020-09-23","vst_ABBY_2020","D16","ABBY","ABBY_061","NEON.PLA.D16.ABBY.00653A","1","ok","multi-bole tree","Live",11.1,130,"boleChange",9.9,,,,4.4,4.0,"Partially shaded",,,,,,,,,,,,,,,"0000-0003-2593-761X","0000-0002-0205-7735",
"e9385ec1-91a6-421f-b54a-7349aae8e23d","ABBY_061.basePlot.vst","2020-09-23","vst_ABBY_2020","D16","ABBY","ABBY_061","NEON.PLA.D16.ABBY.00941","1","ok","small tree","Live",2.3,130,"noChange",4.0,,,,1.5,1.4,"Mostly shaded",,,,,,,,,,,,,,,"0000-0003-2593-761X","0000-0002-0205-7735",
"f15db1ba-23e5-477e-8b67-38fb13dbd9bf","ABBY_061.basePlot.vst","2020-09-23","vst_ABBY_2020","D16","ABBY","ABBY_061","NEON.PLA.D16.ABBY.00644","1","ok","single bole tree","Live",13.6,135,"branchGrowth",10.9,,,,4.5,4.4,"Mostly shaded",,,,,,,,,,,,,,,"0000-0003-2593-761X","0000-0002-0205-7735",
"3c32e5e1-b0ca-4f8c-932e-46a922ae4ca3","ABBY_070.basePlot.vst","2020-09-23","vst_ABBY_2020","D16","ABBY","ABBY_070","NEON.PLA.D16.ABBY.03320","2","ok","small shrub","Live",,,"noChange",,0.5,,,,,,"ellipsoid or sphere",1.0,10,,,,,,,,,,,"created new 03320 child records to correct null error in shrubShape for second stem","0000-0002-7203-5072","0000-0003-0562-3007",
"60ccac13-56de-466b-829a-1d7192902a31","ABBY_061.basePlot.vst","2020-09-23","vst_ABBY_2020","D16","ABBY","ABBY_061","NEON.PLA.D16.ABBY.00651",,"ok","single bole tree","Live",14.6,140,"noChange",10.5,,,,4.8,3.9,"Partially shaded",,,,,,,,,,,,,,,"0000-0003-2593-761X","0000-0002-0205-7735",
"f1904ce9-aec5-4064-b045-b4cc2dfbbd5e","ABBY_061.basePlot.vst","2020-09-23","vst_ABBY_2020","D16","ABBY","ABBY_061","NEON.PLA.D16.ABBY.03768","1","ok","sapling","Live, physically damaged",,,"noChange",0.7,,,,,,"Partially shaded",,1.0,10,,,,,,,,,,,"Thinned","0000-0003-2593-761X","0000-0002-0205-7735",
"da8852d6-e54a-4b58-9a66-ba99d686c5d8","ABBY_061.basePlot.vst","2020-09-23","vst_ABBY_2020","D16","ABBY","ABBY_061","NEON.PLA.D16.ABBY.00649","1","ok","small tree","Live",3.5,130,"noChange",5.0,,,,1.9,1.7,"Partially shaded",,,,,,,,,,,,,,,"0000-0003-2593-761X","0000-0002-0205-7735",
"9ae77fd3-4e23-45b3-b3c1-c2781f98b739","ABBY_061.basePlot.vst","2020-09-23","vst_ABBY_2020","D16","ABBY","ABBY_061","NEON.PLA.D16.ABBY.00893","3","ok","small shrub","Live",,,"noChange",,,,,,,,"oblate half-sphere",2.2,10,,,,,,,,,,,,"0000-0003-0562-3007","0000-0001-8510-4041",
"3f2dff84-e467-4018-b3b4-b9aeed924533","ABBY_061.basePlot.vst","2020-09-23","vst_ABBY_2020","D16","ABBY","ABBY_061","NEON.PLA.D16.ABBY.00944","1","ok","small shrub","Live, physically damaged",,,"noChange",1.3,,,,0.3,0.2,"Partially shaded","cylinder",1.0,10,,,,,,,,,,,"Thinned","0000-0003-2593-761X","0000-0002-0205-7735",
"3b36fdf6-2f62-44fb-b1e1-ac03965f1864","ABBY_061.basePlot.vst","2020-09-23","vst_ABBY_2020","D16","ABBY","ABBY_061","NEON.PLA.D16.ABBY.00529",,"ok","single bole tree","Live",14.3,130,"noChange",9.5,,,,4.1,3.9,"Partially shaded",,,,,,,,,,,,,,,"0000-0003-2593-761X","0000-0002-0205-7735",
"a36d0e8d-49f9-4657-9d22-9d22dedcab53","ABBY_061.basePlot.vst","2020-09-23","vst_ABBY_2020","D16","ABBY","ABBY_061","NEON.PLA.D16.ABBY.00946",,"ok","single bole tree","Live",19.5,130,"noChange",10.1,,,,5.3,5.1,"Partially shaded",,,,,,,,,,,,,,,"0000-0003-2593-761X","0000-0002-0205-7735",
"b02fbd21-51fb-465a-ad79-10356e4c8793","ABBY_061.basePlot.vst","2020-09-23","vst_ABBY_2020","D16","ABBY","ABBY_061","NEON.PLA.D16.ABBY.00710",,"ok","single bole tree","Live",18.9,130,"noChange",10.9,,,,5.1,4.8,"Partially shaded",,,,,,,,,,,,,,,"0000-0003-0562-3007","0000-0001-8510-4041",
"c0eed80f-0d54-45dd-93f6-9547b874b060","ABBY_070.basePlot.vst","2020-09-23","vst_ABBY_2020","D16","ABBY","ABBY_070","NEON.PLA.D16.ABBY.03372",,"ok","single bole tree","Live",17.9,130,"noChange",10.5,,,,5.1,4.8,"Partially shaded",,,,,,,,,,,,,,,"0000-0002-7203-5072","0000-0003-0562-3007",
"2092ed76-18a2-4b25-8903-2a340c7f1db4","ABBY_061.basePlot.vst","2020-09-23","vst_ABBY_2020","D16","ABBY","ABBY_061","NEON.PLA.D16.ABBY.03154","1","ok","small shrub","Live",,,"noChange",0.9,,,,1.2,0.6,"Partially shaded","oblate half-sphere",1.1,10,,,,,,,,,,,,"0000-0003-0562-3007","0000-0001-8510-4041",
"172f9203-762e-4f77-a2c6-acde649376b4","ABBY_070.basePlot.vst","2020-09-23","vst_ABBY_2020","D16","ABBY","ABBY_070","NEON.PLA.D16.ABBY.00954","7","ok","small tree","Live",1.3,130,"noChange",,,,,,,,,,,,,,,,,,,,,,"0000-0002-7203-5072","0000-0003-0562-3007",
"b5a54283-8796-44e3-8dc0-65eabce2173f","ABBY_061.basePlot.vst","2020-09-23","vst_ABBY_2020","D16","ABBY","ABBY_061","NEON.PLA.D16.ABBY.00659","1","ok","small tree","Live",3.4,130,"noChange",3.5,,,,2.1,1.7,"Partially shaded",,,,,,,,,,,,,,,"0000-0003-2593-761X","0000-0002-0205-7735",
"339d7a7d-74e4-421c-947f-d141ef660c60","ABBY_070.basePlot.vst","2020-09-23","vst_ABBY_2020","D16","ABBY","ABBY_070","NEON.PLA.D16.ABBY.09095","1","ok","small shrub","Live",,,"noChange",1.0,,,,0.9,0.5,"Mostly shaded","half-sphere",1.1,10,,,,,,,,,,,,"0000-0002-7203-5072","0000-0003-0562-3007",
"21cb10b9-3345-47ad-9a79-78d2bfd3bebb","ABBY_061.basePlot.vst","2020-09-23","vst_ABBY_2020","D16","ABBY","ABBY_061","NEON.PLA.D16.ABBY.03576","1","ok","small shrub","Live, physically damaged",,,"noChange",0.9,,,,0.9,0.4,"Partially shaded","cylinder",1.4,10,,,,,,,,,,,"Thinned","0000-0003-2593-761X","0000-0002-0205-7735",
"45949e8e-dd90-4958-b691-a4c4acefe2af","ABBY_070.basePlot.vst","2020-09-23","vst_ABBY_2020","D16","ABBY","ABBY_070","NEON.PLA.D16.ABBY.03377",,"ok","single bole tree","Live",13.6,150,"noChange",7.5,,,,5.0,5.0,"Partially shaded",,,,,,,,,,,,,,,"0000-0002-7203-5072","0000-0003-0562-3007",
"3ae4fc3c-00f4-4604-99be-feae7983bfc5","ABBY_061.basePlot.vst","2020-09-23","vst_ABBY_2020","D16","ABBY","ABBY_061","NEON.PLA.D16.ABBY.00717",,"ok","single bole tree","Live",14.0,130,"noChange",10.1,,,,4.5,4.0,"Partially shaded",,,,,,,,,,,,,,,"0000-0002-7203-5072","0000-0001-9521-413X",
"7c5b294f-3884-4120-93a9-afa4dd7d569b","ABBY_061.basePlot.vst","2020-09-23","vst_ABBY_2020","D16","ABBY","ABBY_061","NEON.PLA.D16.ABBY.03147","1","ok","sapling","Live, physically damaged",,,"noChange",0.4,,,,,,"Full shade",,1.6,10,,,,,,,,,,,"Thinned and single branch almost unattached to bole","0000-0003-2593-761X","0000-0002-0205-7735",
"19d192e8-3e4b-4097-a0b8-07b580792b53","ABBY_061.basePlot.vst","2020-09-23","vst_ABBY_2020","D16","ABBY","ABBY_061","NEON.PLA.D16.ABBY.00537","1","ok","sapling","Live",,,"noChange",1.8,,,,,,"Full shade",,1.6,10,,,,,,,,,,,,"0000-0003-2593-761X","0000-0002-0205-7735",
"ddfb176f-d8a6-4e4f-913e-1d9de26662bf","ABBY_061.basePlot.vst","2020-09-23","vst_ABBY_2020","D16","ABBY","ABBY_061","NEON.PLA.D16.ABBY.03826","1","ok","small shrub","Live, physically damaged",,,"noChange",1.2,,,,0.8,0.6,"Partially shaded","cylinder",1.6,10,,,,,,,,,,,,"0000-0003-0562-3007","0000-0001-8510-4041",
"fba75c8e-75ce-4d0f-a3c1-c94c86271fa6","ABBY_061.basePlot.vst","2020-09-23","vst_ABBY_2020","D16","ABBY","ABBY_061","NEON.PLA.D16.ABBY.00947",,"ok","single bole tree","Live",16.5,125,"noChange",12.6,,,,4.6,4.4,"Partially shaded",,,,,,,,,,,,,,,"0000-0003-2593-761X","0000-0002-0205-7735",
"a8e7a7cf-73d6-45da-bca1-b3c82484a245","ABBY_061.basePlot.vst","2020-09-23","vst_ABBY_2020","D16","ABBY","ABBY_061","NEON.PLA.D16.ABBY.00889","1","ok",,"Lost, fate unknown",,,"noChange",,,,,,,,,,,,,,,,,,,,,,"0000-0003-0562-3007","0000-0001-8510-4041",
"d617b8ed-2e2f-44cc-b23d-a3f1a425c51a","ABBY_070.basePlot.vst","2020-09-23","vst_ABBY_2020","D16","ABBY","ABBY_070","NEON.PLA.D16.ABBY.00955","3","ok","small tree","Live",1.7,130,"noChange",,,,,,,,,,,,,,,,,,,,,,"0000-0002-7203-5072","0000-0003-0562-3007",
"aceed0c7-29f7-43a1-8df3-dbfec2c190be","ABBY_061.basePlot.vst","2020-09-23","vst_ABBY_2020","D16","ABBY","ABBY_061","NEON.PLA.D16.ABBY.00945",,"ok","single bole tree","Live",20.1,130,"noChange",12.5,,,,5.5,4.8,"Partially shaded",,,,,,,,,,,,,,,"0000-0003-2593-761X","0000-0002-0205-7735",
"80ddb041-f14c-4c30-b62f-8e0a45c1fac7","ABBY_070.basePlot.vst","2020-09-23","vst_ABBY_2020","D16","ABBY","ABBY_070","NEON.PLA.D16.ABBY.00680","1","ok","single bole tree","Live",16.1,140,"noChange",11.1,,,,5.5,4.5,"Mostly shaded",,,,,,,,,,,,,,,"0000-0002-7203-5072","0000-0003-0562-3007",
"0e1328e4-a21e-49ed-bd1a-9a7c002e5dd2","ABBY_061.basePlot.vst","2020-09-23","vst_ABBY_2020","D16","ABBY","ABBY_061","NEON.PLA.D16.ABBY.03158","1","ok","sapling","Live",,,"noChange",1.3,,,,,,"Partially shaded",,1.7,10,,,,,,,,,,,"Nested 21_4","0000-0003-0562-3007","0000-0001-8510-4041",
"30f8e05c-b064-4068-a9ca-39021215ea70","ABBY_061.basePlot.vst","2020-09-23","vst_ABBY_2020","D16","ABBY","ABBY_061","NEON.PLA.D16.ABBY.00539","1","ok","small tree","Live",1.4,130,"noChange",3.6,,,,1.2,1.1,"Full shade",,,,,,,,,,,,,,,"0000-0003-2593-761X","0000-0002-0205-7735",
"1fe0b675-0b84-428d-b698-cd2fd9b53d70","ABBY_070.basePlot.vst","2020-09-23","vst_ABBY_2020","D16","ABBY","ABBY_070","NEON.PLA.D16.ABBY.03088",,"ok","single bole tree","Live",14.4,130,"noChange",10.2,,,,5.0,4.4,"Partially shaded",,,,,,,,,,,,,,,"0000-0002-7203-5072","0000-0003-0562-3007",
"a54eff0f-fe76-49a3-8a9a-4d5782903153","ABBY_070.basePlot.vst","2020-09-23","vst_ABBY_2020","D16","ABBY","ABBY_070","NEON.PLA.D16.ABBY.03378",,"ok","single bole tree","Live",14.7,130,"noChange",9.7,,,,4.0,3.2,"Partially shaded",,,,,,,,,,,,,,,"0000-0002-7203-5072","0000-0003-0562-3007",
"001e0a72-6d3d-4892-b1ad-cbb426f7ca4d","ABBY_061.basePlot.vst","2020-09-23","vst_ABBY_2020","D16","ABBY","ABBY_061","NEON.PLA.D16.ABBY.03575","1","ok","small shrub","Live, physically damaged",,,"noChange",1.1,,,,0.5,0.5,"Partially shaded","cylinder",2.3,10,,,,,,,,,,,"Thinned","0000-0003-2593-761X","0000-0002-0205-7735",
"522d9798-b626-4a25-aec0-c6dd2ad89477","ABBY_070.basePlot.vst","2020-09-23","vst_ABBY_2020","D16","ABBY","ABBY_070","NEON.PLA.D16.ABBY.00977","4","ok","single shrub","Live",1.9,130,"noChange",,,,,,,,"inverted cone",2.9,10,0.50,0.30,,,,,,,,,,"0000-0002-7203-5072","0000-0003-0562-3007",
"d9350ca1-eb82-4db5-9c59-d06c93df2e5d","ABBY_061.basePlot.vst","2020-09-23","vst_ABBY_2020","D16","ABBY","ABBY_061","NEON.PLA.D16.ABBY.00897","1","ok","small tree","Live",1.5,130,"noChange",2.6,,,,1.3,1.2,"Full shade",,,,,,,,,,,,,,,"0000-0003-0562-3007","0000-0001-8510-4041",
"5840620f-d892-4f71-860d-853233189ebb","ABBY_061.basePlot.vst","2020-09-23","vst_ABBY_2020","D16","ABBY","ABBY_061","NEON.PLA.D16.ABBY.04800","1","ok","small shrub","Live",,,"noChange",0.5,,,,0.7,0.3,"Mostly shaded","oblate half-sphere",1.6,10,,,,,,,,,,,,"0000-0003-2593-761X","0000-0002-0205-7735",
"c15857e0-991a-41df-b9b7-9c1e8f878ff6","ABBY_061.basePlot.vst","2020-09-23","vst_ABBY_2020","D16","ABBY","ABBY_061","NEON.PLA.D16.ABBY.00657","1","ok","small tree","Live",9.5,130,"noChange",7.5,,,,3.4,3.0,"Mostly shaded",,,,,,,,,,,,,,,"0000-0003-2593-761X","0000-0002-0205-7735",
"29fadbb5-417a-466e-bdec-0900fda2eb5c","ABBY_061.basePlot.vst","2020-09-23","vst_ABBY_2020","D16","ABBY","ABBY_061","NEON.PLA.D16.ABBY.00654",,"ok","single bole tree","Live",20.8,130,"noChange",11.9,,,,5.5,4.7,"Partially shaded",,,,,,,,,,,,,,,"0000-0003-2593-761X","0000-0002-0205-7735",
"1c61418a-ddbd-4ae1-86eb-5d025127a3c9","ABBY_061.basePlot.vst","2020-09-23","vst_ABBY_2020","D16","ABBY","ABBY_061","NEON.PLA.D16.ABBY.00888","1","ok","small tree","Live",1.5,130,"noChange",2.6,,,,1.4,1.3,"Partially shaded",,,,,,,,,,,,,,,"0000-0003-0562-3007","0000-0001-8510-4041",
"8b5fcba3-be3c-47f8-9d96-34b28051e4dd","ABBY_061.basePlot.vst","2020-09-23","vst_ABBY_2020","D16","ABBY","ABBY_061","NEON.PLA.D16.ABBY.00643",,"ok","single bole tree","Live",17.9,130,"noChange",12.2,,,,6.2,5.2,"Partially shaded",,,,,,,,,,,,,,,"0000-0003-2593-761X","0000-0002-0205-7735",
"67acc7de-9b19-4614-8804-8ae1c3172f46","ABBY_070.basePlot.vst","2020-09-23","vst_ABBY_2020","D16","ABBY","ABBY_070","NEON.PLA.D16.ABBY.00977","1","ok","single shrub","Live",2.4,130,"noChange",5.3,,,,4.1,1.6,"Full shade","inverted cone",3.6,10,0.50,0.30,,,,,,,,,,"0000-0002-7203-5072","0000-0003-0562-3007",
"7803db74-49ad-4f8d-9027-d33a39a9f9e0","ABBY_070.basePlot.vst","2020-09-23","vst_ABBY_2020","D16","ABBY","ABBY_070","NEON.PLA.D16.ABBY.00955","9","ok","small tree","Live",1.3,130,"noChange",,,,,,,,,,,,,,,,,,,,,,"0000-0002-7203-5072","0000-0003-0562-3007",
"dd7f6886-c2b6-4fea-b395-c8f66e592b6f","ABBY_061.basePlot.vst","2020-09-23","vst_ABBY_2020","D16","ABBY","ABBY_061","NEON.PLA.D16.ABBY.03153","1","ok","sapling","Live",,,"noChange",1.9,,,,,,"Mostly shaded",,1.7,10,,,,,,,,,,,,"0000-0003-2593-761X","0000-0002-0205-7735",
"5de71cdc-97e8-4088-b241-c04098ba0210","ABBY_061.basePlot.vst","2020-09-23","vst_ABBY_2020","D16","ABBY","ABBY_061","NEON.PLA.D16.ABBY.03762",,"ok","single bole tree","Live",13.5,130,"noChange",9.7,,,,4.5,4.3,"Partially shaded",,,,,,,,,,,,,,,"0000-0003-0562-3007","0000-0001-8510-4041",
"6f5e5d82-5dfd-4e26-93c5-c3fd7d8c0298","ABBY_061.basePlot.vst","2020-09-23","vst_ABBY_2020","D16","ABBY","ABBY_061","NEON.PLA.D16.ABBY.03150",,"ok","single bole tree","Live",15.5,130,"noChange",10.1,,,,5.2,4.6,"Partially shaded",,,,,,,,,,,,,,,"0000-0003-2593-761X","0000-0002-0205-7735",
"1cbf14da-f7ff-4758-a689-7351b9ecc79a","ABBY_070.basePlot.vst","2020-09-23","vst_ABBY_2020","D16","ABBY","ABBY_070","NEON.PLA.D16.ABBY.00668",,"ok","single bole tree","Live",15.9,130,"noChange",8.3,,,,5.3,4.9,"Partially shaded",,,,,,,,,,,,,,,"0000-0002-7203-5072","0000-0003-0562-3007",
"2bbccefe-4195-42da-9b72-9af450175b82","ABBY_070.basePlot.vst","2020-09-23","vst_ABBY_2020","D16","ABBY","ABBY_070","NEON.PLA.D16.ABBY.03087",,"ok","single bole tree","Live",15.3,130,"noChange",10.5,,,,4.6,4.0,"Partially shaded",,,,,,,,,,,,,,,"0000-0002-7203-5072","0000-0003-0562-3007",
"00530b7c-88b2-4c5d-a257-c71b4b63fae8","ABBY_061.basePlot.vst","2020-09-23","vst_ABBY_2020","D16","ABBY","ABBY_061","NEON.PLA.D16.ABBY.00937","1","ok","small shrub","Live, physically damaged",,,"noChange",2.2,,,,1.9,1.4,"Partially shaded","half-sphere",7.6,10,,,,,,,,,,,"Thinned","0000-0003-2593-761X","0000-0002-0205-7735",
"9600fa42-17da-4648-9bc8-66a696f1adba","ABBY_061.basePlot.vst","2020-09-23","vst_ABBY_2020","D16","ABBY","ABBY_061","NEON.PLA.D16.ABBY.00895",,"ok","single bole tree","Live",14.6,130,"noChange",10.3,,,,3.6,3.6,"Mostly shaded",,,,,,,,,,,,,,,"0000-0003-0562-3007","0000-0001-8510-4041",
"7440da5d-a9d5-41b0-ab86-5815302c3328","ABBY_070.basePlot.vst","2020-09-23","vst_ABBY_2020","D16","ABBY","ABBY_070","NEON.PLA.D16.ABBY.03374","1","ok","single bole tree","Live",13.5,140,"noChange",8.0,,,,4.8,4.4,"Partially shaded",,,,,,,,,,,,,,,"0000-0002-7203-5072","0000-0003-0562-3007",
"6bc2f1d9-8fc7-4e5d-9c1e-f70e95e96556","ABBY_061.basePlot.vst","2020-09-23","vst_ABBY_2020","D16","ABBY","ABBY_061","NEON.PLA.D16.ABBY.00896","1","ok","small tree","Live",2.9,130,"noChange",4.4,,,,2.3,1.7,"Mostly shaded",,,,,,,,,,,,,,,"0000-0003-0562-3007","0000-0001-8510-4041",
"51890e0f-69f2-4e2f-bfc0-b501c76dfba4","ABBY_061.basePlot.vst","2020-09-23","vst_ABBY_2020","D16","ABBY","ABBY_061","NEON.PLA.D16.ABBY.00721",,"ok","single bole tree","Live",12.0,130,"noChange",9.6,,,,4.2,3.4,"Partially shaded",,,,,,,,,,,,,,,"0000-0003-0562-3007","0000-0001-8510-4041",
"ab651a2d-44b3-4e4c-affe-02ad0df27a74","ABBY_061.basePlot.vst","2020-09-23","vst_ABBY_2020","D16","ABBY","ABBY_061","NEON.PLA.D16.ABBY.00540","1","ok","sapling","Live",,,"noChange",1.4,,,,,,"Full shade",,1.1,10,,,,,,,,,,,,"0000-0003-2593-761X","0000-0002-0205-7735",
"e4600f3a-b65d-4b66-ac22-173e09ad465a","ABBY_061.basePlot.vst","2020-09-23","vst_ABBY_2020","D16","ABBY","ABBY_061","NEON.PLA.D16.ABBY.00723","1","ok","small tree","Live",1.8,130,"noChange",3.1,,,,1.2,1.1,"Mostly shaded",,,,,,,,,,,,,,,"0000-0003-0562-3007","0000-0001-8510-4041",
"2926eedf-d7af-4e5b-9c7b-181736e10790","ABBY_061.basePlot.vst","2020-09-23","vst_ABBY_2020","D16","ABBY","ABBY_061","NEON.PLA.D16.ABBY.03577","1","ok","small shrub","Live",,,"noChange",0.5,,,,0.7,0.4,"Full shade","oblate half-sphere",1.1,10,,,,,,,,,,,,"0000-0003-2593-761X","0000-0002-0205-7735",
"fccd26ba-e49d-429b-9b79-f65fb8ceb74a","ABBY_061.basePlot.vst","2020-09-23","vst_ABBY_2020","D16","ABBY","ABBY_061","NEON.PLA.D16.ABBY.00893","8","ok","small shrub","Live, physically damaged",,,"noChange",,,,,,,,"oblate half-sphere",2.4,10,,,,,,,,,,,,"0000-0003-0562-3007","0000-0001-8510-4041",
"6438e404-ed0b-45d9-80f5-b7027bcc03de","ABBY_061.basePlot.vst","2020-09-23","vst_ABBY_2020","D16","ABBY","ABBY_061","NEON.PLA.D16.ABBY.00944","1","ok","small shrub","Live, physically damaged",,,"noChange",1.3,,,,1.7,1.1,"Partially shaded","cylinder",1.0,10,,,,,,,,,,,"Thinned","0000-0003-2593-761X","0000-0002-0205-7735",
"bfd9194d-e317-4cfc-ae03-937ec56984ba","ABBY_061.basePlot.vst","2020-09-23","vst_ABBY_2020","D16","ABBY","ABBY_061","NEON.PLA.D16.ABBY.00714",,"ok","single bole tree","Live",13.2,130,"noChange",9.9,,,,4.0,3.8,"Partially shaded",,,,,,,,,,,,,,,"0000-0003-0562-3007","0000-0001-8510-4041",
"49e17ab6-6efc-4d21-9117-907553d36c43","ABBY_070.basePlot.vst","2020-09-23","vst_ABBY_2020","D16","ABBY","ABBY_070","NEON.PLA.D16.ABBY.03371",,"ok","single bole tree","Live",15.2,140,"noChange",10.6,,,,4.5,4.3,"Partially shaded",,,,,,,,,,,,,,,"0000-0002-7203-5072","0000-0003-0562-3007",
"a4c078e4-e26a-40f5-80be-d76af7ba6e48","ABBY_070.basePlot.vst","2020-09-23","vst_ABBY_2020","D16","ABBY","ABBY_070","NEON.PLA.D16.ABBY.09092",,"ok","single bole tree","Live",11.7,130,"noChange",8.4,,,,4.1,3.5,"Partially shaded",,,,,,,,,,,,,,,"0000-0002-7203-5072","0000-0003-0562-3007",
"b0fccaad-50f2-411d-b9fa-6a8fd935c288","ABBY_070.basePlot.vst","2020-09-23","vst_ABBY_2020","D16","ABBY","ABBY_070","NEON.PLA.D16.ABBY.00955","11","ok","small tree","Live",2.3,130,"noChange",,,,,,,,,,,,,,,,,,,,,,"0000-0002-7203-5072","0000-0003-0562-3007",
"1440247b-cec1-4cdb-9f8c-fcc4e2527493","ABBY_061.basePlot.vst","2020-09-23","vst_ABBY_2020","D16","ABBY","ABBY_061","NEON.PLA.D16.ABBY.03758",,"ok","single bole tree","Live",14.3,130,"noChange",8.6,,,,5.1,4.7,"Partially shaded",,,,,,,,,,,,,,,"0000-0002-7203-5072","0000-0001-9521-413X",
"1a65d589-fe89-4b2b-a65d-6718ce4fc8a9","ABBY_070.basePlot.vst","2020-09-23","vst_ABBY_2020","D16","ABBY","ABBY_070","NEON.PLA.D16.ABBY.00954","6","ok","small tree","Live",1.8,130,"noChange",,,,,,,,,,,,,,,,,,,,,,"0000-0002-7203-5072","0000-0003-0562-3007",
"09d3fe7d-4a22-4b6d-a67f-2aae0874c4ed","ABBY_061.basePlot.vst","2020-09-23","vst_ABBY_2020","D16","ABBY","ABBY_061","NEON.PLA.D16.ABBY.03573","1","ok","sapling","Live",,,"noChange",1.3,,,,,,"Full shade",,1.0,10,,,,,,,,,,,,"0000-0003-2593-761X","0000-0002-0205-7735",
"90712bca-49df-49d1-8006-afc361413ec6","ABBY_070.basePlot.vst","2020-09-23","vst_ABBY_2020","D16","ABBY","ABBY_070","NEON.PLA.D16.ABBY.00954","5","ok","small tree","Live",2.0,130,"noChange",,,,,,,,,,,,,,,,,,,,,,"0000-0002-7203-5072","0000-0003-0562-3007",
"dfdee30a-b454-4b39-b0a8-edf7eed9b497","ABBY_070.basePlot.vst","2020-09-23","vst_ABBY_2020","D16","ABBY","ABBY_070","NEON.PLA.D16.ABBY.09090","1","ok","sapling","Live",,,"noChange",1.6,,,,,,"Full shade",,1.1,10,,,,,,,,,,,,"0000-0002-7203-5072","0000-0003-0562-3007",
"57aa8492-cfdd-48d0-873e-ad7822c23f50","ABBY_070.basePlot.vst","2020-09-23","vst_ABBY_2020","D16","ABBY","ABBY_070","NEON.PLA.D16.ABBY.00929",,"ok","single bole tree","Live",15.1,130,"noChange",10.8,,,,4.6,4.0,"Partially shaded",,,,,,,,,,,,,,,"0000-0002-7203-5072","0000-0003-0562-3007",
"dea29eb9-62c4-4ed4-a93b-08e0cf709ca2","ABBY_061.basePlot.vst","2020-09-23","vst_ABBY_2020","D16","ABBY","ABBY_061","NEON.PLA.D16.ABBY.00658",,"ok","single bole tree","Live",11.8,130,"noChange",8.7,,,,3.8,3.8,"Partially shaded",,,,,,,,,,,,,,,"0000-0003-2593-761X","0000-0002-0205-7735",
"d7b68f4c-1810-4290-b2bc-084769858297","ABBY_061.basePlot.vst","2020-09-23","vst_ABBY_2020","D16","ABBY","ABBY_061","NEON.PLA.D16.ABBY.00948",,"ok","single bole tree","Live",16.4,130,"noChange",11.1,,,,5.4,4.8,"Partially shaded",,,,,,,,,,,,,,,"0000-0003-2593-761X","0000-0002-0205-7735",
"97f2e84d-344e-4ba3-a35e-08991d32ec1f","ABBY_061.basePlot.vst","2020-09-23","vst_ABBY_2020","D16","ABBY","ABBY_061","NEON.PLA.D16.ABBY.00891","1","ok","small shrub","Live, physically damaged",,,"noChange",1.1,,,,1.1,0.8,"Partially shaded","cylinder",1.2,10,,,,,,,,,,,,"0000-0003-0562-3007","0000-0001-8510-4041",
"0a0bc112-6789-4194-89a8-0c06da9d5cc5","ABBY_070.basePlot.vst","2020-09-23","vst_ABBY_2020","D16","ABBY","ABBY_070","NEON.PLA.D16.ABBY.00953","3","ok","small tree","Live",1.7,130,"noChange",,,,,,,,,,,,,,,,,,,,,,"0000-0002-7203-5072","0000-0003-0562-3007",
"472899a2-258d-4a55-bf16-78c1ef7896be","ABBY_070.basePlot.vst","2020-09-23","vst_ABBY_2020","D16","ABBY","ABBY_070","NEON.PLA.D16.ABBY.04297","1","ok","sapling","Live",,,"noChange",0.7,,,,,,"Mostly shaded",,1.4,10,,,,,,,,,,,,"0000-0002-7203-5072","0000-0003-0562-3007",
"34638119-2568-407b-98e5-184b95895b84","ABBY_061.basePlot.vst","2020-09-23","vst_ABBY_2020","D16","ABBY","ABBY_061","NEON.PLA.D16.ABBY.03151",,"ok","single bole tree","Live",14.5,130,"noChange",10.0,,,,4.4,3.9,"Partially shaded",,,,,,,,,,,,,,,"0000-0003-2593-761X","0000-0002-0205-7735",
"7ea6a091-73d5-4562-b0a2-13f9532142e0","ABBY_061.basePlot.vst","2020-09-23","vst_ABBY_2020","D16","ABBY","ABBY_061","NEON.PLA.D16.ABBY.00722",,"ok","single bole tree","Live",15.4,130,"noChange",11.2,,,,4.4,4.1,"Mostly shaded",,,,,,,,,,,,,,,"0000-0003-0562-3007","0000-0001-8510-4041",
"eeed843c-af0f-4b43-b348-8ab21d220d46","ABBY_070.basePlot.vst","2020-09-23","vst_ABBY_2020","D16","ABBY","ABBY_070","NEON.PLA.D16.ABBY.00955","5","ok","small tree","Live",1.1,130,"noChange",,,,,,,,,,,,,,,,,,,,,,"0000-0002-7203-5072","0000-0003-0562-3007",
"7c16f2e3-534a-4f9d-8b8e-2dfbfab00b8c","ABBY_061.basePlot.vst","2020-09-23","vst_ABBY_2020","D16","ABBY","ABBY_061","NEON.PLA.D16.ABBY.00647","1","ok","single bole tree","Live",16.5,130,"boleChange",9.6,,,,4.6,4.5,"Partially shaded",,,,,,,,,,,,,,,"0000-0003-2593-761X","0000-0002-0205-7735",
"82aad28d-0fca-4e5c-9ec8-955a8228c737","ABBY_070.basePlot.vst","2020-09-23","vst_ABBY_2020","D16","ABBY","ABBY_070","NEON.PLA.D16.ABBY.00977","5","ok","single shrub","Live",1.8,130,"noChange",,,,,,,,"inverted cone",2.4,10,0.50,0.30,,,,,,,,,,"0000-0002-7203-5072","0000-0003-0562-3007",
"6e913ea1-03e6-4918-b118-0660d0e69692","ABBY_070.basePlot.vst","2020-09-23","vst_ABBY_2020","D16","ABBY","ABBY_070","NEON.PLA.D16.ABBY.00955","12","ok","small tree","Live",2.0,130,"noChange",,,,,,,,,,,,,,,,,,,,,,"0000-0002-7203-5072","0000-0003-0562-3007",
"d8a13cef-1f6d-45c2-be2f-8ada886307a0","ABBY_070.basePlot.vst","2020-09-23","vst_ABBY_2020","D16","ABBY","ABBY_070","NEON.PLA.D16.ABBY.01004",,"ok","single bole tree","Live",18.9,130,"noChange",12.3,,,,5.1,3.6,"Partially shaded",,,,,,,,,,,,,,,"0000-0002-7203-5072","0000-0003-0562-3007",
"d1b96a7a-c69b-4447-a692-fc7e401fafe9","ABBY_061.basePlot.vst","2020-09-23","vst_ABBY_2020","D16","ABBY","ABBY_061","NEON.PLA.D16.ABBY.00898","1","ok","sapling","Live, physically damaged",,,"noChange",0.6,,,,,,"Partially shaded",,1.1,10,,,,,,,,,,,,"0000-0003-0562-3007","0000-0001-8510-4041",
"7b141082-9cc5-4325-b538-6002178c3d6d","ABBY_061.basePlot.vst","2020-09-23","vst_ABBY_2020","D16","ABBY","ABBY_061","NEON.PLA.D16.ABBY.00888","2","ok","small tree","Live",1.2,130,"noChange",,,,,,,,,,,,,,,,,,,,,,"0000-0003-0562-3007","0000-0001-8510-4041",
"e7b892f7-fb16-438c-acbb-acb1e8ff8160","ABBY_070.basePlot.vst","2020-09-23","vst_ABBY_2020","D16","ABBY","ABBY_070","NEON.PLA.D16.ABBY.00954","4","ok","small tree","Live",1.1,130,"noChange",,,,,,,,,,,,,,,,,,,,,,"0000-0002-7203-5072","0000-0003-0562-3007",
"a4a93329-a1cc-45ad-8b28-65310877306a","ABBY_061.basePlot.vst","2020-09-23","vst_ABBY_2020","D16","ABBY","ABBY_061","NEON.PLA.D16.ABBY.00935","1","ok","small tree","Live",1.7,130,"noChange",3.4,,,,2.1,1.7,"Partially shaded",,,,,,,,,,,,,,,"0000-0003-2593-761X","0000-0002-0205-7735",
"1baf68f6-2a51-4871-928e-5f2d071e008f","ABBY_070.basePlot.vst","2020-09-23","vst_ABBY_2020","D16","ABBY","ABBY_070","NEON.PLA.D16.ABBY.00667","1","ok","sapling","Live, physically damaged",,,"noChange",0.8,,,,,,"Partially shaded",,1.7,10,,,,,,,,,,,,"0000-0002-7203-5072","0000-0003-0562-3007",
"12c7204b-ea56-4d8f-b18a-f305a11bce77","ABBY_070.basePlot.vst","2020-09-23","vst_ABBY_2020","D16","ABBY","ABBY_070","NEON.PLA.D16.ABBY.00954","8","ok","small tree","Live",1.8,130,"noChange",,,,,,,,,,,,,,,,,,,,,,"0000-0002-7203-5072","0000-0003-0562-3007",
"8d304bf0-a262-4680-bb27-88b55b4badaa","ABBY_070.basePlot.vst","2020-09-24","vst_ABBY_2020","D16","ABBY","ABBY_070","NEON.PLA.D16.ABBY.01013",,"ok","single bole tree","Live",18.6,130,"noChange",11.6,,,,5.6,3.9,"Partially shaded",,,,,,,,,,,,,,,"0000-0002-2759-254X","0000-0001-9521-413X",
"86d34e50-a0a9-4106-a289-96a6f5ca9f3b","ABBY_070.basePlot.vst","2020-09-24","vst_ABBY_2020","D16","ABBY","ABBY_070","NEON.PLA.D16.ABBY.00743","1","ok","small tree","Live",7.8,135,"branchGrowth",5.8,,,,3.3,3.2,"Mostly shaded",,,,,,,,,,,,,,,"0000-0002-2759-254X","0000-0001-9521-413X",
"23134902-7389-4dd0-99ee-4b99545d2771","ABBY_070.basePlot.vst","2020-09-24","vst_ABBY_2020","D16","ABBY","ABBY_070","NEON.PLA.D16.ABBY.00968","4","ok","single shrub","Live",2.0,130,"noChange",,,,,,,,"inverted cone",3.2,10,1.10,1.00,,,,,,,,,,"0000-0002-2759-254X","0000-0001-9521-413X",
"fcafef90-6da0-4fce-bfd3-82ebadbe37fc","ABBY_070.basePlot.vst","2020-09-24","vst_ABBY_2020","D16","ABBY","ABBY_070","NEON.PLA.D16.ABBY.00731",,"ok","single bole tree","Live",14.9,130,"noChange",8.7,,,,3.8,3.4,"Partially shaded",,,,,,,,,,,,,,,"0000-0002-2759-254X","0000-0001-9521-413X",
"27305bde-7b95-4ed1-8a27-c2ed1f61de25","ABBY_070.basePlot.vst","2020-09-24","vst_ABBY_2020","D16","ABBY","ABBY_070","NEON.PLA.D16.ABBY.00963","1","ok","small shrub","Live, physically damaged",,,"noChange",2.2,,,,2.3,1.8,"Partially shaded","inverted cone",2.5,10,1.10,1.00,,,,,,,,,"Several stems were severed during a clearing event.","0000-0002-2759-254X","0000-0001-9521-413X",
"a77de684-3c87-470f-974a-a9479be5aef1","ABBY_070.basePlot.vst","2020-09-24","vst_ABBY_2020","D16","ABBY","ABBY_070","NEON.PLA.D16.ABBY.02868","1","ok","sapling","Live, physically damaged",,,"noChange",1.6,,,,,,"Partially shaded",,1.4,10,,,,,,,,,,,,"0000-0002-2759-254X","0000-0001-9521-413X",
"1603bb9d-db35-416b-92a4-8aa7740d9216","ABBY_070.basePlot.vst","2020-09-24","vst_ABBY_2020","D16","ABBY","ABBY_070","NEON.PLA.D16.ABBY.00734","1","ok","small tree","Live",2.9,130,"noChange",4.4,,,,2.0,1.5,"Mostly shaded",,,,,,,,,,,,,,,"0000-0002-2759-254X","0000-0001-9521-413X",
"149cadb5-508b-424c-99e0-2d993a924e80","ABBY_070.basePlot.vst","2020-09-24","vst_ABBY_2020","D16","ABBY","ABBY_070","NEON.PLA.D16.ABBY.00737","1","ok","small tree","Live",3.6,130,"noChange",4.0,,,,2.3,2.2,"Partially shaded",,,,,,,,,,,,,,,"0000-0002-2759-254X","0000-0001-9521-413X",
"93cd6959-5e3a-45af-95bb-d69e2308a470","ABBY_070.basePlot.vst","2020-09-24","vst_ABBY_2020","D16","ABBY","ABBY_070","NEON.PLA.D16.ABBY.02868","2","ok","sapling","Live, physically damaged",,,"noChange",,,,,,,,,1.5,10,,,,,,,,,,,,"0000-0002-2759-254X","0000-0001-9521-413X",
"2456ae96-242e-484c-a13a-a3f0c279db01","ABBY_070.basePlot.vst","2020-09-24","vst_ABBY_2020","D16","ABBY","ABBY_070","NEON.PLA.D16.ABBY.00967","1","ok",,"Lost, fate unknown",,,"noChange",,,,,,,,,,,,,,,,,,,,,,"0000-0002-2759-254X","0000-0001-9521-413X",
"f5a5ce82-081a-4001-8306-948786b66e67","ABBY_070.basePlot.vst","2020-09-24","vst_ABBY_2020","D16","ABBY","ABBY_070","NEON.PLA.D16.ABBY.01012",,"ok","single bole tree","Live",20.6,130,"noChange",11.5,,,,5.8,4.8,"Partially shaded",,,,,,,,,,,,,,,"0000-0002-2759-254X","0000-0001-9521-413X",
"588b9ee2-b0f6-4079-bc05-9a6780e5f024","ABBY_070.basePlot.vst","2020-09-24","vst_ABBY_2020","D16","ABBY","ABBY_070","NEON.PLA.D16.ABBY.02867","1","ok",,"Lost, fate unknown",,,"noChange",,,,,,,,,,,,,,,,,,,,,,"0000-0002-2759-254X","0000-0001-9521-413X",
"643d43d2-94ce-4111-ac64-aceba13e1f82","ABBY_070.basePlot.vst","2020-09-24","vst_ABBY_2020","D16","ABBY","ABBY_070","NEON.PLA.D16.ABBY.00970","2","ok",,"No longer qualifies",,,"noChange",,,,,,,,,,,,,,,,,,,,,,"0000-0002-2759-254X","0000-0001-9521-413X",
"02ab7b4a-e7be-42ca-8465-9c465d9865b2","ABBY_070.basePlot.vst","2020-09-24","vst_ABBY_2020","D16","ABBY","ABBY_070","NEON.PLA.D16.ABBY.02863",,"ok","single bole tree","Live",16.4,130,"noChange",10.1,,,,5.1,4.4,"Partially shaded",,,,,,,,,,,,,,,"0000-0002-2759-254X","0000-0001-9521-413X",
"2d7090ad-04ab-4dd3-84ac-a3bef87e26eb","ABBY_070.basePlot.vst","2020-09-24","vst_ABBY_2020","D16","ABBY","ABBY_070","NEON.PLA.D16.ABBY.00736",,"ok","single bole tree","Live",17.0,130,"noChange",11.8,,,,4.7,4.2,"Partially shaded",,,,,,,,,,,,,,,"0000-0002-2759-254X","0000-0001-9521-413X",
"606a4947-adb8-4d34-86c9-8d808a700dbc","ABBY_070.basePlot.vst","2020-09-24","vst_ABBY_2020","D16","ABBY","ABBY_070","NEON.PLA.D16.ABBY.00968","2","ok","single shrub","Live",1.0,130,"noChange",,,,,,,,"inverted cone",1.5,10,1.10,1.00,,,,,,,,,,"0000-0002-2759-254X","0000-0001-9521-413X",
"e6ab6304-d1d3-4420-9ea5-bd6471af932d","ABBY_063.basePlot.vst","2020-09-24","vst_ABBY_2020","D16","ABBY","ABBY_063","NEON.PLA.D16.ABBY.00450","1","ok","single bole tree","Live",11.3,135,"noChange",9.0,,,,4.2,3.8,"Partially shaded",,,,,,,,,,,,,,,"0000-0001-8510-4041","0000-0003-2593-761X",
"d90daa69-ac90-4d48-8996-4ea6daad1d2d","ABBY_070.basePlot.vst","2020-09-24","vst_ABBY_2020","D16","ABBY","ABBY_070","NEON.PLA.D16.ABBY.00741",,"ok","single bole tree","Live",12.9,130,"noChange",9.3,,,,3.9,3.1,"Partially shaded",,,,,,,,,,,,,,,"0000-0002-2759-254X","0000-0001-9521-413X",
"8df1e641-48ca-41f2-918a-18136e821bb8","ABBY_070.basePlot.vst","2020-09-24","vst_ABBY_2020","D16","ABBY","ABBY_070","NEON.PLA.D16.ABBY.01011",,"ok","single bole tree","Live",18.1,130,"noChange",11.3,,,,5.0,4.6,"Partially shaded",,,,,,,,,,,,,,,"0000-0002-2759-254X","0000-0001-9521-413X",
"ac535332-f304-46cb-9613-306a1db63e58","ABBY_070.basePlot.vst","2020-09-24","vst_ABBY_2020","D16","ABBY","ABBY_070","NEON.PLA.D16.ABBY.00965","1","ok",,"Lost, fate unknown",,,"noChange",,,,,,,,,,,,,,,,,,,,,,"0000-0002-2759-254X","0000-0001-9521-413X",
"6e1e05c5-877b-4e23-801a-3c1ebd44b3ab","ABBY_070.basePlot.vst","2020-09-24","vst_ABBY_2020","D16","ABBY","ABBY_070","NEON.PLA.D16.ABBY.00968","3","ok","single shrub","Live",2.6,130,"noChange",,,,,,,,"inverted cone",3.1,10,1.10,1.00,,,,,,,,,,"0000-0002-2759-254X","0000-0001-9521-413X",
"fd10b556-f8d7-4c1d-9d5d-9166d92f57e5","ABBY_070.basePlot.vst","2020-09-24","vst_ABBY_2020","D16","ABBY","ABBY_070","NEON.PLA.D16.ABBY.00732",,"ok","single bole tree","Live",15.9,130,"noChange",11.2,,,,4.6,3.7,"Partially shaded",,,,,,,,,,,,,,,"0000-0002-2759-254X","0000-0001-9521-413X",
"5d34fc10-7d48-4d70-b7dc-1a8c1fcb2eb7","ABBY_070.basePlot.vst","2020-09-24","vst_ABBY_2020","D16","ABBY","ABBY_070","NEON.PLA.D16.ABBY.02862",,"ok","single bole tree","Live",14.6,130,"noChange",9.7,,,,4.7,4.0,"Partially shaded",,,,,,,,,,,,,,,"0000-0002-2759-254X","0000-0001-9521-413X",
"5ebb8ccc-f2ca-4064-b7f8-a402a6242184","ABBY_063.basePlot.vst","2020-09-24","vst_ABBY_2020","D16","ABBY","ABBY_063","NEON.PLA.D16.ABBY.00447","1","ok","single bole tree","Live",14.0,130,"noChange",10.3,,,,3.8,3.2,"Partially shaded",,,,,,,,,,,,,,,"0000-0001-8510-4041","0000-0003-2593-761X",
"c84e1dc9-6c24-4b5e-a557-175e0aea09f2","ABBY_070.basePlot.vst","2020-09-24","vst_ABBY_2020","D16","ABBY","ABBY_070","NEON.PLA.D16.ABBY.01674",,"ok","single bole tree","Live",13.9,130,"noChange",10.8,,,,4.4,3.9,"Partially shaded",,,,,,,,,,,,,,,"0000-0002-2759-254X","0000-0001-9521-413X",
"cdfa4a7a-0b08-44b6-86bc-82ef03046e01","ABBY_070.basePlot.vst","2020-09-24","vst_ABBY_2020","D16","ABBY","ABBY_070","NEON.PLA.D16.ABBY.00962","1","ok","small tree","Live",1.6,130,"noChange",3.3,,,,1.8,1.6,"Mostly shaded",,,,,,,,,,,,,,,"0000-0002-2759-254X","0000-0001-9521-413X",
"2e63df4b-26fb-4884-9a39-4ee98b07df28","ABBY_070.basePlot.vst","2020-09-24","vst_ABBY_2020","D16","ABBY","ABBY_070","NEON.PLA.D16.ABBY.00966","1","ok",,"Lost, fate unknown",,,"noChange",,,,,,,,,,,,,,,,,,,,,,"0000-0002-2759-254X","0000-0001-9521-413X",
"9b832b2d-ade4-4967-9613-6efe73d47f1a","ABBY_070.basePlot.vst","2020-09-24","vst_ABBY_2020","D16","ABBY","ABBY_070","NEON.PLA.D16.ABBY.00964","1","ok","small tree","Live",1.8,130,"noChange",3.4,,,,1.2,1.1,"Mostly shaded",,,,,,,,,,,,,,,"0000-0002-2759-254X","0000-0001-9521-413X",
"60f51009-7242-4b91-9814-beea984f47ec","ABBY_070.basePlot.vst","2020-09-24","vst_ABBY_2020","D16","ABBY","ABBY_070","NEON.PLA.D16.ABBY.00748",,"ok","single bole tree","Live",12.7,130,"noChange",9.0,,,,4.2,4.1,"Partially shaded",,,,,,,,,,,,,,,"0000-0002-2759-254X","0000-0001-9521-413X",
"0aa523a6-9c16-449a-b670-983c7102f7b4","ABBY_063.basePlot.vst","2020-09-24","vst_ABBY_2020","D16","ABBY","ABBY_063","NEON.PLA.D16.ABBY.00446","1","ok","single bole tree","Live",16.3,138,"noChange",10.6,,,,5.0,4.6,"Partially shaded",,,,,,,,,,,,,,,"0000-0001-8510-4041","0000-0003-2593-761X",
"f2d81511-0df9-451c-8b5e-b89b3c878125","ABBY_070.basePlot.vst","2020-09-24","vst_ABBY_2020","D16","ABBY","ABBY_070","NEON.PLA.D16.ABBY.00733",,"ok","single bole tree","Live",17.4,130,"noChange",10.2,,,,5.4,5.0,"Partially shaded",,,,,,,,,,,,,,,"0000-0002-2759-254X","0000-0001-9521-413X",
"702333b4-3bd3-4de5-a60f-d4c44d1d2aac","ABBY_070.basePlot.vst","2020-09-24","vst_ABBY_2020","D16","ABBY","ABBY_070","NEON.PLA.D16.ABBY.09087",,"ok","single bole tree","Live",12.2,130,"noChange",10.1,,,,4.0,3.5,"Partially shaded",,,,,,,,,,,,,,,"0000-0002-2759-254X","0000-0001-9521-413X",
"63938f69-1755-4833-8bf6-56a1f5578f83","ABBY_070.basePlot.vst","2020-09-24","vst_ABBY_2020","D16","ABBY","ABBY_070","NEON.PLA.D16.ABBY.00737","1","ok","single shrub","Live",1.5,130,"noChange",3.3,0.8,,,3.0,2.9,"Mostly shaded","ellipsoid or sphere",2.8,10,,,,,,,,,,,,"0000-0002-2759-254X","0000-0001-9521-413X",
"14be5cd8-2c94-414a-bc25-35e2f003938d","ABBY_070.basePlot.vst","2020-09-24","vst_ABBY_2020","D16","ABBY","ABBY_070","NEON.PLA.D16.ABBY.02865",,"ok","single bole tree","Live",14.7,130,"noChange",9.9,,,,4.9,4.8,"Partially shaded",,,,,,,,,,,,,,,"0000-0002-2759-254X","0000-0001-9521-413X",
"11c251b0-5cc9-4e6b-a7f1-ef84763efeae","ABBY_070.basePlot.vst","2020-09-24","vst_ABBY_2020","D16","ABBY","ABBY_070","NEON.PLA.D16.ABBY.02864",,"ok","single bole tree","Live",17.1,135,"noChange",10.1,,,,4.5,3.7,"Partially shaded",,,,,,,,,,,,,,,"0000-0002-2759-254X","0000-0001-9521-413X",
"4a67b3b9-f327-4fdb-9f28-282e4d53cd52","ABBY_070.basePlot.vst","2020-09-24","vst_ABBY_2020","D16","ABBY","ABBY_070","NEON.PLA.D16.ABBY.09088","1","ok","sapling","Live",,,"noChange",1.4,,,,,,"Partially shaded",,1.3,10,,,,,,,,,,,,"0000-0002-2759-254X","0000-0001-9521-413X",
"3b778ab3-b79f-42c2-8d3d-645a2870d3b3","ABBY_070.basePlot.vst","2020-09-24","vst_ABBY_2020","D16","ABBY","ABBY_070","NEON.PLA.D16.ABBY.01008",,"ok","single bole tree","Live",17.2,130,"noChange",9.5,,,,5.1,4.8,"Partially shaded",,,,,,,,,,,,,,,"0000-0002-2759-254X","0000-0001-9521-413X",
"0cc13822-23bc-4a8f-89fa-3d5d8f024911","ABBY_070.basePlot.vst","2020-09-24","vst_ABBY_2020","D16","ABBY","ABBY_070","NEON.PLA.D16.ABBY.02544",,"ok","single bole tree","Live",13.5,130,"noChange",9.7,,,,4.5,4.1,"Partially shaded",,,,,,,,,,,,,,,"0000-0002-2759-254X","0000-0001-9521-413X",
"f40d43c8-d60c-4052-b15a-017797a99320","ABBY_070.basePlot.vst","2020-09-24","vst_ABBY_2020","D16","ABBY","ABBY_070","NEON.PLA.D16.ABBY.00969","1","ok","sapling","Live",,,"noChange",1.8,,,,,,"Partially shaded",,1.9,10,,,,,,,,,,,,"0000-0002-2759-254X","0000-0001-9521-413X",
"9385d4c1-e9ff-49b5-b3b0-5a993f1836d7","ABBY_070.basePlot.vst","2020-09-24","vst_ABBY_2020","D16","ABBY","ABBY_070","NEON.PLA.D16.ABBY.00740",,"ok","single bole tree","Live",20.0,130,"noChange",11.0,,,,5.2,4.8,"Partially shaded",,,,,,,,,,,,,,,"0000-0002-2759-254X","0000-0001-9521-413X",
"69190d6a-ebb4-4859-b82e-171c874d075a","ABBY_070.basePlot.vst","2020-09-24","vst_ABBY_2020","D16","ABBY","ABBY_070","NEON.PLA.D16.ABBY.00735",,"ok","single bole tree","Live",12.6,130,"noChange",9.3,,,,3.1,2.9,"Partially shaded",,,,,,,,,,,,,,,"0000-0002-2759-254X","0000-0001-9521-413X",
"582e1235-b9cc-4ce1-918a-fcd0bb2f3de3","ABBY_070.basePlot.vst","2020-09-24","vst_ABBY_2020","D16","ABBY","ABBY_070","NEON.PLA.D16.ABBY.09089","1","ok","sapling","Live",,,"noChange",1.8,,,,,,"Mostly shaded",,1.4,10,,,,,,,,,,,,"0000-0002-2759-254X","0000-0001-9521-413X",
"420ceaca-1be6-48a0-86f7-e098ba1026df","ABBY_070.basePlot.vst","2020-09-24","vst_ABBY_2020","D16","ABBY","ABBY_070","NEON.PLA.D16.ABBY.00968","1","ok","single shrub","Live",1.7,130,"noChange",5.5,,,,3.7,2.5,"Partially shaded","inverted cone",3.3,10,1.10,1.00,,,,,,,,,,"0000-0002-2759-254X","0000-0001-9521-413X",
"12535442-f6f6-4862-ab45-251aeb887cfa","ABBY_070.basePlot.vst","2020-09-24","vst_ABBY_2020","D16","ABBY","ABBY_070","NEON.PLA.D16.ABBY.00738",,"ok","single bole tree","Live",17.8,130,"noChange",10.6,,,,5.4,4.5,"Partially shaded",,,,,,,,,,,,,,,"0000-0002-2759-254X","0000-0001-9521-413X",
"8a42a803-5166-4450-aac6-aabe805d94a4","ABBY_070.basePlot.vst","2020-09-24","vst_ABBY_2020","D16","ABBY","ABBY_070","NEON.PLA.D16.ABBY.00742",,"ok","single bole tree","Live",15.8,130,"noChange",9.9,,,,4.1,4.0,"Partially shaded",,,,,,,,,,,,,,,"0000-0002-2759-254X","0000-0001-9521-413X",
"3b9fd28f-17f7-4535-b42f-0a927a07569d","ABBY_070.basePlot.vst","2020-09-24","vst_ABBY_2020","D16","ABBY","ABBY_070","NEON.PLA.D16.ABBY.00730","1","ok","single bole tree","Standing dead",140.2,130,"noChange",6.9,,,,1.4,1.4,"Partially shaded",,,,,,,,,,,,,,,"0000-0002-2759-254X","0000-0001-9521-413X",
"c928dd21-0045-40a7-91d0-36f677394e5c","ABBY_070.basePlot.vst","2020-09-24","vst_ABBY_2020","D16","ABBY","ABBY_070","NEON.PLA.D16.ABBY.02861",,"ok","single bole tree","Live",16.7,140,"noChange",12.1,,,,4.6,4.1,"Partially shaded",,,,,,,,,,,,,,,"0000-0002-2759-254X","0000-0001-9521-413X",
"487b8786-16a8-4040-b639-f6938c43f82d","ABBY_070.basePlot.vst","2020-09-24","vst_ABBY_2020","D16","ABBY","ABBY_070","NEON.PLA.D16.ABBY.00747",,"ok","single bole tree","Live",13.4,130,"noChange",9.1,,,,4.2,4.2,"Partially shaded",,,,,,,,,,,,,,,"0000-0002-2759-254X","0000-0001-9521-413X",
"b08f5ad7-3b95-463f-9218-a53174c0bd84","ABBY_070.basePlot.vst","2020-09-24","vst_ABBY_2020","D16","ABBY","ABBY_070","NEON.PLA.D16.ABBY.02860",,"ok","single bole tree","Live",16.8,130,"noChange",10.1,,,,4.6,4.2,"Partially shaded",,,,,,,,,,,,,,,"0000-0002-2759-254X","0000-0001-9521-413X",
"800ed8a6-64c8-449e-9480-c98eec0edf84","ABBY_070.basePlot.vst","2020-09-24","vst_ABBY_2020","D16","ABBY","ABBY_070","NEON.PLA.D16.ABBY.01010",,"ok","single bole tree","Live",16.4,130,"noChange",10.3,,,,4.2,3.9,"Partially shaded",,,,,,,,,,,,,,,"0000-0002-2759-254X","0000-0001-9521-413X",
"e6e54cba-5506-4e3b-995a-ac41f0b15cc2","ABBY_070.basePlot.vst","2020-09-24","vst_ABBY_2020","D16","ABBY","ABBY_070","NEON.PLA.D16.ABBY.02866","1","ok","small tree","Live",1.0,130,"noChange",2.4,,,,0.7,0.4,"Partially shaded",,,,,,,,,,,,,,"Located in nested subplot 21.4. Not located in nested subplot 21.1.","0000-0002-2759-254X","0000-0001-9521-413X",
"08d9a4a2-52b3-48df-b4e0-b083e3d43410","ABBY_070.basePlot.vst","2020-09-24","vst_ABBY_2020","D16","ABBY","ABBY_070","NEON.PLA.D16.ABBY.00745","1","ok","single bole tree","Live",12.3,130,"noChange",8.8,,,,4.6,4.1,"Partially shaded",,,,,,,,,,,,,,"fix MT to read ABBY and update this record with corrected tagID select. 20201104 TZ.","0000-0002-2759-254X","0000-0001-9521-413X",
"f0940f87-4508-4ae7-9807-b2c2b3dc5c6c","ABBY_062.basePlot.vst","2020-09-25","vst_ABBY_2020","D16","ABBY","ABBY_062","NEON.PLA.D16.ABBY.00765","1","ok",,"Lost, fate unknown",,,"noChange",,,,,,,,,,,,,,,,,,,,,,"0000-0002-0205-7735","0000-0003-0562-3007",
"054a3628-f7f1-4c0d-827b-788545aa7e50","ABBY_062.basePlot.vst","2020-09-25","vst_ABBY_2020","D16","ABBY","ABBY_062","NEON.PLA.D16.ABBY.00273","1","ok","small shrub","Live",,,"noChange",2.6,,,,1.1,1.0,"Mostly shaded","cylinder",1.7,10,,,,,,,,,,,,"0000-0002-4816-2610","0000-0003-2593-761X",
"7aa5c773-5a60-4782-b26d-13684596780c","ABBY_062.basePlot.vst","2020-09-25","vst_ABBY_2020","D16","ABBY","ABBY_062","NEON.PLA.D16.ABBY.00906","2","ok","small shrub","Live",,,"noChange",,0.6,,,,,,"ellipsoid or sphere",1.1,10,,,,,,,,,,,,"0000-0002-0205-7735","0000-0003-0562-3007",
"55b49999-353c-4654-9e24-490dc7f2c90f","ABBY_062.basePlot.vst","2020-09-25","vst_ABBY_2020","D16","ABBY","ABBY_062","NEON.PLA.D16.ABBY.00277","2","ok","small tree","Live",4.1,130,"noChange",,,,,,,,,,,,,,,,,,,,,,"0000-0002-4816-2610","0000-0003-2593-761X",
"f5800d8a-0b75-44ff-90f9-87078aa0dacc","ABBY_062.basePlot.vst","2020-09-25","vst_ABBY_2020","D16","ABBY","ABBY_062","NEON.PLA.D16.ABBY.03083","1","ok","single shrub","Live",1.2,130,"noChange",3.3,2.3,,,1.2,1.1,"Full shade","ellipsoid or sphere",1.6,10,,,,,,,,,,,,"0000-0002-0205-7735","0000-0003-0562-3007",
"07539b17-d1f0-4660-8a1b-6335b8343b4e","ABBY_073.basePlot.vst","2020-09-25","vst_ABBY_2020","D16","ABBY","ABBY_073","NEON.PLA.D16.ABBY.02759","1","ok","sapling","Live",,,"noChange",1.4,,,,,,"Partially shaded",,1.9,10,,,,,,,,,,,,"0000-0001-9713-5304","0000-0002-7203-5072",
"9405d4e6-e0bc-4d9a-8940-ca160c1244f9","ABBY_062.basePlot.vst","2020-09-25","vst_ABBY_2020","D16","ABBY","ABBY_062","NEON.PLA.D16.ABBY.00878","1","ok","small tree","Live",1.1,130,"noChange",1.7,,,,2.5,0.7,"Mostly shaded",,,,,,,,,,,,,,,"0000-0002-4816-2610","0000-0003-2593-761X",
"952adb2c-c8ad-4894-86dd-31c65e8675f8","ABBY_062.basePlot.vst","2020-09-25","vst_ABBY_2020","D16","ABBY","ABBY_062","NEON.PLA.D16.ABBY.00777","1","ok","small shrub","Standing dead",,,"noChange",1.1,,,,0.5,0.3,"Mostly shaded","cylinder",2.0,10,,,,,,,,,,,,"0000-0002-4816-2610","0000-0003-2593-761X",
"a49ced95-fd54-4aef-a4f6-a823dd72927c","ABBY_062.basePlot.vst","2020-09-25","vst_ABBY_2020","D16","ABBY","ABBY_062","NEON.PLA.D16.ABBY.03166","1","ok","small shrub","Live",,,"noChange",1.0,0.4,,,0.7,0.6,"Partially shaded","ellipsoid or sphere",1.3,10,,,,,,,,,,,,"0000-0002-0205-7735","0000-0003-0562-3007",
"c036b22b-1cd6-47a8-ad97-77f8326305e2","ABBY_062.basePlot.vst","2020-09-25","vst_ABBY_2020","D16","ABBY","ABBY_062","NEON.PLA.D16.ABBY.03173","1","ok","single bole tree","Live",12.9,130,"noChange",9.0,,,,4.1,3.8,"Partially shaded",,,,,,,,,,,,,,,"0000-0002-0205-7735","0000-0003-0562-3007",
"f34b68f6-2575-48ac-8d1b-d7bc58c49b72","ABBY_073.basePlot.vst","2020-09-25","vst_ABBY_2020","D16","ABBY","ABBY_073","NEON.PLA.D16.ABBY.00052","1","ok","sapling","Live, physically damaged",,,"noChange",1.1,,,,,,"Mostly shaded",,1.6,10,,,,,,,,,,,,"0000-0001-9521-413X","0000-0002-2759-254X",
"a5999d14-113a-4d17-aca3-af8e0b85ce19","ABBY_073.basePlot.vst","2020-09-25","vst_ABBY_2020","D16","ABBY","ABBY_073","NEON.PLA.D16.ABBY.03589","1","ok","single bole tree","Live",14.1,130,"noChange",10.5,,,,4.7,3.9,"Partially shaded",,,,,,,,,,,,,,,"0000-0001-9713-5304","0000-0002-7203-5072",
"c00dd54f-43e6-4a05-91fb-e99ef00a3009","ABBY_062.basePlot.vst","2020-09-25","vst_ABBY_2020","D16","ABBY","ABBY_062","NEON.PLA.D16.ABBY.00887","1","ok","sapling","Live",,,"noChange",1.4,,,,,,"Partially shaded",,1.7,10,,,,,,,,,,,,"0000-0002-4816-2610","0000-0003-2593-761X",
"3fa22521-464b-42d9-8bf2-b6d15fa45b21","ABBY_062.basePlot.vst","2020-09-25","vst_ABBY_2020","D16","ABBY","ABBY_062","NEON.PLA.D16.ABBY.00769","1","ok","small tree","Live",3.2,140,"noChange",4.6,,,,2.2,1.3,"Partially shaded",,,,,,,,,,,,,,,"0000-0002-0205-7735","0000-0003-0562-3007",
"7d05ee9c-05d4-4d95-9a8b-5456651c1962","ABBY_062.basePlot.vst","2020-09-25","vst_ABBY_2020","D16","ABBY","ABBY_062","NEON.PLA.D16.ABBY.03384","1","ok","single bole tree","Live",13.3,130,"noChange",9.2,,,,4.6,4.4,"Partially shaded",,,,,,,,,,,,,,,"0000-0002-4816-2610","0000-0003-2593-761X",
"3920aebd-0b94-4373-9375-c1f34c6a9f8c","ABBY_062.basePlot.vst","2020-09-25","vst_ABBY_2020","D16","ABBY","ABBY_062","NEON.PLA.D16.ABBY.07190","1","ok","single bole tree","Live",13.2,130,"noChange",7.4,,,,4.1,3.9,"Partially shaded",,,,,,,,,,,,,,,"0000-0002-4816-2610","0000-0003-2593-761X",
"edf4e40f-957c-4358-89ee-f8daeb9c2f87","ABBY_073.basePlot.vst","2020-09-25","vst_ABBY_2020","D16","ABBY","ABBY_073","NEON.PLA.D16.ABBY.09083","1","ok","single bole tree","Live",10.8,130,"noChange",8.9,,,,4.0,3.7,"Partially shaded",,,,,,,,,,,,,,,"0000-0001-9521-413X","0000-0002-2759-254X",
"1cd0e254-347a-41a9-bace-0ec1aa76331c","ABBY_062.basePlot.vst","2020-09-25","vst_ABBY_2020","D16","ABBY","ABBY_062","NEON.PLA.D16.ABBY.03168","1","ok","sapling","Live",,,"noChange",1.3,,,,,,"Partially shaded",,2.2,10,,,,,,,,,,,,"0000-0002-0205-7735","0000-0003-0562-3007",
"37438834-38de-484f-b6de-bb62b7440f90","ABBY_062.basePlot.vst","2020-09-25","vst_ABBY_2020","D16","ABBY","ABBY_062","NEON.PLA.D16.ABBY.00281","1","ok","single bole tree","Live",16.4,135,"protocolChange",10.8,,,,5.2,4.9,"Partially shaded",,,,,,,,,,,,,,"Moved stem diameter measurement height from 123. 135 to avoid captive tag","0000-0002-4816-2610","0000-0003-2593-761X",
"3f02f529-b7bb-4c8e-acb6-e214563e62b2","ABBY_062.basePlot.vst","2020-09-25","vst_ABBY_2020","D16","ABBY","ABBY_062","NEON.PLA.D16.ABBY.00906","1","ok","small shrub","Live",,,"noChange",1.6,0.6,,,1.7,1.4,"Mostly shaded","ellipsoid or sphere",1.6,10,,,,,,,,,,,,"0000-0002-0205-7735","0000-0003-0562-3007",
"0c27c9ab-3b43-4be1-8d16-9f90e84f1207","ABBY_062.basePlot.vst","2020-09-25","vst_ABBY_2020","D16","ABBY","ABBY_062","NEON.PLA.D16.ABBY.07389",,"ok","single bole tree","Live",10.7,140,"noChange",8.2,,,,3.6,3.6,"Partially shaded",,,,,,,,,,,,,,,"0000-0002-4816-2610","0000-0003-2593-761X",
"8354e612-1987-40eb-aeaf-91b9b6b3d39c","ABBY_062.basePlot.vst","2020-09-25","vst_ABBY_2020","D16","ABBY","ABBY_062","NEON.PLA.D16.ABBY.03174","1","ok","single bole tree","Live",13.2,140,"noChange",9.4,,,,4.5,4.0,"Partially shaded",,,,,,,,,,,,,,,"0000-0002-0205-7735","0000-0003-0562-3007",
"6b58d186-0352-4030-9f58-d7e1c6a75cd6","ABBY_073.basePlot.vst","2020-09-25","vst_ABBY_2020","D16","ABBY","ABBY_073","NEON.PLA.D16.ABBY.00028","1","ok","single bole tree","Live",70.9,130,"noChange",47.7,,,,9.2,9.1,"Full sun",,,,,,,,,,,,,,,"0000-0001-9713-5304","0000-0002-7203-5072",
"5ad29e16-c659-47a9-9b7b-a747da6451e4","ABBY_062.basePlot.vst","2020-09-25","vst_ABBY_2020","D16","ABBY","ABBY_062","NEON.PLA.D16.ABBY.00882","1","ok","small tree","Live",2.3,130,"noChange",3.9,,,,2.5,2.4,"Mostly shaded",,,,,,,,,,,,,,,"0000-0002-4816-2610","0000-0003-2593-761X",
"89652b3f-c75c-44ad-b18b-49501dc37dc5","ABBY_062.basePlot.vst","2020-09-25","vst_ABBY_2020","D16","ABBY","ABBY_062","NEON.PLA.D16.ABBY.00795","1","ok","small tree","Live",2.5,130,"noChange",4.6,,,,1.7,1.6,"Mostly shaded",,,,,,,,,,,,,,,"0000-0002-4816-2610","0000-0003-2593-761X",
"97f2ec23-ce48-4eb9-82dd-22dce0705fab","ABBY_073.basePlot.vst","2020-09-25","vst_ABBY_2020","D16","ABBY","ABBY_073","NEON.PLA.D16.ABBY.00043","1","ok","small tree","Live",8.1,130,"noChange",6.4,,,,2.9,2.9,,,,,,,,,,,,,,,,"0000-0001-9521-413X","0000-0002-2759-254X",
"3e213177-c36b-40ce-a53e-d78a81037270","ABBY_073.basePlot.vst","2020-09-25","vst_ABBY_2020","D16","ABBY","ABBY_073","NEON.PLA.D16.ABBY.00026A","1","ok","multi-bole tree","Dead, broken bole",68.4,130,"noChange",12.0,,9.7,44.0,7.3,5.5,"Full sun",,,,,,,,,,,,,,,"0000-0001-9713-5304","0000-0002-7203-5072",
"ca4e490c-f3ef-4670-afab-af43d1d06bdd","ABBY_062.basePlot.vst","2020-09-25","vst_ABBY_2020","D16","ABBY","ABBY_062","NEON.PLA.D16.ABBY.03385","1","ok","single bole tree","Live",12.5,135,"protocolChange",9.4,,,,4.5,4.3,"Partially shaded",,,,,,,,,,,,,,"Moved stem diameter measurement from 125. 135 due to branch growth","0000-0002-4816-2610","0000-0003-2593-761X",
"87c36817-8b4b-4196-8fcd-f4e5a28e48d8","ABBY_062.basePlot.vst","2020-09-25","vst_ABBY_2020","D16","ABBY","ABBY_062","NEON.PLA.D16.ABBY.00798","1","ok","sapling","Live, physically damaged",,,"noChange",1.5,,,,,,"Partially shaded",,3.0,10,,,,,,,,,,,,"0000-0002-0205-7735","0000-0003-0562-3007",
"9e0ced28-ce03-48a4-81ea-a7d8092d728d","ABBY_062.basePlot.vst","2020-09-25","vst_ABBY_2020","D16","ABBY","ABBY_062","NEON.PLA.D16.ABBY.03618","1","ok","small shrub","Live",,,"noChange",1.1,,,,0.9,0.6,"Mostly shaded","inverted cone",1.0,10,0.05,0.05,,,,,,,,,,"0000-0002-0205-7735","0000-0003-0562-3007",
"3f421f11-5e99-4ab2-801f-c90d1b769002","ABBY_062.basePlot.vst","2020-09-25","vst_ABBY_2020","D16","ABBY","ABBY_062","NEON.PLA.D16.ABBY.03383","1","ok","single bole tree","Live",13.4,130,"noChange",9.0,,,,4.7,4.5,"Partially shaded",,,,,,,,,,,,,,,"0000-0002-4816-2610","0000-0003-2593-761X",
"7f883b5a-877b-4698-a687-1ad833e748a6","ABBY_062.basePlot.vst","2020-09-25","vst_ABBY_2020","D16","ABBY","ABBY_062","NEON.PLA.D16.ABBY.03164","1","ok","small shrub","Live",,,"noChange",0.7,,,,0.8,0.5,"Partially shaded","half-sphere",1.0,10,,,,,,,,,,,,"0000-0002-0205-7735","0000-0003-0562-3007",
"95665812-570e-49f1-aa29-9a2eec5624f7","ABBY_062.basePlot.vst","2020-09-25","vst_ABBY_2020","D16","ABBY","ABBY_062","NEON.PLA.D16.ABBY.00280","1","ok","single bole tree","Live",18.2,135,"protocolChange",11.4,,,,5.0,4.9,"Partially shaded",,,,,,,,,,,,,,"Changed stem diameter measurement height from 125","0000-0002-4816-2610","0000-0003-2593-761X",
"36399e35-bee0-467f-a95a-2f072121b923","ABBY_062.basePlot.vst","2020-09-25","vst_ABBY_2020","D16","ABBY","ABBY_062","NEON.PLA.D16.ABBY.00764","1","ok","small tree","Live",2.2,130,"noChange",4.6,,,,1.4,1.3,"Mostly shaded",,,,,,,,,,,,,,,"0000-0002-0205-7735","0000-0003-0562-3007",
"798ee4eb-ea35-43b9-8aa8-138abaf1b3a1","ABBY_073.basePlot.vst","2020-09-25","vst_ABBY_2020","D16","ABBY","ABBY_073","NEON.PLA.D16.ABBY.00178","1","ok","small tree","No longer qualifies",,,"noChange",,,,,,,,,,,,,,,,,,,,,,"0000-0001-9521-413X","0000-0002-2759-254X",
"aaea9042-93c0-4b8e-ad64-ae3e31dfba7a","ABBY_062.basePlot.vst","2020-09-25","vst_ABBY_2020","D16","ABBY","ABBY_062","NEON.PLA.D16.ABBY.01785","1","ok","single bole tree","Live",14.1,130,"noChange",9.7,,,,4.8,4.5,"Partially shaded",,,,,,,,,,,,,,,"0000-0002-4816-2610","0000-0003-2593-761X",
"316d1152-3d79-4603-832a-8d5baf5cc1c2","ABBY_073.basePlot.vst","2020-09-25","vst_ABBY_2020","D16","ABBY","ABBY_073","NEON.PLA.D16.ABBY.03096","1","ok","single bole tree","Live",13.7,135,"noChange",8.9,,,,3.8,3.7,"Partially shaded",,,,,,,,,,,,,,,"0000-0001-9521-413X","0000-0002-2759-254X",
"2e2a22b3-7216-425d-9ef4-b52f69e96963","ABBY_073.basePlot.vst","2020-09-25","vst_ABBY_2020","D16","ABBY","ABBY_073","NEON.PLA.D16.ABBY.03584","1","ok","sapling","Live",,,"noChange",0.5,,,,,,"Mostly shaded",,1.4,10,,,,,,,,,,,,"0000-0001-9713-5304","0000-0002-7203-5072",
"57f29fd9-4dbc-49a2-889b-052590ebb849","ABBY_073.basePlot.vst","2020-09-25","vst_ABBY_2020","D16","ABBY","ABBY_073","NEON.PLA.D16.ABBY.04699","1","ok","sapling","Live",,,"noChange",1.7,,,,,,"Mostly shaded",,1.5,10,,,,,,,,,,,,"0000-0001-9713-5304","0000-0002-7203-5072",
"e22f9afd-8007-4dc0-8211-1c0268a27e3e","ABBY_073.basePlot.vst","2020-09-25","vst_ABBY_2020","D16","ABBY","ABBY_073","NEON.PLA.D16.ABBY.00031","1","ok","small shrub","Live, physically damaged",,,"noChange",1.4,,,,0.6,0.6,"Partially shaded","inverted cone",2.6,10,0.30,0.30,,,,,,,,,"height above 130 cm broken off. still qualifies as sms.","0000-0001-9713-5304","0000-0002-7203-5072",
"208d34c1-14ab-4579-bfb3-883140ebd80c","ABBY_062.basePlot.vst","2020-09-25","vst_ABBY_2020","D16","ABBY","ABBY_062","NEON.PLA.D16.ABBY.00284",,"ok","single bole tree","Live",17.2,130,"noChange",11.2,,,,4.4,4.2,"Partially shaded",,,,,,,,,,,,,,,"0000-0002-4816-2610","0000-0003-2593-761X",
"b1b7943c-e7ac-4a10-b70f-bd70efe7b149","ABBY_073.basePlot.vst","2020-09-25","vst_ABBY_2020","D16","ABBY","ABBY_073","NEON.PLA.D16.ABBY.00039","1","ok","single bole tree","Live",14.7,130,"noChange",10.1,,,,4.2,4.2,"Partially shaded",,,,,,,,,,,,,,,"0000-0001-9521-413X","0000-0002-2759-254X",
"19397f93-e08c-4237-be08-abd9d9e293d4","ABBY_073.basePlot.vst","2020-09-25","vst_ABBY_2020","D16","ABBY","ABBY_073","NEON.PLA.D16.ABBY.03588","1","ok","single bole tree","Live",12.1,130,"noChange",8.2,,,,3.8,3.3,"Partially shaded",,,,,,,,,,,,,,,"0000-0001-9713-5304","0000-0002-7203-5072",
"b48ed8a6-f2a9-43bf-b522-3ff151955790","ABBY_062.basePlot.vst","2020-09-25","vst_ABBY_2020","D16","ABBY","ABBY_062","NEON.PLA.D16.ABBY.03608","1","ok","single bole tree","Live",11.6,130,"noChange",9.6,,,,3.9,3.5,"Partially shaded",,,,,,,,,,,,,,,"0000-0002-0205-7735","0000-0003-0562-3007",
"16c602fd-675e-43e0-9f78-106eccdb3a64","ABBY_073.basePlot.vst","2020-09-25","vst_ABBY_2020","D16","ABBY","ABBY_073","NEON.PLA.D16.ABBY.00029","1","ok","single bole tree","Dead, broken bole",40.0,130,"noChange",2.2,,2.2,21.1,,,"Partially shaded",,,,,,,,,,,,,,,"0000-0001-9713-5304","0000-0002-7203-5072",
"29362ffa-cd58-4bcb-99da-4b4a14d35fc7","ABBY_073.basePlot.vst","2020-09-25","vst_ABBY_2020","D16","ABBY","ABBY_073","NEON.PLA.D16.ABBY.02845","1","ok","single bole tree","Live",12.8,138,"noChange",9.5,,,,4.1,4.0,"Partially shaded",,,,,,,,,,,,,,,"0000-0001-9521-413X","0000-0002-2759-254X",
"c63a3158-c02e-41af-bc46-9452a0fccf9d","ABBY_073.basePlot.vst","2020-09-25","vst_ABBY_2020","D16","ABBY","ABBY_073","NEON.PLA.D16.ABBY.01828","1","ok","small shrub","Live",,,"noChange",0.5,0.3,,,0.5,0.3,"Partially shaded","ellipsoid or sphere",1.2,10,,,,,,,,,,,,"0000-0001-9713-5304","0000-0002-7203-5072",
"ace377c9-314c-4328-b7e5-7bc6af85bcf4","ABBY_073.basePlot.vst","2020-09-25","vst_ABBY_2020","D16","ABBY","ABBY_073","NEON.PLA.D16.ABBY.01826","1","ok","sapling","Live",,,"noChange",1.1,,,,,,"Partially shaded",,1.3,10,,,,,,,,,,,,"0000-0001-9713-5304","0000-0002-7203-5072",
"70221a46-1a3b-4f63-a067-1fe2ebc33dbc","ABBY_062.basePlot.vst","2020-09-25","vst_ABBY_2020","D16","ABBY","ABBY_062","NEON.PLA.D16.ABBY.03081","1","ok","single shrub","Live",1.6,130,"noChange",4.3,1.9,,,3.5,1.7,"Full shade","ellipsoid or sphere",2.1,10,,,,,,,,,,,,"0000-0002-0205-7735","0000-0003-0562-3007",
"1c881c1e-9b5e-423c-8743-fda9ed0b3d3a","ABBY_073.basePlot.vst","2020-09-25","vst_ABBY_2020","D16","ABBY","ABBY_073","NEON.PLA.D16.ABBY.01983","1","ok","single bole tree","Live",14.2,130,"noChange",8.2,,,,5.1,5.0,"Partially shaded",,,,,,,,,,,,,,,"0000-0001-9521-413X","0000-0002-2759-254X",
"deffd5b4-13e7-4b10-a50a-ef14054a2c50","ABBY_073.basePlot.vst","2020-09-25","vst_ABBY_2020","D16","ABBY","ABBY_073","NEON.PLA.D16.ABBY.07468","1","ok","single bole tree","Live",10.8,140,"noChange",8.1,,,,3.5,3.4,"Partially shaded",,,,,,,,,,,,,,,"0000-0001-9521-413X","0000-0002-2759-254X",
"21f90060-103e-47cd-a260-1951ea43bb91","ABBY_073.basePlot.vst","2020-09-25","vst_ABBY_2020","D16","ABBY","ABBY_073","NEON.PLA.D16.ABBY.00032","2","ok","small tree","Standing dead",4.2,130,"noChange",,,,,,,,,,,,,,,,,,,,,,"0000-0001-9713-5304","0000-0002-7203-5072",
"65be854b-7596-4fd7-b521-084e8929d65f","ABBY_062.basePlot.vst","2020-09-25","vst_ABBY_2020","D16","ABBY","ABBY_062","NEON.PLA.D16.ABBY.03389","1","ok","sapling","No longer qualifies",,,"noChange",1.3,,,,,,"Mostly shaded",,1.1,10,,,,,,,,,,,,"0000-0002-4816-2610","0000-0003-2593-761X",
"a4ed15d0-f821-46e8-887c-f7e31b278867","ABBY_062.basePlot.vst","2020-09-25","vst_ABBY_2020","D16","ABBY","ABBY_062","NEON.PLA.D16.ABBY.00758","1","ok","small tree","Live",1.7,130,"noChange",2.8,,,,1.2,1.1,"Mostly shaded",,,,,,,,,,,,,,,"0000-0002-0205-7735","0000-0003-0562-3007",
"fca461e3-f3f5-4569-aa3a-9a80aa612f18","ABBY_073.basePlot.vst","2020-09-25","vst_ABBY_2020","D16","ABBY","ABBY_073","NEON.PLA.D16.ABBY.00044","1","ok","sapling","Live, physically damaged",,,"noChange",1.0,,,,,,"Mostly shaded",,3.9,10,,,,,,,,,,,,"0000-0001-9521-413X","0000-0002-2759-254X",
"72438ccb-4a8b-41d8-97cf-cf27a59fbe70","ABBY_073.basePlot.vst","2020-09-25","vst_ABBY_2020","D16","ABBY","ABBY_073","NEON.PLA.D16.ABBY.00042","1","ok","small shrub","Live, physically damaged",,,"noChange",1.4,,,,1.6,1.2,"Mostly shaded","oblate half-sphere",2.6,10,,,,,,,,,,,,"0000-0001-9521-413X","0000-0002-2759-254X",
"28f6f737-2b2a-468d-be13-3efb5d17fbaa","ABBY_062.basePlot.vst","2020-09-25","vst_ABBY_2020","D16","ABBY","ABBY_062","NEON.PLA.D16.ABBY.03171","1","ok","single bole tree","Live",13.2,140,"noChange",10.1,,,,4.1,3.8,"Partially shaded",,,,,,,,,,,,,,"Stem diameter measurement height from previous.","0000-0002-0205-7735","0000-0003-0562-3007",
"26b418fe-efb0-4254-b88f-127745df3697","ABBY_062.basePlot.vst","2020-09-25","vst_ABBY_2020","D16","ABBY","ABBY_062","NEON.PLA.D16.ABBY.00903","3","ok","small shrub","Standing dead",,,"noChange",,,,,,,,"inverted cone",1.5,10,0.17,0.15,,,,,,,,,,"0000-0002-0205-7735","0000-0003-0562-3007",
"862dbdf4-79cd-44d1-b4a6-3bc110308f96","ABBY_062.basePlot.vst","2020-09-25","vst_ABBY_2020","D16","ABBY","ABBY_062","NEON.PLA.D16.ABBY.00273","2","ok","small shrub","Live",,,"noChange",,,,,,,,"cylinder",1.4,10,,,,,,,,,,,,"0000-0002-4816-2610","0000-0003-2593-761X",
"63d4f097-7451-4cee-9ae1-2ab0781c7f47","ABBY_062.basePlot.vst","2020-09-25","vst_ABBY_2020","D16","ABBY","ABBY_062","NEON.PLA.D16.ABBY.00784","1","ok","single bole tree","Live",18.3,130,"noChange",10.5,,,,4.3,3.9,"Partially shaded",,,,,,,,,,,,,,,"0000-0002-4816-2610","0000-0003-2593-761X",
"54df850d-7c13-447d-a775-ea94b0e433ab","ABBY_073.basePlot.vst","2020-09-25","vst_ABBY_2020","D16","ABBY","ABBY_073","NEON.PLA.D16.ABBY.00024","1","ok","single bole tree","Live",79.3,130,"noChange",45.5,,,,9.2,6.7,,,,,,,,,,,,,,,,"0000-0001-9713-5304","0000-0002-7203-5072",
"b1b35ba6-0a5e-4834-8977-7e8e5d20c3b9","ABBY_062.basePlot.vst","2020-09-25","vst_ABBY_2020","D16","ABBY","ABBY_062","NEON.PLA.D16.ABBY.03175",,"ok","single bole tree","Live",14.6,130,"noChange",10.2,,,,4.4,3.2,"Partially shaded",,,,,,,,,,,,,,,"0000-0002-0205-7735","0000-0003-0562-3007",
"2a2fb155-e098-4f89-aff6-33a1e081c5a4","ABBY_073.basePlot.vst","2020-09-25","vst_ABBY_2020","D16","ABBY","ABBY_073","NEON.PLA.D16.ABBY.00033","1","ok","small tree","Live",1.4,130,"noChange",2.9,,,,1.1,1.0,"Partially shaded",,,,,,,,,,,,,,,"0000-0001-9713-5304","0000-0002-7203-5072",
"970018ec-7a31-4d7f-a571-d8b9ee47fa9e","ABBY_073.basePlot.vst","2020-09-25","vst_ABBY_2020","D16","ABBY","ABBY_073","NEON.PLA.D16.ABBY.01855","1","ok","single bole tree","Live",13.8,130,"noChange",11.5,,,,4.6,4.2,"Partially shaded",,,,,,,,,,,,,,,"0000-0001-9521-413X","0000-0002-2759-254X",
"f5abf88d-3056-4252-9845-e04cd0ac8a5d","ABBY_062.basePlot.vst","2020-09-25","vst_ABBY_2020","D16","ABBY","ABBY_062","NEON.PLA.D16.ABBY.00779","1","ok","single bole tree","Live",20.0,130,"noChange",12.4,,,,4.7,4.5,"Partially shaded",,,,,,,,,,,,,,,"0000-0002-4816-2610","0000-0003-2593-761X",
"54a173aa-3477-4095-9ac8-b6b5a6f737e5","ABBY_073.basePlot.vst","2020-09-25","vst_ABBY_2020","D16","ABBY","ABBY_073","NEON.PLA.D16.ABBY.07470","1","ok","small shrub","Live",,,"noChange",1.8,,,,2.5,0.3,"Partially shaded","oblate half-sphere",1.2,10,,,,,,,,,,,,"0000-0001-9521-413X","0000-0002-2759-254X",
"9b474f15-cf4b-4b9a-87a5-b5cbd5aaf644","ABBY_062.basePlot.vst","2020-09-25","vst_ABBY_2020","D16","ABBY","ABBY_062","NEON.PLA.D16.ABBY.07192A","2","ok","multi-bole tree","Live",4.9,166,"noChange",9.3,,,,,,,,,,,,,,,,,,,,,"0000-0002-4816-2610","0000-0003-2593-761X",
"f09cc7ec-7dc8-4685-83af-bb99284a2237","ABBY_062.basePlot.vst","2020-09-25","vst_ABBY_2020","D16","ABBY","ABBY_062","NEON.PLA.D16.ABBY.03082","1","ok","sapling","Live",,,"noChange",2.1,,,,,,"Full shade",,1.9,10,,,,,,,,,,,,"0000-0002-0205-7735","0000-0003-0562-3007",
"c0eaac8c-8463-4944-836a-c465b05c4687","ABBY_073.basePlot.vst","2020-09-25","vst_ABBY_2020","D16","ABBY","ABBY_073","NEON.PLA.D16.ABBY.00037","1","ok","sapling","Live",,,"noChange",1.2,,,,,,"Partially shaded",,1.4,10,,,,,,,,,,,,"0000-0001-9713-5304","0000-0002-7203-5072",
"4634e70d-33cb-457a-a8f9-3f8c034faec3","ABBY_062.basePlot.vst","2020-09-25","vst_ABBY_2020","D16","ABBY","ABBY_062","NEON.PLA.D16.ABBY.00904","1","ok","small tree","Live",1.4,130,"noChange",3.1,,,,1.7,1.6,"Mostly shaded",,,,,,,,,,,,,,,"0000-0002-0205-7735","0000-0003-0562-3007",
"3eb8e197-af17-40bf-9ab7-edf7cb2d616c","ABBY_073.basePlot.vst","2020-09-25","vst_ABBY_2020","D16","ABBY","ABBY_073","NEON.PLA.D16.ABBY.03095","1","ok","single bole tree","Live",13.6,130,"noChange",10.4,,,,4.2,3.7,"Partially shaded",,,,,,,,,,,,,,,"0000-0001-9521-413X","0000-0002-2759-254X",
"2e0533c5-9ea6-442d-b8c6-469899d89c9e","ABBY_062.basePlot.vst","2020-09-25","vst_ABBY_2020","D16","ABBY","ABBY_062","NEON.PLA.D16.ABBY.00282",,"ok","single bole tree","Live",19.3,130,"noChange",10.6,,,,5.4,5.3,"Partially shaded",,,,,,,,,,,,,,,"0000-0002-4816-2610","0000-0003-2593-761X",
"e58fc5a9-b980-406a-82c4-91a7b9063c9b","ABBY_062.basePlot.vst","2020-09-25","vst_ABBY_2020","D16","ABBY","ABBY_062","NEON.PLA.D16.ABBY.00790","1","ok","single bole tree","Live",14.5,130,"noChange",10.3,,,,4.2,4.1,"Partially shaded",,,,,,,,,,,,,,,"0000-0002-4816-2610","0000-0003-2593-761X",
"00b88feb-7b44-494d-b4da-af52d97873eb","ABBY_073.basePlot.vst","2020-09-25","vst_ABBY_2020","D16","ABBY","ABBY_073","NEON.PLA.D16.ABBY.00173","1","ok","small shrub","Standing dead",,,"noChange",0.6,0.2,,,0.7,0.3,"Full shade","ellipsoid or sphere",1.1,10,,,,,,,,,,,,"0000-0001-9521-413X","0000-0002-2759-254X",
"a6e57b03-709b-461e-8dd8-d542ab4cb56b","ABBY_062.basePlot.vst","2020-09-25","vst_ABBY_2020","D16","ABBY","ABBY_062","NEON.PLA.D16.ABBY.03387",,"ok","single bole tree","Live",12.6,130,"noChange",10.3,,,,4.2,3.8,"Partially shaded",,,,,,,,,,,,,,,"0000-0002-4816-2610","0000-0003-2593-761X",
"732c6990-4f42-43f7-9a55-2c1f0c68164d","ABBY_073.basePlot.vst","2020-09-25","vst_ABBY_2020","D16","ABBY","ABBY_073","NEON.PLA.D16.ABBY.03586","1","ok","single bole tree","Live",13.1,130,"noChange",7.9,,,,4.0,3.7,"Partially shaded",,,,,,,,,,,,,,,"0000-0001-9713-5304","0000-0002-7203-5072",
"0cdcd703-1248-4130-9f9f-009a147d3f5d","ABBY_062.basePlot.vst","2020-09-25","vst_ABBY_2020","D16","ABBY","ABBY_062","NEON.PLA.D16.ABBY.00781","1","ok","sapling","Live",,,"noChange",1.8,,,,,,"Full shade",,1.5,10,,,,,,,,,,,,"0000-0002-4816-2610","0000-0003-2593-761X",
"2423cc4b-ae21-4091-b0d6-1c6f14455782","ABBY_073.basePlot.vst","2020-09-25","vst_ABBY_2020","D16","ABBY","ABBY_073","NEON.PLA.D16.ABBY.00054","1","ok","single bole tree","Live",15.1,124,"noChange",11.1,,,,4.9,3.9,"Partially shaded",,,,,,,,,,,,,,,"0000-0001-9521-413X","0000-0002-2759-254X",
"ddf02b9b-65f0-477b-9e9b-f9ec9562ce2e","ABBY_062.basePlot.vst","2020-09-25","vst_ABBY_2020","D16","ABBY","ABBY_062","NEON.PLA.D16.ABBY.00274","1","ok","sapling","Live",,,"noChange",2.5,,,,,,"Mostly shaded",,1.7,10,,,,,,,,,,,,"0000-0002-4816-2610","0000-0003-2593-761X",
"7cbba586-bd81-4812-a56b-6271dab37d2a","ABBY_062.basePlot.vst","2020-09-25","vst_ABBY_2020","D16","ABBY","ABBY_062","NEON.PLA.D16.ABBY.02593","1","ok","sapling","Standing dead",,,"noChange",1.3,,,,,,"Mostly shaded",,2.1,10,,,,,,,,,,,,"0000-0002-0205-7735","0000-0003-0562-3007",
"10605ac6-785a-42bd-99be-7ab0b5ed1e4e","ABBY_073.basePlot.vst","2020-09-25","vst_ABBY_2020","D16","ABBY","ABBY_073","NEON.PLA.D16.ABBY.03566","1","ok","single bole tree","Live",13.4,130,"noChange",9.2,,,,4.2,4.1,"Partially shaded",,,,,,,,,,,,,,,"0000-0001-9521-413X","0000-0002-2759-254X",
"549e7101-f54b-432e-b8f7-b54e9a53c50a","ABBY_073.basePlot.vst","2020-09-25","vst_ABBY_2020","D16","ABBY","ABBY_073","NEON.PLA.D16.ABBY.01859","2","ok","small shrub","Live",,,"noChange",,,,,,,,"oblate half-sphere",1.4,10,,,,,,,,,,,,"0000-0001-9521-413X","0000-0002-2759-254X",
"28ee755e-a8f5-4f5c-9762-0aa1c4eb391b","ABBY_062.basePlot.vst","2020-09-25","vst_ABBY_2020","D16","ABBY","ABBY_062","NEON.PLA.D16.ABBY.07193","1","ok","sapling","Live",,,"noChange",1.4,,,,,,"Full shade",,1.2,10,,,,,,,,,,,,"0000-0002-4816-2610","0000-0003-2593-761X",
"b83f9865-b53e-4fc2-95c2-fd78fe2263de","ABBY_073.basePlot.vst","2020-09-25","vst_ABBY_2020","D16","ABBY","ABBY_073","NEON.PLA.D16.ABBY.09084","1","ok","single bole tree","Live",13.5,130,"noChange",9.7,,,,4.2,3.7,"Partially shaded",,,,,,,,,,,,,,,"0000-0001-9713-5304","0000-0002-7203-5072",
"aac0e11b-bc3d-4d91-81b8-5df228efed3e","ABBY_062.basePlot.vst","2020-09-25","vst_ABBY_2020","D16","ABBY","ABBY_062","NEON.PLA.D16.ABBY.00768","1","ok","sapling","Live",,,"noChange",2.0,,,,,,"Full shade",,1.2,10,,,,,,,,,,,,"0000-0002-0205-7735","0000-0003-0562-3007",
"40fcfa78-292c-467d-89c1-717bdb88d0f2","ABBY_073.basePlot.vst","2020-09-25","vst_ABBY_2020","D16","ABBY","ABBY_073","NEON.PLA.D16.ABBY.00030","1","ok","single bole tree","Standing dead",136.0,130,"noChange",2.1,,,,1.3,1.3,"Partially shaded",,,,,,,,,,,,,,,"0000-0001-9713-5304","0000-0002-7203-5072",
"7814b940-a11d-4b9c-846e-b8b44d548fda","ABBY_062.basePlot.vst","2020-09-25","vst_ABBY_2020","D16","ABBY","ABBY_062","NEON.PLA.D16.ABBY.00761",,"ok","single bole tree","Live",11.2,130,"noChange",8.3,,,,3.9,3.5,"Partially shaded",,,,,,,,,,,,,,,"0000-0002-0205-7735","0000-0003-0562-3007",
"312c007f-f438-48d5-a1b4-e71ed7f71b15","ABBY_062.basePlot.vst","2020-09-25","vst_ABBY_2020","D16","ABBY","ABBY_062","NEON.PLA.D16.ABBY.00903","1","ok","small shrub","Standing dead",,,"noChange",1.9,,,,1.1,0.9,"Full shade","inverted cone",1.3,10,0.17,0.15,,,,,,,,,,"0000-0002-0205-7735","0000-0003-0562-3007",
"a80cac0c-f9f5-4588-9a21-757955fdcd6e","ABBY_073.basePlot.vst","2020-09-25","vst_ABBY_2020","D16","ABBY","ABBY_073","NEON.PLA.D16.ABBY.01837","1","ok","single bole tree","Live",14.5,130,"noChange",10.1,,,,5.0,4.5,"Partially shaded",,,,,,,,,,,,,,,"0000-0001-9521-413X","0000-0002-2759-254X",
"479c1ee4-8f9e-4db2-bed2-7f20a90a5a27","ABBY_062.basePlot.vst","2020-09-25","vst_ABBY_2020","D16","ABBY","ABBY_062","NEON.PLA.D16.ABBY.03616","1","ok","sapling","Live",,,"noChange",1.8,,,,,,"Mostly shaded",,1.2,10,,,,,,,,,,,,"0000-0002-0205-7735","0000-0003-0562-3007",
"b1fbc77f-545b-44fa-85bd-585a2623417f","ABBY_062.basePlot.vst","2020-09-25","vst_ABBY_2020","D16","ABBY","ABBY_062","NEON.PLA.D16.ABBY.00903","6","ok","small shrub","Standing dead",,,"noChange",,,,,,,,"inverted cone",1.4,10,0.17,0.15,,,,,,,,,,"0000-0002-0205-7735","0000-0003-0562-3007",
"3ba7e5bc-a76f-4ca4-a225-38ae8e2a5f84","ABBY_073.basePlot.vst","2020-09-25","vst_ABBY_2020","D16","ABBY","ABBY_073","NEON.PLA.D16.ABBY.01790","1","ok","small shrub","Live",,,"noChange",0.5,0.2,,,0.5,0.5,"Mostly shaded","ellipsoid or sphere",1.2,10,,,,,,,,,,,,"0000-0001-9713-5304","0000-0002-7203-5072",
"b2ec7c88-9d53-489f-a659-8d66d6cf67ce","ABBY_062.basePlot.vst","2020-09-25","vst_ABBY_2020","D16","ABBY","ABBY_062","NEON.PLA.D16.ABBY.00771","1","ok","small tree","Live",2.6,130,"noChange",4.8,,,,2.6,1.8,"Partially shaded",,,,,,,,,,,,,,,"0000-0002-0205-7735","0000-0003-0562-3007",
"e8acd88f-dd02-4db8-bd07-57894b4d5822","ABBY_073.basePlot.vst","2020-09-25","vst_ABBY_2020","D16","ABBY","ABBY_073","NEON.PLA.D16.ABBY.09086","1","ok","single bole tree","Live",11.2,130,"noChange",8.0,,,,3.4,3.3,"Full sun",,,,,,,,,,,,,,,"0000-0001-9713-5304","0000-0002-7203-5072",
"291491c8-c40f-44d7-9a1d-db8f1f16c985","ABBY_062.basePlot.vst","2020-09-25","vst_ABBY_2020","D16","ABBY","ABBY_062","NEON.PLA.D16.ABBY.00907",,"ok","single bole tree","Live",18.5,140,"noChange",11.3,,,,4.9,4.3,"Partially shaded",,,,,,,,,,,,,,,"0000-0002-0205-7735","0000-0003-0562-3007",
"b933da3b-8133-4352-ab92-c75f0253e6c2","ABBY_062.basePlot.vst","2020-09-25","vst_ABBY_2020","D16","ABBY","ABBY_062","NEON.PLA.D16.ABBY.00277","1","ok","small tree","Live",4.1,130,"noChange",4.0,,,,4.4,3.6,"Partially shaded",,,,,,,,,,,,,,,"0000-0002-4816-2610","0000-0003-2593-761X",
"95193557-35af-43c4-a5f0-1d7ff89fe079","ABBY_062.basePlot.vst","2020-09-25","vst_ABBY_2020","D16","ABBY","ABBY_062","NEON.PLA.D16.ABBY.00753","1","ok","single bole tree","Live",12.0,135,"protocolChange",11.1,,,,3.4,3.3,"Partially shaded",,,,,,,,,,,,,,"Diameter measurement height changed to 135 cm branch growth. Previously (2019) measured at 157 cm.","0000-0002-0205-7735","0000-0003-0562-3007",
"f0d5242b-baf3-46b5-8e45-70136f878720","ABBY_062.basePlot.vst","2020-09-25","vst_ABBY_2020","D16","ABBY","ABBY_062","NEON.PLA.D16.ABBY.00763","1","ok","small tree","Live",3.3,130,"noChange",5.8,,,,2.6,2.4,"Mostly shaded",,,,,,,,,,,,,,,"0000-0002-0205-7735","0000-0003-0562-3007",
"d74ff790-098b-4e2f-81b0-5f36a3c7880d","ABBY_062.basePlot.vst","2020-09-25","vst_ABBY_2020","D16","ABBY","ABBY_062","NEON.PLA.D16.ABBY.00783","1","ok","small tree","Live",1.4,130,"noChange",4.3,,,,0.6,0.3,"Mostly shaded",,,,,,,,,,,,,,,"0000-0002-4816-2610","0000-0003-2593-761X",
"f8b620f7-2e21-4afe-a32d-1c99a4864aec","ABBY_073.basePlot.vst","2020-09-25","vst_ABBY_2020","D16","ABBY","ABBY_073","NEON.PLA.D16.ABBY.00175","1","ok","single shrub","Live",2.3,130,"noChange",3.6,,,,2.6,2.5,"Partially shaded","columnar",3.0,10,,,,,,,,,,,,"0000-0001-9521-413X","0000-0002-2759-254X",
"ad8913b6-f901-474f-9c24-876c7e2db056","ABBY_062.basePlot.vst","2020-09-25","vst_ABBY_2020","D16","ABBY","ABBY_062","NEON.PLA.D16.ABBY.03621","1","ok","small shrub","Live",,,"noChange",0.4,0.1,,,0.4,0.3,"Partially shaded","ellipsoid or sphere",1.0,10,,,,,,,,,,,,"0000-0002-0205-7735","0000-0003-0562-3007",
"d9c2437d-022c-420b-8d2e-5d5ffa4de8fe","ABBY_062.basePlot.vst","2020-09-25","vst_ABBY_2020","D16","ABBY","ABBY_062","NEON.PLA.D16.ABBY.00767","1","ok","sapling","Live",,,"noChange",2.1,,,,,,"Full shade",,1.4,10,,,,,,,,,,,,"0000-0002-0205-7735","0000-0003-0562-3007",
"3686b30c-f46d-4485-a7a8-908d9077ec0a","ABBY_073.basePlot.vst","2020-09-25","vst_ABBY_2020","D16","ABBY","ABBY_073","NEON.PLA.D16.ABBY.01680","1","ok","single bole tree","Live",13.2,130,"noChange",9.6,,,,4.2,3.8,"Mostly shaded",,,,,,,,,,,,,,,"0000-0001-9713-5304","0000-0002-7203-5072",
"8639163d-b381-42c6-b121-83585404c08e","ABBY_062.basePlot.vst","2020-09-25","vst_ABBY_2020","D16","ABBY","ABBY_062","NEON.PLA.D16.ABBY.03390","1","ok","sapling","Live",,,"noChange",2.1,,,,,,"Mostly shaded",,1.3,10,,,,,,,,,,,,"0000-0002-4816-2610","0000-0003-2593-761X",
"03055eff-e859-41c6-b90a-6c720465d385","ABBY_062.basePlot.vst","2020-09-25","vst_ABBY_2020","D16","ABBY","ABBY_062","NEON.PLA.D16.ABBY.00755","1","ok","small tree","Live",4.9,130,"noChange",5.5,,,,2.4,2.1,"Partially shaded",,,,,,,,,,,,,,,"0000-0002-0205-7735","0000-0003-0562-3007",
"3085778a-c2c3-4314-9c6d-3fc710bdc220","ABBY_073.basePlot.vst","2020-09-25","vst_ABBY_2020","D16","ABBY","ABBY_073","NEON.PLA.D16.ABBY.01852","1","ok","small shrub","Live",,,"noChange",0.7,0.3,,,0.8,0.4,"Mostly shaded","ellipsoid or sphere",1.1,10,,,,,,,,,,,,"0000-0001-9713-5304","0000-0002-7203-5072",
"9d975b44-9542-4959-b5ef-af1b36c9198e","ABBY_062.basePlot.vst","2020-09-25","vst_ABBY_2020","D16","ABBY","ABBY_062","NEON.PLA.D16.ABBY.00283",,"ok","single bole tree","Live",16.9,130,"noChange",9.6,,,,4.9,4.8,"Partially shaded",,,,,,,,,,,,,,,"0000-0002-4816-2610","0000-0003-2593-761X",
"51561e1d-f4a3-448b-a8e7-ccb41f653e68","ABBY_073.basePlot.vst","2020-09-25","vst_ABBY_2020","D16","ABBY","ABBY_073","NEON.PLA.D16.ABBY.03587","1","ok","single bole tree","Live",11.4,130,"noChange",12.0,,,,3.7,3.0,"Partially shaded",,,,,,,,,,,,,,,"0000-0001-9713-5304","0000-0002-7203-5072",
"a1f1bc5e-7141-4fcd-a221-27a8fd2dec72","ABBY_062.basePlot.vst","2020-09-25","vst_ABBY_2020","D16","ABBY","ABBY_062","NEON.PLA.D16.ABBY.03611",,"ok","single bole tree","Live",11.3,130,"noChange",9.2,,,,3.4,3.3,"Partially shaded",,,,,,,,,,,,,,,"0000-0002-0205-7735","0000-0003-0562-3007",
"a613e244-8e0a-455e-bc13-d62a1d881ed9","ABBY_073.basePlot.vst","2020-09-25","vst_ABBY_2020","D16","ABBY","ABBY_073","NEON.PLA.D16.ABBY.00035","1","ok","small tree","Live",9.0,130,"noChange",5.2,,,,3.3,3.2,"Full sun",,,,,,,,,,,,,,,"0000-0001-9713-5304","0000-0002-7203-5072",
"c451217c-80ab-4c7d-9f9b-5e351ba8b6ad","ABBY_062.basePlot.vst","2020-09-25","vst_ABBY_2020","D16","ABBY","ABBY_062","NEON.PLA.D16.ABBY.05029",,"ok","single bole tree","Live",10.4,130,"noChange",9.0,,,,3.2,3.1,"Partially shaded",,,,,,,,,,,,,,,"0000-0002-0205-7735","0000-0003-0562-3007",
"99f7e8a4-8080-41dc-8a59-1b9b1dce4382","ABBY_062.basePlot.vst","2020-09-25","vst_ABBY_2020","D16","ABBY","ABBY_062","NEON.PLA.D16.ABBY.01814","1","ok",,"Lost, fate unknown",,,"noChange",,,,,,,,,,,,,,,,,,,,,,"0000-0002-0205-7735","0000-0003-0562-3007",
"12b41074-680d-40c1-8afc-2430e2029ec3","ABBY_062.basePlot.vst","2020-09-25","vst_ABBY_2020","D16","ABBY","ABBY_062","NEON.PLA.D16.ABBY.00278","1","tagRemoved",,"No longer qualifies",,,"noChange",,,,,,,,,,,,,,,,,,,,,"No longer rooted in ground","0000-0002-4816-2610","0000-0003-2593-761X",
"b6f674b0-921a-475f-a01c-40b44847e447","ABBY_062.basePlot.vst","2020-09-25","vst_ABBY_2020","D16","ABBY","ABBY_062","NEON.PLA.D16.ABBY.00757","1","ok","small tree","Live",3.6,130,"noChange",6.9,,,,2.6,1.9,"Partially shaded",,,,,,,,,,,,,,,"0000-0002-0205-7735","0000-0003-0562-3007",
"0e0984f6-b4fa-4e5b-979f-5b0023ca3a9b","ABBY_062.basePlot.vst","2020-09-25","vst_ABBY_2020","D16","ABBY","ABBY_062","NEON.PLA.D16.ABBY.00903","4","ok","small shrub","Standing dead",,,"noChange",,,,,,,,"inverted cone",1.3,10,0.17,0.15,,,,,,,,,,"0000-0002-0205-7735","0000-0003-0562-3007",
"9d2a2e27-da98-4684-af92-c790f60460ba","ABBY_062.basePlot.vst","2020-09-25","vst_ABBY_2020","D16","ABBY","ABBY_062","NEON.PLA.D16.ABBY.03388",,"ok","single bole tree","Live",13.3,145,"noChange",11.0,,,,4.4,3.8,"Partially shaded",,,,,,,,,,,,,,,"0000-0002-4816-2610","0000-0003-2593-761X",
"95ffb4da-3612-4c3d-b525-3c373bfdcb50","ABBY_062.basePlot.vst","2020-09-25","vst_ABBY_2020","D16","ABBY","ABBY_062","NEON.PLA.D16.ABBY.00793",,"ok","single bole tree","Live",12.9,138,"noChange",9.1,,,,3.2,3.1,"Partially shaded",,,,,,,,,,,,,,,"0000-0002-4816-2610","0000-0003-2593-761X",
"2cee8fe4-77f1-46fd-b0fd-750f96efc128","ABBY_062.basePlot.vst","2020-09-25","vst_ABBY_2020","D16","ABBY","ABBY_062","NEON.PLA.D16.ABBY.03979",,"ok","single bole tree","Live",12.8,130,"noChange",10.9,,,,3.6,3.4,"Partially shaded",,,,,,,,,,,,,,,"0000-0002-0205-7735","0000-0003-0562-3007",
"a5fcc0eb-2695-4a34-a237-d0c0e2b32aa5","ABBY_073.basePlot.vst","2020-09-25","vst_ABBY_2020","D16","ABBY","ABBY_073","NEON.PLA.D16.ABBY.03186","1","ok","small shrub","Live",,,"noChange",0.5,0.2,,,0.6,0.3,"Mostly shaded","ellipsoid or sphere",1.3,10,,,,,,,,,,,,"0000-0001-9713-5304","0000-0002-7203-5072",
"d3c9ff07-702c-4d2b-9d5d-c5f15f595453","ABBY_062.basePlot.vst","2020-09-25","vst_ABBY_2020","D16","ABBY","ABBY_062","NEON.PLA.D16.ABBY.00796","1","ok","small tree","Live",2.1,130,"noChange",3.6,,,,2.0,1.6,"Partially shaded",,,,,,,,,,,,,,,"0000-0002-0205-7735","0000-0003-0562-3007",
"7eef524c-95a8-40c6-826a-549d982acb86","ABBY_073.basePlot.vst","2020-09-25","vst_ABBY_2020","D16","ABBY","ABBY_073","NEON.PLA.D16.ABBY.00015","1","ok","sapling","Live, physically damaged",,,"noChange",2.6,,,,,,"Mostly shaded",,3.2,10,,,,,,,,,,,,"0000-0001-9521-413X","0000-0002-2759-254X",
"ae01ae41-3155-4342-8784-bd350c5be523","ABBY_062.basePlot.vst","2020-09-25","vst_ABBY_2020","D16","ABBY","ABBY_062","NEON.PLA.D16.ABBY.01975","1","ok","single bole tree","Live",15.2,134,"branchGrowth",9.5,,,,5.5,3.9,"Partially shaded",,,,,,,,,,,,,,"Moved stem diameter measurement height for branch","0000-0002-4816-2610","0000-0003-2593-761X",
"52de0b58-7673-4cff-a7ae-b17c9b09c70a","ABBY_062.basePlot.vst","2020-09-25","vst_ABBY_2020","D16","ABBY","ABBY_062","NEON.PLA.D16.ABBY.00883","1","ok","small tree","Live",2.5,130,"noChange",4.7,,,,3.3,2.1,"Partially shaded",,,,,,,,,,,,,,,"0000-0002-4816-2610","0000-0003-2593-761X",
"07bedc68-4611-4f31-b2b6-211c10d57d50","ABBY_062.basePlot.vst","2020-09-25","vst_ABBY_2020","D16","ABBY","ABBY_062","NEON.PLA.D16.ABBY.03167","1","ok","small shrub","Live",,,"noChange",1.2,0.5,,,0.8,0.7,"Partially shaded","ellipsoid or sphere",1.3,10,,,,,,,,,,,,"0000-0002-0205-7735","0000-0003-0562-3007",
"16e7118b-81db-4645-a04e-658ea0c94296","ABBY_062.basePlot.vst","2020-09-25","vst_ABBY_2020","D16","ABBY","ABBY_062","NEON.PLA.D16.ABBY.00277","3","ok","small tree","Live",3.9,130,"noChange",,,,,,,,,,,,,,,,,,,,,,"0000-0002-4816-2610","0000-0003-2593-761X",
"2df7dde2-8647-4662-909c-4f24ed380157","ABBY_062.basePlot.vst","2020-09-25","vst_ABBY_2020","D16","ABBY","ABBY_062","NEON.PLA.D16.ABBY.00881","1","ok","single shrub","Live",1.7,130,"noChange",4.1,,,,1.8,1.0,"Mostly shaded","inverted cone",2.5,10,0.07,0.04,,,,,,,,,,"0000-0002-4816-2610","0000-0003-2593-761X",
"cf682a71-4ffc-46c3-b13e-aa2867d42569","ABBY_062.basePlot.vst","2020-09-25","vst_ABBY_2020","D16","ABBY","ABBY_062","NEON.PLA.D16.ABBY.00884","1","ok","small tree","Live",2.2,130,"noChange",4.3,,,,2.8,1.6,"Mostly shaded",,,,,,,,,,,,,,,"0000-0002-4816-2610","0000-0003-2593-761X",
"34ee0dc9-fc64-4391-ab81-155de5555259","ABBY_073.basePlot.vst","2020-09-25","vst_ABBY_2020","D16","ABBY","ABBY_073","NEON.PLA.D16.ABBY.00040","1","ok","single bole tree","Live",16.1,140,"branchGrowth",10.8,,,,5.0,4.5,"Partially shaded",,,,,,,,,,,,,,,"0000-0001-9521-413X","0000-0002-2759-254X",
"a3d6af63-baed-469c-8c4a-27bf1b33ebe6","ABBY_062.basePlot.vst","2020-09-25","vst_ABBY_2020","D16","ABBY","ABBY_062","NEON.PLA.D16.ABBY.00749","1","ok","small tree","Live,  other damage",1.4,130,"noChange",1.3,,,,2.5,1.1,"Full shade",,,,,,,,,,,,,,,"0000-0002-0205-7735","0000-0003-0562-3007",
"0b922e7a-9d1a-42b1-832f-228f8fe9eb18","ABBY_062.basePlot.vst","2020-09-25","vst_ABBY_2020","D16","ABBY","ABBY_062","NEON.PLA.D16.ABBY.02592","1","ok","small shrub","Live",,,"noChange",0.6,,,,0.8,0.6,"Partially shaded","half-sphere",1.1,10,,,,,,,,,,,,"0000-0002-0205-7735","0000-0003-0562-3007",
"244416be-40f2-41f7-a22d-31ce344acadf","ABBY_073.basePlot.vst","2020-09-25","vst_ABBY_2020","D16","ABBY","ABBY_073","NEON.PLA.D16.ABBY.00047","1","ok","small shrub","Live",,,"noChange",1.2,0.3,,,1.1,0.2,"Mostly shaded","ellipsoid or sphere",1.4,10,,,,,,,,,,,,"0000-0001-9521-413X","0000-0002-2759-254X",
"aeef9c70-9940-4477-9031-918a70b5929a","ABBY_062.basePlot.vst","2020-09-25","vst_ABBY_2020","D16","ABBY","ABBY_062","NEON.PLA.D16.ABBY.00903","5","ok","small shrub","Standing dead",,,"noChange",,,,,,,,"inverted cone",1.0,10,0.17,0.15,,,,,,,,,,"0000-0002-0205-7735","0000-0003-0562-3007",
"fc3e19f4-8103-4b8e-b5a8-a311f5d8f8f0","ABBY_062.basePlot.vst","2020-09-25","vst_ABBY_2020","D16","ABBY","ABBY_062","NEON.PLA.D16.ABBY.00776","1","ok","sapling","Live",,,"noChange",1.6,,,,,,"Full shade",,2.4,10,,,,,,,,,,,,"0000-0002-4816-2610","0000-0003-2593-761X",
"6e70f2b0-c9f8-41d1-aaba-2e3511627dbc","ABBY_062.basePlot.vst","2020-09-25","vst_ABBY_2020","D16","ABBY","ABBY_062","NEON.PLA.D16.ABBY.00902","1","ok","single shrub","Live",1.9,130,"noChange",4.3,,,,2.3,1.5,"Full shade","inverted cone",2.3,10,0.07,0.05,,,,,,,,,,"0000-0002-0205-7735","0000-0003-0562-3007",
"7935838c-5046-45b0-ad8a-253f48560b3a","ABBY_062.basePlot.vst","2020-09-25","vst_ABBY_2020","D16","ABBY","ABBY_062","NEON.PLA.D16.ABBY.00876","1","ok","small tree","Live",2.4,130,"noChange",4.9,,,,3.3,3.0,"Mostly shaded",,,,,,,,,,,,,,,"0000-0002-4816-2610","0000-0003-2593-761X",
"9b00f9d8-9e7b-4e46-8bff-943acb46207f","ABBY_062.basePlot.vst","2020-09-25","vst_ABBY_2020","D16","ABBY","ABBY_062","NEON.PLA.D16.ABBY.05031","1","ok","small shrub","Live",,,"noChange",0.9,,,,0.9,0.6,"Mostly shaded","half-sphere",1.1,10,,,,,,,,,,,,"0000-0002-0205-7735","0000-0003-0562-3007",
"aaed72fd-d03e-4036-8cde-abb1e2b75066","ABBY_062.basePlot.vst","2020-09-25","vst_ABBY_2020","D16","ABBY","ABBY_062","NEON.PLA.D16.ABBY.03620","1","ok","small shrub","Live",,,"noChange",0.8,0.4,,,0.7,0.4,"Partially shaded","ellipsoid or sphere",1.2,10,,,,,,,,,,,,"0000-0002-0205-7735","0000-0003-0562-3007",
"32a88874-a230-4442-876b-6fe2ac7dfb73","ABBY_073.basePlot.vst","2020-09-25","vst_ABBY_2020","D16","ABBY","ABBY_073","NEON.PLA.D16.ABBY.09082","1","ok","single bole tree","Live",10.4,130,"noChange",8.6,,,,3.4,3.2,"Partially shaded",,,,,,,,,,,,,,,"0000-0001-9521-413X","0000-0002-2759-254X",
"e5f2cf1f-8d5a-4a9f-9e5f-9764cc66bb0e","ABBY_062.basePlot.vst","2020-09-25","vst_ABBY_2020","D16","ABBY","ABBY_062","NEON.PLA.D16.ABBY.00909",,"ok","single bole tree","Live",15.5,120,"noChange",10.9,,,,4.5,4.1,"Partially shaded",,,,,,,,,,,,,,,"0000-0002-0205-7735","0000-0003-0562-3007",
"8aadd2a7-88fb-4c2e-9cc1-dc08083f6124","ABBY_062.basePlot.vst","2020-09-25","vst_ABBY_2020","D16","ABBY","ABBY_062","NEON.PLA.D16.ABBY.03386",,"ok","single bole tree","Live",12.5,130,"noChange",9.7,,,,4.0,3.7,"Partially shaded",,,,,,,,,,,,,,,"0000-0002-4816-2610","0000-0003-2593-761X",
"f56901a3-550a-48b8-a072-b76667fbb57e","ABBY_062.basePlot.vst","2020-09-25","vst_ABBY_2020","D16","ABBY","ABBY_062","NEON.PLA.D16.ABBY.00754","1","ok","small tree","Live,  other damage",1.2,130,"noChange",2.6,,,,1.7,0.8,"Partially shaded",,,,,,,,,,,,,,,"0000-0002-0205-7735","0000-0003-0562-3007",
"9adbdd07-7130-4448-a84b-e8a4610f5115","ABBY_073.basePlot.vst","2020-09-25","vst_ABBY_2020","D16","ABBY","ABBY_073","NEON.PLA.D16.ABBY.07469","1","ok","single bole tree","Live",11.3,130,"noChange",9.6,,,,3.7,3.7,"Partially shaded",,,,,,,,,,,,,,,"0000-0001-9521-413X","0000-0002-2759-254X",
"b9e66afd-147d-42a7-a3b2-02a35061df1f","ABBY_062.basePlot.vst","2020-09-25","vst_ABBY_2020","D16","ABBY","ABBY_062","NEON.PLA.D16.ABBY.03617","1","ok","small shrub","Live",,,"noChange",1.5,0.6,,,0.7,0.6,"Full shade","ellipsoid or sphere",1.0,10,,,,,,,,,,,,"0000-0002-0205-7735","0000-0003-0562-3007",
"098d8993-7387-41cd-a299-06ae16873a3b","ABBY_073.basePlot.vst","2020-09-25","vst_ABBY_2020","D16","ABBY","ABBY_073","NEON.PLA.D16.ABBY.00056","1","ok","small tree","Live",3.5,134,"noChange",3.8,,,,2.1,1.6,"Partially shaded",,,,,,,,,,,,,,,"0000-0001-9521-413X","0000-0002-2759-254X",
"eab2b82f-c37f-4b32-9176-a42a9d2991d3","ABBY_073.basePlot.vst","2020-09-25","vst_ABBY_2020","D16","ABBY","ABBY_073","NEON.PLA.D16.ABBY.00174","1","ok","small shrub","Standing dead",,,"noChange",0.9,0.4,,,1.0,0.3,"Full shade","ellipsoid or sphere",1.3,10,,,,,,,,,,,"No leaves","0000-0001-9521-413X","0000-0002-2759-254X",
"c6328c82-ef73-4e38-af4d-34d0381f39e3","ABBY_062.basePlot.vst","2020-09-25","vst_ABBY_2020","D16","ABBY","ABBY_062","NEON.PLA.D16.ABBY.00877","1","ok","sapling","Live,  other damage",,,"noChange",1.7,,,,,,"Full shade",,1.2,10,,,,,,,,,,,"Stem dead at top and no leaves","0000-0002-4816-2610","0000-0003-2593-761X",
"6bfcec16-e6c1-4a05-9f53-9114f1746f97","ABBY_073.basePlot.vst","2020-09-25","vst_ABBY_2020","D16","ABBY","ABBY_073","NEON.PLA.D16.ABBY.02541","1","ok","single bole tree","Live",14.1,130,"noChange",9.3,,,,4.7,4.6,"Partially shaded",,,,,,,,,,,,,,,"0000-0001-9521-413X","0000-0002-2759-254X",
"5042f350-ac92-4c57-bf3d-bfb8c84c5494","ABBY_062.basePlot.vst","2020-09-25","vst_ABBY_2020","D16","ABBY","ABBY_062","NEON.PLA.D16.ABBY.07388","1","ok","single bole tree","Live",11.1,130,"noChange",9.2,,,,3.7,3.5,"Partially shaded",,,,,,,,,,,,,,,"0000-0002-4816-2610","0000-0003-2593-761X",
"35946b01-2da5-4187-b353-6d2e395ee908","ABBY_073.basePlot.vst","2020-09-25","vst_ABBY_2020","D16","ABBY","ABBY_073","NEON.PLA.D16.ABBY.04799","1","ok","small shrub","Live",,,"noChange",0.6,0.2,,,0.7,0.3,"Partially shaded","ellipsoid or sphere",1.1,10,,,,,,,,,,,,"0000-0001-9713-5304","0000-0002-7203-5072",
"8467fdf8-7a71-49ea-ad4c-7c3416a1904c","ABBY_062.basePlot.vst","2020-09-25","vst_ABBY_2020","D16","ABBY","ABBY_062","NEON.PLA.D16.ABBY.01654","1","ok",,"Lost, fate unknown",,,"noChange",,,,,,,,,,,,,,,,,,,,,,"0000-0002-0205-7735","0000-0003-0562-3007",
"daa1b80b-1d9b-48ef-ac8a-4fc07b2ed4a0","ABBY_062.basePlot.vst","2020-09-25","vst_ABBY_2020","D16","ABBY","ABBY_062","NEON.PLA.D16.ABBY.00799","1","replaced","sapling","Live, physically damaged",,,"noChange",1.0,,,,,,"Full shade",,2.1,10,,,,,,,,,,,,"0000-0002-0205-7735","0000-0003-0562-3007",
"867bcba7-22e8-4c52-87e6-5e76eccaeb4b","ABBY_062.basePlot.vst","2020-09-25","vst_ABBY_2020","D16","ABBY","ABBY_062","NEON.PLA.D16.ABBY.00791","1","ok","small tree","Live",1.5,130,"noChange",2.6,,,,1.3,1.0,"Mostly shaded",,,,,,,,,,,,,,,"0000-0002-4816-2610","0000-0003-2593-761X",
"2b19b20f-1d10-46ef-9693-74939c2cf16f","ABBY_062.basePlot.vst","2020-09-25","vst_ABBY_2020","D16","ABBY","ABBY_062","NEON.PLA.D16.ABBY.03160","1","ok","sapling","Live,  other damage",,,"noChange",2.8,,,,,,"Mostly shaded",,1.1,10,,,,,,,,,,,,"0000-0002-0205-7735","0000-0003-0562-3007",
"5c4cea77-56c6-456e-bc8d-bbd04ebc5a0c","ABBY_062.basePlot.vst","2020-09-25","vst_ABBY_2020","D16","ABBY","ABBY_062","NEON.PLA.D16.ABBY.01653",,"ok","single bole tree","Live",15.1,135,"noChange",10.6,,,,3.8,3.7,"Partially shaded",,,,,,,,,,,,,,,"0000-0002-0205-7735","0000-0003-0562-3007",
"29b259bb-ae46-4182-9e03-a3576339bca2","ABBY_073.basePlot.vst","2020-09-25","vst_ABBY_2020","D16","ABBY","ABBY_073","NEON.PLA.D16.ABBY.03590","1","ok","single bole tree","Live",11.1,130,"noChange",8.1,,,,3.8,3.6,"Partially shaded",,,,,,,,,,,,,,,"0000-0001-9713-5304","0000-0002-7203-5072",
"732887ed-7efd-44c0-b688-3399e33f7520","ABBY_062.basePlot.vst","2020-09-25","vst_ABBY_2020","D16","ABBY","ABBY_062","NEON.PLA.D16.ABBY.00780","1","ok","sapling","Dead, broken bole",,,"noChange",0.7,,0.7,2.9,,,"Full shade",,3.3,10,,,,,,,,,,,,"0000-0002-4816-2610","0000-0003-2593-761X",
"070d6f92-147a-4a85-a941-676e4e6b2efb","ABBY_062.basePlot.vst","2020-09-25","vst_ABBY_2020","D16","ABBY","ABBY_062","NEON.PLA.D16.ABBY.03170",,"ok","single bole tree","Live",13.3,130,"noChange",11.8,,,,4.1,3.8,"Mostly shaded",,,,,,,,,,,,,,,"0000-0002-0205-7735","0000-0003-0562-3007",
"5f6b7d0e-dc33-4134-92dc-aec11eb03f51","ABBY_073.basePlot.vst","2020-09-25","vst_ABBY_2020","D16","ABBY","ABBY_073","NEON.PLA.D16.ABBY.00023","1","ok","single bole tree","Live",39.2,130,"noChange",27.9,,,,5.9,4.7,"Partially shaded",,,,,,,,,,,,,,,"0000-0001-9713-5304","0000-0002-7203-5072",
"ef4b5f31-ca2f-4552-b0ee-d76a3e47a7bb","ABBY_073.basePlot.vst","2020-09-25","vst_ABBY_2020","D16","ABBY","ABBY_073","NEON.PLA.D16.ABBY.03097","1","ok","single bole tree","Live",13.1,130,"noChange",9.7,,,,4.5,4.1,"Partially shaded",,,,,,,,,,,,,,,"0000-0001-9521-413X","0000-0002-2759-254X",
"15209d24-93cc-4575-96eb-01a1c5f00696","ABBY_062.basePlot.vst","2020-09-25","vst_ABBY_2020","D16","ABBY","ABBY_062","NEON.PLA.D16.ABBY.00756",,"ok","single bole tree","Live",10.3,130,"noChange",7.3,,,,3.9,3.6,"Partially shaded",,,,,,,,,,,,,,,"0000-0002-0205-7735","0000-0003-0562-3007",
"eca0c21e-03ad-41d4-9b57-e446a0da5c1a","ABBY_073.basePlot.vst","2020-09-25","vst_ABBY_2020","D16","ABBY","ABBY_073","NEON.PLA.D16.ABBY.01509","1","ok","single bole tree","Live",13.7,130,"noChange",11.3,,,,4.7,3.7,"Partially shaded",,,,,,,,,,,,,,,"0000-0001-9521-413X","0000-0002-2759-254X",
"ceafe5a3-6639-4995-a649-6952a15c3b40","ABBY_073.basePlot.vst","2020-09-25","vst_ABBY_2020","D16","ABBY","ABBY_073","NEON.PLA.D16.ABBY.01850","1","ok","single bole tree","Live, broken bole",12.4,130,"noChange",6.0,,6.0,8.0,4.0,3.4,"Mostly shaded",,,,,,,,,,,,,,"Broken bole","0000-0001-9521-413X","0000-0002-2759-254X",
"2ddc69f7-b208-4ca3-831c-e619abecd669","ABBY_073.basePlot.vst","2020-09-25","vst_ABBY_2020","D16","ABBY","ABBY_073","NEON.PLA.D16.ABBY.09085","1","ok","single bole tree","Lost, burned",12.0,130,"noChange",10.3,,,,4.2,4.1,"Partially shaded",,,,,,,,,,,,,,,"0000-0001-9713-5304","0000-0002-7203-5072",
"39db2231-fa62-45d0-8c68-41654ac4321a","ABBY_062.basePlot.vst","2020-09-25","vst_ABBY_2020","D16","ABBY","ABBY_062","NEON.PLA.D16.ABBY.00277","6","ok","small tree","Live",3.7,130,"noChange",,,,,,,,,,,,,,,,,,,,,,"0000-0002-4816-2610","0000-0003-2593-761X",
"e59b8f27-4f58-47be-8cbb-c474c2683657","ABBY_062.basePlot.vst","2020-09-25","vst_ABBY_2020","D16","ABBY","ABBY_062","NEON.PLA.D16.ABBY.02595","1","ok","sapling","Live",,,"noChange",2.1,,,,,,"Full shade",,1.1,10,,,,,,,,,,,,"0000-0002-0205-7735","0000-0003-0562-3007",
"8cd4dd25-c0cd-4946-81d9-ec68074b52d4","ABBY_062.basePlot.vst","2020-09-25","vst_ABBY_2020","D16","ABBY","ABBY_062","NEON.PLA.D16.ABBY.00277","5","ok","small tree","Live",3.3,130,"noChange",,,,,,,,,,,,,,,,,,,,,,"0000-0002-4816-2610","0000-0003-2593-761X",
"d21e5ff8-bfbb-433e-8d1d-761156843ad8","ABBY_062.basePlot.vst","2020-09-25","vst_ABBY_2020","D16","ABBY","ABBY_062","NEON.PLA.D16.ABBY.00770","1","ok","sapling","Live",,,"noChange",2.1,,,,,,"Partially shaded",,2.0,10,,,,,,,,,,,,"0000-0002-0205-7735","0000-0003-0562-3007",
"6b34c451-8e83-4b14-8b37-fdc0d64bdf06","ABBY_062.basePlot.vst","2020-09-25","vst_ABBY_2020","D16","ABBY","ABBY_062","NEON.PLA.D16.ABBY.05030",,"ok","single bole tree","Live",10.2,130,"noChange",8.4,,,,4.2,3.7,"Partially shaded",,,,,,,,,,,,,,,"0000-0002-0205-7735","0000-0003-0562-3007",
"fe27f6ae-20e8-4868-97eb-94b31c54005d","ABBY_062.basePlot.vst","2020-09-25","vst_ABBY_2020","D16","ABBY","ABBY_062","NEON.PLA.D16.ABBY.03382","1","ok","single bole tree","Live",13.0,130,"noChange",10.4,,,,3.9,3.8,"Partially shaded",,,,,,,,,,,,,,,"0000-0002-4816-2610","0000-0003-2593-761X",
"1ef1a877-b822-44ca-a57e-a94cb59bd079","ABBY_062.basePlot.vst","2020-09-25","vst_ABBY_2020","D16","ABBY","ABBY_062","NEON.PLA.D16.ABBY.00277","4","ok","small tree","Live",3.2,130,"noChange",,,,,,,,,,,,,,,,,,,,,,"0000-0002-4816-2610","0000-0003-2593-761X",
"b87862fb-dd7d-4d6d-bff9-947e4edd33b1","ABBY_062.basePlot.vst","2020-09-25","vst_ABBY_2020","D16","ABBY","ABBY_062","NEON.PLA.D16.ABBY.00880","1","ok","small tree","Live",1.7,130,"noChange",4.0,,,,1.2,0.8,"Mostly shaded",,,,,,,,,,,,,,,"0000-0002-4816-2610","0000-0003-2593-761X",
"5809d8ba-0e03-4857-90a7-f4a6a66ca0e1","ABBY_062.basePlot.vst","2020-09-25","vst_ABBY_2020","D16","ABBY","ABBY_062","NEON.PLA.D16.ABBY.07192","1","ok","multi-bole tree","Live",10.5,166,"noChange",9.3,,,,4.2,3.8,"Partially shaded",,,,,,,,,,,,,,,"0000-0002-4816-2610","0000-0003-2593-761X",
"461fdc89-b595-46ad-a643-59b10c761f7c","ABBY_062.basePlot.vst","2020-09-25","vst_ABBY_2020","D16","ABBY","ABBY_062","NEON.PLA.D16.ABBY.03612",,"ok","single bole tree","Live",11.7,130,"noChange",9.9,,,,3.8,3.7,"Partially shaded",,,,,,,,,,,,,,,"0000-0002-0205-7735","0000-0003-0562-3007",
"67f76b7d-1e8b-453e-88f4-e696e4324c1b","ABBY_062.basePlot.vst","2020-09-25","vst_ABBY_2020","D16","ABBY","ABBY_062","NEON.PLA.D16.ABBY.03614",,"ok","single bole tree","Live",12.0,140,"deformityGrowth",8.6,,,,3.2,2.9,"Partially shaded",,,,,,,,,,,,,,,"0000-0002-0205-7735","0000-0003-0562-3007",
"cb43fef0-b6da-4aef-a2c7-b7f93ef96bb5","ABBY_062.basePlot.vst","2020-09-25","vst_ABBY_2020","D16","ABBY","ABBY_062","NEON.PLA.D16.ABBY.01815","1","ok","small shrub","Live",,,"noChange",0.8,,,,0.7,0.6,"Partially shaded","inverted cone",1.2,10,0.04,0.04,,,,,,,,,,"0000-0002-0205-7735","0000-0003-0562-3007",
"5f91b0ae-9e95-4047-93c0-c2942b436bd9","ABBY_062.basePlot.vst","2020-09-25","vst_ABBY_2020","D16","ABBY","ABBY_062","NEON.PLA.D16.ABBY.03165","1","ok","small shrub","Live",,,"noChange",1.5,,,,1.5,0.7,"Mostly shaded","oblate half-sphere",1.3,10,,,,,,,,,,,,"0000-0002-4816-2610","0000-0003-2593-761X",
"1a279945-ac03-49ae-9055-5d5db843b28c","ABBY_073.basePlot.vst","2020-09-25","vst_ABBY_2020","D16","ABBY","ABBY_073","NEON.PLA.D16.ABBY.01835","1","ok","small shrub","Live",,,"noChange",0.5,0.2,,,0.6,0.5,"Mostly shaded","ellipsoid or sphere",1.3,10,,,,,,,,,,,,"0000-0001-9713-5304","0000-0002-7203-5072",
"04307399-3d05-45f1-ae2d-d6e292b1d045","ABBY_062.basePlot.vst","2020-09-25","vst_ABBY_2020","D16","ABBY","ABBY_062","NEON.PLA.D16.ABBY.00908","1","ok","small tree","Live",1.8,130,"noChange",3.0,,,,1.8,1.7,"Partially shaded",,,,,,,,,,,,,,,"0000-0002-0205-7735","0000-0003-0562-3007",
"04b925f7-0639-4bbb-b14f-d756a94aa54e","ABBY_073.basePlot.vst","2020-09-25","vst_ABBY_2020","D16","ABBY","ABBY_073","NEON.PLA.D16.ABBY.00025","1","ok","single bole tree","Live",35.7,130,"noChange",33.2,,,,5.6,4.7,"Partially shaded",,,,,,,,,,,,,,,"0000-0001-9713-5304","0000-0002-7203-5072",
"021af956-1225-4d47-ab39-b12e8e244dff","ABBY_062.basePlot.vst","2020-09-25","vst_ABBY_2020","D16","ABBY","ABBY_062","NEON.PLA.D16.ABBY.00276","1","ok","small tree","Live",1.7,130,"noChange",4.0,,,,0.7,0.5,"Full shade",,,,,,,,,,,,,,,"0000-0002-4816-2610","0000-0003-2593-761X",
"ca3ab000-b549-48ed-ad7a-f077f7544424","ABBY_062.basePlot.vst","2020-09-25","vst_ABBY_2020","D16","ABBY","ABBY_062","NEON.PLA.D16.ABBY.03613",,"ok","single bole tree","Live",12.0,130,"noChange",9.1,,,,4.7,4.4,"Partially shaded",,,,,,,,,,,,,,,"0000-0002-0205-7735","0000-0003-0562-3007",
"cdf5dfe2-4aec-46aa-98a4-9cd41c054e4b","ABBY_062.basePlot.vst","2020-09-25","vst_ABBY_2020","D16","ABBY","ABBY_062","NEON.PLA.D16.ABBY.00797","1","ok","small tree","Live",5.0,130,"noChange",6.5,,,,2.8,1.2,"Mostly shaded",,,,,,,,,,,,,,,"0000-0002-0205-7735","0000-0003-0562-3007",
"73e5dc3d-a82b-4785-a9f6-306f52ca72fa","ABBY_073.basePlot.vst","2020-09-25","vst_ABBY_2020","D16","ABBY","ABBY_073","NEON.PLA.D16.ABBY.00032","1","ok","small tree","Standing dead",5.3,130,"noChange",2.3,,,,4.5,1.4,"Partially shaded",,,,,,,,,,,,,,,"0000-0001-9713-5304","0000-0002-7203-5072",
"5108a276-983b-4821-b9af-a8a38251f8dd","ABBY_073.basePlot.vst","2020-09-25","vst_ABBY_2020","D16","ABBY","ABBY_073","NEON.PLA.D16.ABBY.01709","1","ok","small shrub","Live",,,"noChange",0.7,0.2,,,0.8,0.6,"Mostly shaded","ellipsoid or sphere",1.4,10,,,,,,,,,,,,"0000-0001-9713-5304","0000-0002-7203-5072",
"fc61622c-18e8-4909-aa21-eb6ded2126fd","ABBY_062.basePlot.vst","2020-09-25","vst_ABBY_2020","D16","ABBY","ABBY_062","NEON.PLA.D16.ABBY.00905","1","ok","small shrub","Standing dead",,,"noChange",0.9,,,,1.0,0.4,"Full shade","inverted cone",2.1,10,0.05,0.05,,,,,,,,,,"0000-0002-0205-7735","0000-0003-0562-3007",
"4eab2688-9a0a-4f5a-997b-5e736bf0f1e5","ABBY_073.basePlot.vst","2020-09-25","vst_ABBY_2020","D16","ABBY","ABBY_073","NEON.PLA.D16.ABBY.00041","1","ok","single bole tree","Live",17.2,124,"noChange",9.5,,,,5.1,4.4,"Partially shaded",,,,,,,,,,,,,,,"0000-0001-9521-413X","0000-0002-2759-254X",
"bd1243dd-a986-47f4-b491-818f6ba07274","ABBY_073.basePlot.vst","2020-09-25","vst_ABBY_2020","D16","ABBY","ABBY_073","NEON.PLA.D16.ABBY.03585","1","ok","single bole tree","Live",11.9,130,"noChange",7.1,,,,4.1,4.0,"Partially shaded",,,,,,,,,,,,,,,"0000-0001-9713-5304","0000-0002-7203-5072",
"62f37642-5bd8-41c9-a917-f836ed0e0750","ABBY_062.basePlot.vst","2020-09-25","vst_ABBY_2020","D16","ABBY","ABBY_062","NEON.PLA.D16.ABBY.09751","1",,"single bole tree","Live",10.3,130,"noChange",9.3,,,,4.2,3.2,"Partially shaded",,,,,,,,,,,,,,,"0000-0002-0205-7735","0000-0003-0562-3007",
"33dc01af-1888-43e8-a331-c23cb050f042","ABBY_062.basePlot.vst","2020-09-25","vst_ABBY_2020","D16","ABBY","ABBY_062","NEON.PLA.D16.ABBY.00379","1","ok",,"Lost, fate unknown",,,"noChange",,,,,,,,,,,,,,,,,,,,,,"0000-0002-0205-7735","0000-0003-0562-3007",
"48cb8e59-8fbf-4a1b-9962-3164d557fa30","ABBY_062.basePlot.vst","2020-09-25","vst_ABBY_2020","D16","ABBY","ABBY_062","NEON.PLA.D16.ABBY.00279","1","ok","single bole tree","Live",15.2,130,"noChange",9.5,,,,4.9,4.6,"Partially shaded",,,,,,,,,,,,,,,"0000-0002-4816-2610","0000-0003-2593-761X",
"dc7ec6f7-2020-48bd-a1ad-d0442c72c22b","ABBY_062.basePlot.vst","2020-09-25","vst_ABBY_2020","D16","ABBY","ABBY_062","NEON.PLA.D16.ABBY.00794","1","ok","small tree","Live",1.5,130,"noChange",2.6,,,,1.1,1.0,"Mostly shaded",,,,,,,,,,,,,,,"0000-0002-4816-2610","0000-0003-2593-761X",
"29175f8d-ec1c-4086-ab9a-ff44ab55ce3c","ABBY_073.basePlot.vst","2020-09-25","vst_ABBY_2020","D16","ABBY","ABBY_073","NEON.PLA.D16.ABBY.01859","1","ok","small shrub","Live",,,"noChange",1.0,,,,1.1,0.6,"Partially shaded","oblate half-sphere",1.5,10,,,,,,,,,,,,"0000-0001-9521-413X","0000-0002-2759-254X",
"29554a3f-fae7-4fdb-a656-21855a6d4e9a","ABBY_062.basePlot.vst","2020-09-25","vst_ABBY_2020","D16","ABBY","ABBY_062","NEON.PLA.D16.ABBY.03169",,"ok","single bole tree","Live",14.5,130,"noChange",10.3,,,,4.1,3.9,"Partially shaded",,,,,,,,,,,,,,,"0000-0002-0205-7735","0000-0003-0562-3007",
"935cde37-5737-4aca-8bb8-f5e0032de521","ABBY_062.basePlot.vst","2020-09-25","vst_ABBY_2020","D16","ABBY","ABBY_062","NEON.PLA.D16.ABBY.05032","1","ok","small shrub","Live",,,"noChange",0.8,0.3,,,0.7,0.4,"Partially shaded","ellipsoid or sphere",1.1,10,,,,,,,,,,,,"0000-0002-0205-7735","0000-0003-0562-3007",
"49f26cbe-42e9-4b62-9820-cd060532258e","ABBY_073.basePlot.vst","2020-09-25","vst_ABBY_2020","D16","ABBY","ABBY_073","NEON.PLA.D16.ABBY.00026","1","ok","multi-bole tree","Live, broken bole",55.0,130,"noChange",37.5,,36.9,20.0,7.3,5.5,"Full sun",,,,,,,,,,,,,,,"0000-0001-9713-5304","0000-0002-7203-5072",
"3202c548-dd2a-4440-bec4-4a4c2943ea7e","ABBY_062.basePlot.vst","2020-09-25","vst_ABBY_2020","D16","ABBY","ABBY_062","NEON.PLA.D16.ABBY.00772","1","ok","small shrub","Live",,,"noChange",1.2,,,,1.6,0.9,"Partially shaded","inverted cone",2.7,10,0.71,0.68,,,,,,,,,,"0000-0002-0205-7735","0000-0003-0562-3007",
"de420e84-b469-4b68-b3d6-652b164b550e","ABBY_062.basePlot.vst","2020-09-25","vst_ABBY_2020","D16","ABBY","ABBY_062","NEON.PLA.D16.ABBY.00788",,"ok","single bole tree","Live",10.7,130,"noChange",8.3,,,,3.1,3.1,"Partially shaded",,,,,,,,,,,,,,,"0000-0002-4816-2610","0000-0003-2593-761X",
"69f91c6b-1123-4e0f-a933-4c5c2371e2f6","ABBY_073.basePlot.vst","2020-09-25","vst_ABBY_2020","D16","ABBY","ABBY_073","NEON.PLA.D16.ABBY.03565","1","ok","single bole tree","Live",12.5,150,"noChange",7.7,,,,4.5,4.0,"Partially shaded",,,,,,,,,,,,,,"Stem diameter Measured at previous marking.","0000-0001-9521-413X","0000-0002-2759-254X",
"581de929-2ea5-4c66-bd31-b319c96a8122","ABBY_062.basePlot.vst","2020-09-25","vst_ABBY_2020","D16","ABBY","ABBY_062","NEON.PLA.D16.ABBY.03615","1","ok","sapling","Live",,,"noChange",1.7,,,,,,"Mostly shaded",,1.2,10,,,,,,,,,,,,"0000-0002-0205-7735","0000-0003-0562-3007",
"c6940efb-bb97-489c-a5b1-294375eae583","ABBY_073.basePlot.vst","2020-09-25","vst_ABBY_2020","D16","ABBY","ABBY_073","NEON.PLA.D16.ABBY.00050","1","ok","sapling","Live",,,"noChange",1.9,,,,,,"Mostly shaded",,1.7,10,,,,,,,,,,,,"0000-0001-9521-413X","0000-0002-2759-254X",
"a88a0a7b-1b9b-43cf-8353-fc982ae66b82","ABBY_062.basePlot.vst","2020-09-25","vst_ABBY_2020","D16","ABBY","ABBY_062","NEON.PLA.D16.ABBY.00879","1","ok","sapling","Live",,,"noChange",1.5,,,,,,"Partially shaded",,1.3,10,,,,,,,,,,,,"0000-0002-4816-2610","0000-0003-2593-761X",
"36e7fcc8-1b37-431a-8994-817ae02c1591","ABBY_073.basePlot.vst","2020-09-25","vst_ABBY_2020","D16","ABBY","ABBY_073","NEON.PLA.D16.ABBY.01859","3","ok","small shrub","Live",,,"noChange",,,,,,,,"oblate half-sphere",1.3,10,,,,,,,,,,,,"0000-0001-9521-413X","0000-0002-2759-254X",
"c84e4f45-2491-49a0-b68e-fa7329a7891e","ABBY_073.basePlot.vst","2020-09-25","vst_ABBY_2020","D16","ABBY","ABBY_073","NEON.PLA.D16.ABBY.00055","1","ok","small tree","Live",1.4,130,"noChange",3.2,,,,1.3,1.1,"Partially shaded",,,,,,,,,,,,,,,"0000-0001-9521-413X","0000-0002-2759-254X",
"cd5c26af-70d3-45b2-b894-2b675ccd27ee","ABBY_062.basePlot.vst","2020-09-25","vst_ABBY_2020","D16","ABBY","ABBY_062","NEON.PLA.D16.ABBY.01979","1","ok","single bole tree","Live",15.2,130,"noChange",11.4,,,,4.7,4.6,"Partially shaded",,,,,,,,,,,,,,,"0000-0002-4816-2610","0000-0003-2593-761X",
"f9e62aee-f155-4be5-a468-fe3ccfac661a","ABBY_062.basePlot.vst","2020-09-25","vst_ABBY_2020","D16","ABBY","ABBY_062","NEON.PLA.D16.ABBY.00885","1","ok","small tree","Live",1.7,130,"noChange",3.1,,,,2.1,1.6,"Partially shaded",,,,,,,,,,,,,,,"0000-0002-4816-2610","0000-0003-2593-761X",
"783ec4ed-19ad-4a74-af22-70ec84a77992","ABBY_073.basePlot.vst","2020-09-25","vst_ABBY_2020","D16","ABBY","ABBY_073","NEON.PLA.D16.ABBY.03582","2","ok","sapling","Live",,,"noChange",,,,,,,,,,,,,,,,,,,,,,"0000-0001-9713-5304","0000-0002-7203-5072",
"7235ceb4-bd16-483f-8091-288eb1c2c943","ABBY_073.basePlot.vst","2020-09-25","vst_ABBY_2020","D16","ABBY","ABBY_073","NEON.PLA.D16.ABBY.01733","1","ok","small shrub","Live",,,"noChange",0.8,,,,0.9,0.8,"Partially shaded","cylinder",1.3,10,,,,,,,,,,,,"0000-0001-9713-5304","0000-0002-7203-5072",
"f555a2bd-d4de-4cdb-af69-60555ef61596","ABBY_062.basePlot.vst","2020-09-25","vst_ABBY_2020","D16","ABBY","ABBY_062","NEON.PLA.D16.ABBY.00762","1","ok","small shrub","Live",,,"noChange",1.1,,,,1.1,0.9,"Full shade","inverted cone",1.6,10,0.05,0.05,,,,,,,,,,"0000-0002-0205-7735","0000-0003-0562-3007",
"9a2b657d-d576-4b7e-9ac3-e87f61182cba","ABBY_062.basePlot.vst","2020-09-25","vst_ABBY_2020","D16","ABBY","ABBY_062","NEON.PLA.D16.ABBY.00759",,"ok","single bole tree","Live",14.0,130,"noChange",7.6,,,,5.1,4.2,"Partially shaded",,,,,,,,,,,,,,,"0000-0002-0205-7735","0000-0003-0562-3007",
"2ea7d76e-aaa9-4989-b064-c9a04bf81092","ABBY_062.basePlot.vst","2020-09-25","vst_ABBY_2020","D16","ABBY","ABBY_062","NEON.PLA.D16.ABBY.00752",,"ok","single bole tree","Live",13.7,130,"noChange",9.6,,,,4.8,3.7,"Partially shaded",,,,,,,,,,,,,,,"0000-0002-0205-7735","0000-0003-0562-3007",
"c1e534df-8700-4895-b83f-a3fd94a9327a","ABBY_073.basePlot.vst","2020-09-25","vst_ABBY_2020","D16","ABBY","ABBY_073","NEON.PLA.D16.ABBY.00034","1","ok","small tree","Live",2.2,130,"noChange",3.4,,,,1.6,1.3,"Partially shaded",,,,,,,,,,,,,,,"0000-0001-9713-5304","0000-0002-7203-5072",
"2c4f0d97-0621-4132-950e-cf137d744ce5","ABBY_062.basePlot.vst","2020-09-25","vst_ABBY_2020","D16","ABBY","ABBY_062","NEON.PLA.D16.ABBY.03172","1","ok","single bole tree","Live",14.6,130,"noChange",10.0,,,,5.1,5.0,"Partially shaded",,,,,,,,,,,,,,,"0000-0002-0205-7735","0000-0003-0562-3007",
"6fd7d567-9e2f-4a52-9bec-303a6ee53644","ABBY_062.basePlot.vst","2020-09-25","vst_ABBY_2020","D16","ABBY","ABBY_062","NEON.PLA.D16.ABBY.00903","7","ok","small shrub","Standing dead",,,"noChange",,,,,,,,"inverted cone",1.2,10,0.17,0.15,,,,,,,,,,"0000-0002-0205-7735","0000-0003-0562-3007",
"19702cd9-00eb-4e99-99ab-ca3759b15742","ABBY_062.basePlot.vst","2020-09-25","vst_ABBY_2020","D16","ABBY","ABBY_062","NEON.PLA.D16.ABBY.00901","1","ok","small tree","Live",1.2,130,"noChange",2.5,,,,1.5,1.3,"Partially shaded",,,,,,,,,,,,,,,"0000-0002-0205-7735","0000-0003-0562-3007",
"7c8a0265-7296-47e3-8d44-990eb53fe715","ABBY_062.basePlot.vst","2020-09-25","vst_ABBY_2020","D16","ABBY","ABBY_062","NEON.PLA.D16.ABBY.00903","2","ok","small shrub","Standing dead",,,"noChange",,,,,,,,"inverted cone",1.6,10,0.17,0.15,,,,,,,,,,"0000-0002-0205-7735","0000-0003-0562-3007",
"2c8da007-db4d-40f5-89a5-da2d8645029e","ABBY_062.basePlot.vst","2020-09-25","vst_ABBY_2020","D16","ABBY","ABBY_062","NEON.PLA.D16.ABBY.00782","1","ok","small tree","Live",2.4,130,"noChange",4.8,,,,1.5,0.7,"Mostly shaded",,,,,,,,,,,,,,,"0000-0002-4816-2610","0000-0003-2593-761X",
"81e4ffb5-e104-440a-8823-c72674e1452a","ABBY_062.basePlot.vst","2020-09-25","vst_ABBY_2020","D16","ABBY","ABBY_062","NEON.PLA.D16.ABBY.03619","1","ok","small shrub","Live",,,"noChange",1.7,,,,1.3,1.1,"Full shade","cylinder",1.4,10,,,,,,,,,,,,"0000-0002-0205-7735","0000-0003-0562-3007",
"b1bba84b-1014-4283-bafd-327522fe479d","ABBY_073.basePlot.vst","2020-09-25","vst_ABBY_2020","D16","ABBY","ABBY_073","NEON.PLA.D16.ABBY.01669","1","ok","single bole tree","Live",13.7,130,"noChange",9.5,,,,5.9,4.7,"Partially shaded",,,,,,,,,,,,,,,"0000-0001-9521-413X","0000-0002-2759-254X",
"da5272e5-e928-4dd2-aa4d-42c224bfc856","ABBY_073.basePlot.vst","2020-09-25","vst_ABBY_2020","D16","ABBY","ABBY_073","NEON.PLA.D16.ABBY.03581","1","ok","small shrub","Live",,,"noChange",0.8,0.4,,,0.6,0.6,"Mostly shaded","ellipsoid or sphere",1.0,10,,,,,,,,,,,,"0000-0001-9713-5304","0000-0002-7203-5072",
"6c9e4003-5568-4d5a-9ecf-d72f929215a7","ABBY_062.basePlot.vst","2020-09-25","vst_ABBY_2020","D16","ABBY","ABBY_062","NEON.PLA.D16.ABBY.01813","1","ok","small tree","Live",1.6,130,"noChange",2.9,,,,1.9,1.5,"Partially shaded",,,,,,,,,,,,,,,"0000-0002-0205-7735","0000-0003-0562-3007",
"6fc932f4-00c6-4a1a-96e0-8fdad6c67261","ABBY_062.basePlot.vst","2020-09-25","vst_ABBY_2020","D16","ABBY","ABBY_062","NEON.PLA.D16.ABBY.02592","2","ok","small shrub","Live",,,"noChange",,,,,,,,"half-sphere",1.1,10,,,,,,,,,,,,"0000-0002-0205-7735","0000-0003-0562-3007",
"8c8e803a-0925-4caf-a2c4-dc6df28ca437","ABBY_063.basePlot.vst","2020-09-26","vst_ABBY_2020","D16","ABBY","ABBY_063","NEON.PLA.D16.ABBY.01786","1","tagRemoved",,"No longer qualifies",,,"noChange",,,,,,,,,,,,,,,,,,,,,,"0000-0003-2593-761X","0000-0001-8510-4041",
"804fd9f3-13cc-4abd-8808-d500a8b162ab","ABBY_063.basePlot.vst","2020-09-26","vst_ABBY_2020","D16","ABBY","ABBY_063","NEON.PLA.D16.ABBY.00294","1","tagRemoved",,"No longer qualifies",,,"noChange",,,,,,,,,,,,,,,,,,,,,,"0000-0003-2593-761X","0000-0001-8510-4041",
"36b979a1-69db-42f7-8845-dec1a04d4fcd","ABBY_063.basePlot.vst","2020-09-26","vst_ABBY_2020","D16","ABBY","ABBY_063","NEON.PLA.D16.ABBY.00292","1","ok","small tree","Live",7.1,130,"noChange",6.1,,,,2.4,2.3,,,,,,,,,,,,,,,,"0000-0002-7203-5072","0000-0001-9713-5304",
"2ff0aba2-7826-43e0-b5a6-3d16c5dd6a79","ABBY_063.basePlot.vst","2020-09-26","vst_ABBY_2020","D16","ABBY","ABBY_063","NEON.PLA.D16.ABBY.07387","2","ok","small shrub","Live",,,"noChange",,,,,,,,"half-sphere",1.0,10,,,,,,,,,,,,"0000-0002-7203-5072","0000-0001-9713-5304",
"bf16b4d8-6f60-4b8a-b67c-e3416b009458","ABBY_063.basePlot.vst","2020-09-26","vst_ABBY_2020","D16","ABBY","ABBY_063","NEON.PLA.D16.ABBY.00437","1","ok","single bole tree","Live,  other damage",17.6,130,"noChange",9.3,,,,5.7,5.3,"Partially shaded",,,,,,,,,,,,,,"Canker oozing sap","0000-0003-2593-761X","0000-0001-8510-4041",
"212d4a45-17b3-4dc9-8c57-947fe56c5930","ABBY_063.basePlot.vst","2020-09-26","vst_ABBY_2020","D16","ABBY","ABBY_063","NEON.PLA.D16.ABBY.00390","1","ok","sapling","Live",,,"noChange",0.5,,,,,,"Partially shaded",,1.1,10,,,,,,,,,,,,"0000-0002-0205-7735","0000-0002-0205-7735",
"97dd4caa-855d-4194-bf3d-efb626addf32","ABBY_063.basePlot.vst","2020-09-26","vst_ABBY_2020","D16","ABBY","ABBY_063","NEON.PLA.D16.ABBY.00912","1","ok","small tree","Live",2.1,130,"noChange",3.4,,,,2.0,1.9,"Partially shaded",,,,,,,,,,,,,,,"0000-0002-7203-5072","0000-0001-9713-5304",
"1257cc87-3ba3-4dbc-a3d7-43c47ce8066d","ABBY_063.basePlot.vst","2020-09-26","vst_ABBY_2020","D16","ABBY","ABBY_063","NEON.PLA.D16.ABBY.01665","1","ok","small shrub","Live",,,"noChange",0.6,,,,0.9,0.5,"Full shade","half-sphere",1.2,10,,,,,,,,,,,,"0000-0002-7203-5072","0000-0001-9713-5304",
"95dfa440-f199-4e39-aada-25b10003273f","ABBY_063.basePlot.vst","2020-09-26","vst_ABBY_2020","D16","ABBY","ABBY_063","NEON.PLA.D16.ABBY.00454","1","ok","single bole tree","Live",13.6,138,"noChange",10.5,,,,4.3,3.5,"Partially shaded",,,,,,,,,,,,,,,"0000-0003-2593-761X","0000-0001-8510-4041",
"cca575de-2867-451b-a7fd-8d746b01dd5e","ABBY_063.basePlot.vst","2020-09-26","vst_ABBY_2020","D16","ABBY","ABBY_063","NEON.PLA.D16.ABBY.00460","1","tagRemoved",,"No longer qualifies",,,"noChange",,,,,,,,,,,,,,,,,,,,,,"0000-0003-2593-761X","0000-0001-8510-4041",
"2a32a16b-e22f-4dfc-ba47-056bafe4e866","ABBY_063.basePlot.vst","2020-09-26","vst_ABBY_2020","D16","ABBY","ABBY_063","NEON.PLA.D16.ABBY.00413","1","ok","single bole tree","Live",18.9,130,"noChange",11.2,,,,4.5,4.1,"Mostly shaded",,,,,,,,,,,,,,,"0000-0003-2593-761X","0000-0001-8510-4041",
"f32cafc7-0110-45ee-87ba-c31b72ef8173","ABBY_063.basePlot.vst","2020-09-26","vst_ABBY_2020","D16","ABBY","ABBY_063","NEON.PLA.D16.ABBY.00444","1","ok","single bole tree","Live",13.6,130,"noChange",8.4,,,,4.3,4.0,"Partially shaded",,,,,,,,,,,,,,,"0000-0003-2593-761X","0000-0001-8510-4041",
"884564f0-64bf-4c60-80e0-1bfcc47d144d","ABBY_063.basePlot.vst","2020-09-26","vst_ABBY_2020","D16","ABBY","ABBY_063","NEON.PLA.D16.ABBY.04798","1","ok","sapling","Live",,,"noChange",2.0,,,,,,"Partially shaded",,2.1,10,,,,,,,,,,,,"0000-0002-0205-7735","0000-0002-0205-7735",
"2fda23d2-ff48-4720-8e8f-58e3c5fe200d","ABBY_063.basePlot.vst","2020-09-26","vst_ABBY_2020","D16","ABBY","ABBY_063","NEON.PLA.D16.ABBY.00921","2","ok","sapling","Live",,,"noChange",,,,,,,,,2.2,10,,,,,,,,,,,,"0000-0002-7203-5072","0000-0001-9713-5304",
"8b336e09-1cb9-4050-95cc-bc27798e6eeb","ABBY_063.basePlot.vst","2020-09-26","vst_ABBY_2020","D16","ABBY","ABBY_063","NEON.PLA.D16.ABBY.00439","1","tagRemoved",,"No longer qualifies",,,"noChange",,,,,,,,,,,,,,,,,,,,,,"0000-0003-2593-761X","0000-0001-8510-4041",
"d869b7eb-7f65-4e93-8256-f2c03b554483","ABBY_063.basePlot.vst","2020-09-26","vst_ABBY_2020","D16","ABBY","ABBY_063","NEON.PLA.D16.ABBY.00389","1","ok","sapling","Live",,,"noChange",1.4,,,,,,"Partially shaded",,2.2,10,,,,,,,,,,,,"0000-0002-0205-7735","0000-0002-0205-7735",
"425aaba7-a52c-47ad-9b34-3fd3709c6aa1","ABBY_063.basePlot.vst","2020-09-26","vst_ABBY_2020","D16","ABBY","ABBY_063","NEON.PLA.D16.ABBY.01812","1","ok","small tree","Live",1.6,130,"noChange",3.1,,,,1.1,1.1,"Partially shaded",,,,,,,,,,,,,,,"0000-0002-0205-7735","0000-0002-0205-7735",
"8e89ef83-6d27-45f8-b01c-7f5c8b13d746","ABBY_063.basePlot.vst","2020-09-26","vst_ABBY_2020","D16","ABBY","ABBY_063","NEON.PLA.D16.ABBY.00915","1","ok","small tree","Live",2.1,130,"noChange",3.9,,,,1.7,1.4,"Partially shaded",,,,,,,,,,,,,,,"0000-0002-0205-7735","0000-0002-0205-7735",
"5af99426-3a23-42c0-8d05-93073e2728e0","ABBY_063.basePlot.vst","2020-09-26","vst_ABBY_2020","D16","ABBY","ABBY_063","NEON.PLA.D16.ABBY.00449","1","ok","single bole tree","Live",13.4,130,"protocolChange",10.6,,,,4.6,4.4,"Mostly shaded",,,,,,,,,,,,,,"Previous dbh measured under 130 cm","0000-0003-2593-761X","0000-0001-8510-4041",
"ead403f3-86ee-4306-a8bf-a913cb4a9558","ABBY_063.basePlot.vst","2020-09-26","vst_ABBY_2020","D16","ABBY","ABBY_063","NEON.PLA.D16.ABBY.04348","1","ok","small tree","Live",1.1,130,"noChange",2.5,,,,1.2,1.1,"Full sun",,,,,,,,,,,,,,,"0000-0002-7203-5072","0000-0001-9713-5304",
"1fa22c17-e1e7-476c-b331-072c4504703f","ABBY_063.basePlot.vst","2020-09-26","vst_ABBY_2020","D16","ABBY","ABBY_063","NEON.PLA.D16.ABBY.01787","1","ok","small tree","Live",3.1,130,"noChange",5.4,,,,2.6,1.1,"Mostly shaded",,,,,,,,,,,,,,,"0000-0002-0205-7735","0000-0002-0205-7735",
"adfbb57f-f128-49e2-a9a5-15d29986afd3","ABBY_063.basePlot.vst","2020-09-26","vst_ABBY_2020","D16","ABBY","ABBY_063","NEON.PLA.D16.ABBY.00408","1","ok","small tree","Live",3.0,130,"noChange",4.0,,,,3.3,2.8,"Partially shaded",,,,,,,,,,,,,,,"0000-0002-7203-5072","0000-0001-9713-5304",
"fb016f5b-2270-4a94-a253-693b14774dc5","ABBY_063.basePlot.vst","2020-09-26","vst_ABBY_2020","D16","ABBY","ABBY_063","NEON.PLA.D16.ABBY.00421","1","ok","single bole tree","Dead, broken bole",87.6,130,"noChange",6.4,,6.4,60.0,1.1,0.8,"Full sun",,,,,,,,,,,,,,"Cause of death unknown","0000-0003-2593-761X","0000-0001-8510-4041",
"1311c118-c9f9-420a-ba42-37786b1ad9ed","ABBY_063.basePlot.vst","2020-09-26","vst_ABBY_2020","D16","ABBY","ABBY_063","NEON.PLA.D16.ABBY.00388","1","ok","small tree","Live",2.8,130,"noChange",4.1,,,,1.8,1.4,"Full sun",,,,,,,,,,,,,,,"0000-0002-0205-7735","0000-0002-0205-7735",
"6036e1fc-dd66-4154-b5d1-f66fe9e07028","ABBY_063.basePlot.vst","2020-09-26","vst_ABBY_2020","D16","ABBY","ABBY_063","NEON.PLA.D16.ABBY.00468","1","tagRemoved",,"No longer qualifies",,,"noChange",,,,,,,,,,,,,,,,,,,,,,"0000-0003-2593-761X","0000-0001-8510-4041",
"503f1708-b0d1-460c-a6de-b5016f3d906d","ABBY_063.basePlot.vst","2020-09-26","vst_ABBY_2020","D16","ABBY","ABBY_063","NEON.PLA.D16.ABBY.00914","2","ok","small tree","Live",2.7,130,"noChange",,,,,,,,,,,,,,,,,,,,,,"0000-0002-0205-7735","0000-0002-0205-7735",
"f8c9e57e-083b-4f8b-8d69-ac7ba63b6591","ABBY_063.basePlot.vst","2020-09-26","vst_ABBY_2020","D16","ABBY","ABBY_063","NEON.PLA.D16.ABBY.00921","7","ok","sapling","Live",,,"noChange",,,,,,,,,1.1,10,,,,,,,,,,,,"0000-0002-7203-5072","0000-0001-9713-5304",
"451617d8-409c-4d8f-80ad-0f283187ee35","ABBY_063.basePlot.vst","2020-09-26","vst_ABBY_2020","D16","ABBY","ABBY_063","NEON.PLA.D16.ABBY.00394","1","tagRemoved",,"No longer qualifies",,,"noChange",,,,,,,,,,,,,,,,,,,,,,"0000-0003-2593-761X","0000-0001-8510-4041",
"b27d5064-4b7b-43a3-b436-17f2401466bf","ABBY_063.basePlot.vst","2020-09-26","vst_ABBY_2020","D16","ABBY","ABBY_063","NEON.PLA.D16.ABBY.03822","2","ok","sapling","Live",,,"noChange",,,,,,,,,1.1,10,,,,,,,,,,,,"0000-0002-0205-7735","0000-0002-0205-7735",
"c5d6ef32-feff-4d40-ba4c-4cb1cbd589d3","ABBY_063.basePlot.vst","2020-09-26","vst_ABBY_2020","D16","ABBY","ABBY_063","NEON.PLA.D16.ABBY.01664","1","ok","sapling","Live,  other damage",,,"noChange",0.4,,,,,,"Partially shaded",,1.0,10,,,,,,,,,,,"Covered by PTAQ","0000-0002-0205-7735","0000-0002-0205-7735",
"9f757aff-0254-41f8-aefd-7e00787fa6b4","ABBY_063.basePlot.vst","2020-09-26","vst_ABBY_2020","D16","ABBY","ABBY_063","NEON.PLA.D16.ABBY.00298","1","tagRemoved",,"No longer qualifies",,,"noChange",,,,,,,,,,,,,,,,,,,,,,"0000-0003-2593-761X","0000-0001-8510-4041",
"ff3ba265-feaf-4108-ad9d-aaeb71c224d9","ABBY_063.basePlot.vst","2020-09-26","vst_ABBY_2020","D16","ABBY","ABBY_063","NEON.PLA.D16.ABBY.03825","1","ok","sapling","Live",,,"noChange",2.1,,,,,,"Partially shaded",,1.7,10,,,,,,,,,,,,"0000-0002-7203-5072","0000-0001-9713-5304",
"e476781c-5df8-4744-8228-5087c39d88de","ABBY_063.basePlot.vst","2020-09-26","vst_ABBY_2020","D16","ABBY","ABBY_063","NEON.PLA.D16.ABBY.00291","1","tagRemoved",,"No longer qualifies",,,"noChange",,,,,,,,,,,,,,,,,,,,,,"0000-0003-2593-761X","0000-0001-8510-4041",
"9860caba-501f-4fec-b9d9-1d0a1c268fb6","ABBY_063.basePlot.vst","2020-09-26","vst_ABBY_2020","D16","ABBY","ABBY_063","NEON.PLA.D16.ABBY.00407","1","ok","single bole tree","Live",14.7,130,"noChange",11.2,,,,5.2,5.0,"Partially shaded",,,,,,,,,,,,,,,"0000-0003-2593-761X","0000-0001-8510-4041",
"b16113ac-4d43-4455-85aa-560ab5ebc475","ABBY_063.basePlot.vst","2020-09-26","vst_ABBY_2020","D16","ABBY","ABBY_063","NEON.PLA.D16.ABBY.00417","1","ok","single bole tree","Live",11.9,130,"noChange",10.3,,,,4.2,3.8,"Mostly shaded",,,,,,,,,,,,,,,"0000-0003-2593-761X","0000-0001-8510-4041",
"58202d42-4484-4b70-aeb3-294138cc85b1","ABBY_063.basePlot.vst","2020-09-26","vst_ABBY_2020","D16","ABBY","ABBY_063","NEON.PLA.D16.ABBY.00472","1","tagRemoved",,"No longer qualifies",,,"noChange",,,,,,,,,,,,,,,,,,,,,,"0000-0003-2593-761X","0000-0001-8510-4041",
"980c2b9b-3dc0-4086-b750-df22cad75533","ABBY_063.basePlot.vst","2020-09-26","vst_ABBY_2020","D16","ABBY","ABBY_063","NEON.PLA.D16.ABBY.00424","1","ok","sapling","Standing dead",,,"noChange",0.3,,,,,,"Full shade",,1.4,10,,,,,,,,,,,,"0000-0002-0205-7735","0000-0002-0205-7735",
"1e3211c5-81e0-4f78-8edc-90504331c0fc","ABBY_063.basePlot.vst","2020-09-26","vst_ABBY_2020","D16","ABBY","ABBY_063","NEON.PLA.D16.ABBY.00429","1","ok","single bole tree","Live",16.9,130,"noChange",10.5,,,,5.6,5.2,"Full sun",,,,,,,,,,,,,,,"0000-0003-2593-761X","0000-0001-8510-4041",
"6a8eefda-2a5d-4a40-a8cb-f95d8be9d0ac","ABBY_063.basePlot.vst","2020-09-26","vst_ABBY_2020","D16","ABBY","ABBY_063","NEON.PLA.D16.ABBY.00410","1","tagRemoved",,"No longer qualifies",,,"noChange",,,,,,,,,,,,,,,,,,,,,,"0000-0003-2593-761X","0000-0001-8510-4041",
"1a407991-20ec-4778-81f9-b26dfc0443aa","ABBY_063.basePlot.vst","2020-09-26","vst_ABBY_2020","D16","ABBY","ABBY_063","NEON.PLA.D16.ABBY.00428","1","ok","small tree","Live",3.4,130,"noChange",2.8,,,,1.4,1.3,"Mostly shaded",,,,,,,,,,,,,,,"0000-0002-7203-5072","0000-0001-9713-5304",
"2b6b3671-31ad-4170-ab42-b71043cba8bf","ABBY_063.basePlot.vst","2020-09-26","vst_ABBY_2020","D16","ABBY","ABBY_063","NEON.PLA.D16.ABBY.03084","1","ok",,"No longer qualifies",,,"noChange",,,,,,,,,,,,,,,,,,,,,,"0000-0003-2593-761X","0000-0001-8510-4041",
"623e536b-4600-421f-96f2-e0a2b1a9c5af","ABBY_063.basePlot.vst","2020-09-26","vst_ABBY_2020","D16","ABBY","ABBY_063","NEON.PLA.D16.ABBY.00459","1","ok","small tree","Live",4.2,130,"noChange",4.5,,,,2.1,2.0,"Partially shaded",,,,,,,,,,,,,,,"0000-0002-7203-5072","0000-0001-9713-5304",
"42767ccf-a6d9-4450-b783-bb1ddc543914","ABBY_063.basePlot.vst","2020-09-26","vst_ABBY_2020","D16","ABBY","ABBY_063","NEON.PLA.D16.ABBY.00409","1","ok","sapling","Live",,,"noChange",1.0,,,,,,"Mostly shaded",,1.7,10,,,,,,,,,,,,"0000-0002-7203-5072","0000-0001-9713-5304",
"11be24b6-3d5f-49f2-9191-346914169b69","ABBY_063.basePlot.vst","2020-09-26","vst_ABBY_2020","D16","ABBY","ABBY_063","NEON.PLA.D16.ABBY.00473","1","tagRemoved",,"No longer qualifies",,,"noChange",,,,,,,,,,,,,,,,,,,,,,"0000-0003-2593-761X","0000-0001-8510-4041",
"49384ac5-8e44-4bac-995d-60c29d435b6d","ABBY_063.basePlot.vst","2020-09-26","vst_ABBY_2020","D16","ABBY","ABBY_063","NEON.PLA.D16.ABBY.00431","1","ok","single bole tree","Dead, broken bole",104.4,130,"noChange",1.9,,1.9,93.0,0.9,0.9,"Full sun",,,,,,,,,,,,,,"Cause of death unknown","0000-0003-2593-761X","0000-0001-8510-4041",
"e7ebca5c-702f-426f-b2ae-c9050d158a4c","ABBY_063.basePlot.vst","2020-09-26","vst_ABBY_2020","D16","ABBY","ABBY_063","NEON.PLA.D16.ABBY.00434","1","ok","small tree","Live",3.6,130,"noChange",4.3,,,,2.1,2.1,"Partially shaded",,,,,,,,,,,,,,,"0000-0002-7203-5072","0000-0001-9713-5304",
"3cec33d8-7707-4226-b7be-1549706bdb40","ABBY_063.basePlot.vst","2020-09-26","vst_ABBY_2020","D16","ABBY","ABBY_063","NEON.PLA.D16.ABBY.07384","1","ok","small shrub","Live",,,"noChange",0.9,,,,0.6,0.4,"Partially shaded","inverted cone",1.1,10,0.20,0.20,,,,,,,,,,"0000-0002-7203-5072","0000-0001-9713-5304",
"ab7c369a-5911-4338-a9a9-592504566e42","ABBY_063.basePlot.vst","2020-09-26","vst_ABBY_2020","D16","ABBY","ABBY_063","NEON.PLA.D16.ABBY.00441","1","ok","single bole tree","No longer qualifies",,,"noChange",,,,,,,,,,,,,,,,,,,,,,"0000-0003-2593-761X","0000-0001-8510-4041",
"2250b46a-6af1-4d0b-a967-5dd97365f2ed","ABBY_063.basePlot.vst","2020-09-26","vst_ABBY_2020","D16","ABBY","ABBY_063","NEON.PLA.D16.ABBY.00435","1","ok","single bole tree","Live",10.6,130,"noChange",7.6,,,,3.3,2.8,"Full sun",,,,,,,,,,,,,,,"0000-0003-2593-761X","0000-0001-8510-4041",
"9f85eedc-0a80-4fb1-b65c-e4037b12c478","ABBY_063.basePlot.vst","2020-09-26","vst_ABBY_2020","D16","ABBY","ABBY_063","NEON.PLA.D16.ABBY.00920","1","ok","small tree","Live",2.9,130,"noChange",4.2,,,,1.7,1.6,"Partially shaded",,,,,,,,,,,,,,,"0000-0002-7203-5072","0000-0001-9713-5304",
"4bb63978-1e03-4a9d-872f-ded662b217a6","ABBY_063.basePlot.vst","2020-09-26","vst_ABBY_2020","D16","ABBY","ABBY_063","NEON.PLA.D16.ABBY.00384","1","ok","small tree","Live",1.4,130,"noChange",2.4,,,,0.7,0.6,"Mostly shaded",,,,,,,,,,,,,,,"0000-0002-7203-5072","0000-0001-9713-5304",
"669094fc-218f-4e88-b49e-6281b45216c7","ABBY_063.basePlot.vst","2020-09-26","vst_ABBY_2020","D16","ABBY","ABBY_063","NEON.PLA.D16.ABBY.01666","2","ok","sapling","Live, physically damaged",,,"noChange",,,,,,,,,1.4,10,,,,,,,,,,,,"0000-0002-7203-5072","0000-0001-9713-5304",
"f734a2ef-79f1-4e6a-bc57-1f8db38efb4f","ABBY_063.basePlot.vst","2020-09-26","vst_ABBY_2020","D16","ABBY","ABBY_063","NEON.PLA.D16.ABBY.07385","1","ok","small shrub","Live",,,"noChange",0.8,,,,0.9,0.5,"Mostly shaded","half-sphere",1.2,10,,,,,,,,,,,,"0000-0002-7203-5072","0000-0001-9713-5304",
"372d9108-8aed-4ecc-98b0-9d6a90698986","ABBY_063.basePlot.vst","2020-09-26","vst_ABBY_2020","D16","ABBY","ABBY_063","NEON.PLA.D16.ABBY.00420","1","ok","single bole tree","Live",17.6,130,"noChange",12.0,,,,6.0,5.0,"Partially shaded",,,,,,,,,,,,,,,"0000-0003-2593-761X","0000-0001-8510-4041",
"fb5a4909-7041-4744-bb66-2a2b6a494ca5","ABBY_063.basePlot.vst","2020-09-26","vst_ABBY_2020","D16","ABBY","ABBY_063","NEON.PLA.D16.ABBY.00296","1","ok","single bole tree","Live",16.5,130,"noChange",11.0,,,,4.4,3.7,"Partially shaded",,,,,,,,,,,,,,,"0000-0003-2593-761X","0000-0001-8510-4041",
"6cdfeea4-cebe-4ba8-b473-497fe4afbb78","ABBY_063.basePlot.vst","2020-09-26","vst_ABBY_2020","D16","ABBY","ABBY_063","NEON.PLA.D16.ABBY.00921","4","ok","sapling","Live",,,"noChange",,,,,,,,,1.0,10,,,,,,,,,,,,"0000-0002-7203-5072","0000-0001-9713-5304",
"2a3559c8-2639-45c2-8b4a-d469765f3bbf","ABBY_063.basePlot.vst","2020-09-26","vst_ABBY_2020","D16","ABBY","ABBY_063","NEON.PLA.D16.ABBY.00408","2","ok","small tree","Live",1.6,130,"noChange",,,,,,,,,,,,,,,,,,,,,,"0000-0002-7203-5072","0000-0001-9713-5304",
"48287cdd-143f-4463-bfd2-92c31a1c0489","ABBY_063.basePlot.vst","2020-09-26","vst_ABBY_2020","D16","ABBY","ABBY_063","NEON.PLA.D16.ABBY.03085","1","ok","small tree","Live",1.3,130,"noChange",2.4,,,,0.8,0.8,"Full sun",,,,,,,,,,,,,,,"0000-0002-0205-7735","0000-0002-0205-7735",
"0cff2e8d-d78c-493e-b162-2fb698f615e7","ABBY_063.basePlot.vst","2020-09-26","vst_ABBY_2020","D16","ABBY","ABBY_063","NEON.PLA.D16.ABBY.04345","1","ok","small tree","Live",1.4,130,"noChange",2.6,,,,1.2,1.1,"Partially shaded",,,,,,,,,,,,,,,"0000-0002-7203-5072","0000-0001-9713-5304",
"005424f7-e12b-40b2-aa08-128fbeb3d746","ABBY_063.basePlot.vst","2020-09-26","vst_ABBY_2020","D16","ABBY","ABBY_063","NEON.PLA.D16.ABBY.00918","1","ok","small tree","Live",3.1,130,"noChange",4.1,,,,2.6,1.9,"Mostly shaded",,,,,,,,,,,,,,,"0000-0002-7203-5072","0000-0001-9713-5304",
"9e096e61-64bd-4faa-9511-9ade3517344d","ABBY_063.basePlot.vst","2020-09-26","vst_ABBY_2020","D16","ABBY","ABBY_063","NEON.PLA.D16.ABBY.04395","1","ok","sapling","Live",,,"noChange",1.6,,,,,,"Partially shaded",,1.5,10,,,,,,,,,,,,"0000-0002-0205-7735","0000-0002-0205-7735",
"38a7474d-5894-4518-b3fa-6419523b6c09","ABBY_063.basePlot.vst","2020-09-26","vst_ABBY_2020","D16","ABBY","ABBY_063","NEON.PLA.D16.ABBY.00470","1","tagRemoved",,"No longer qualifies",,,"noChange",,,,,,,,,,,,,,,,,,,,,,"0000-0003-2593-761X","0000-0001-8510-4041",
"c8481361-8e15-4f79-925c-5993cee304b0","ABBY_063.basePlot.vst","2020-09-26","vst_ABBY_2020","D16","ABBY","ABBY_063","NEON.PLA.D16.ABBY.07387","1","ok","small shrub","Live",,,"noChange",0.7,,,,0.8,0.6,"Partially shaded","half-sphere",1.0,10,,,,,,,,,,,,"0000-0002-7203-5072","0000-0001-9713-5304",
"4d837e71-5992-43ac-af55-c99df67ff7ff","ABBY_063.basePlot.vst","2020-09-26","vst_ABBY_2020","D16","ABBY","ABBY_063","NEON.PLA.D16.ABBY.00404","1","ok","single bole tree","Live",10.2,130,"noChange",10.0,,,,4.0,3.8,"Mostly shaded",,,,,,,,,,,,,,,"0000-0003-2593-761X","0000-0001-8510-4041",
"d30cb2ee-d48b-4e3d-a72e-b116a147deaa","ABBY_063.basePlot.vst","2020-09-26","vst_ABBY_2020","D16","ABBY","ABBY_063","NEON.PLA.D16.ABBY.00453","1","ok","single bole tree","Live",15.6,130,"protocolChange",9.9,,,,4.4,3.9,"Mostly shaded",,,,,,,,,,,,,,"Previous dbh measured under 130 cm","0000-0003-2593-761X","0000-0001-8510-4041",
"7d94640f-b924-4fe9-bccc-3413018d8434","ABBY_063.basePlot.vst","2020-09-26","vst_ABBY_2020","D16","ABBY","ABBY_063","NEON.PLA.D16.ABBY.00442","1","tagRemoved",,"No longer qualifies",,,"noChange",,,,,,,,,,,,,,,,,,,,,,"0000-0003-2593-761X","0000-0001-8510-4041",
"b08f06af-3dd1-4800-af16-eb07e2cb5aab","ABBY_063.basePlot.vst","2020-09-26","vst_ABBY_2020","D16","ABBY","ABBY_063","NEON.PLA.D16.ABBY.00917","1","ok","small tree","Live",1.2,130,"noChange",2.0,,,,0.8,0.7,"Full sun",,,,,,,,,,,,,,,"0000-0002-7203-5072","0000-0001-9713-5304",
"d23a3801-887d-4597-818e-399532d57374","ABBY_063.basePlot.vst","2020-09-26","vst_ABBY_2020","D16","ABBY","ABBY_063","NEON.PLA.D16.ABBY.00921","1","ok","sapling","Live",,,"noChange",1.9,,,,,,"Full shade",,2.2,10,,,,,,,,,,,,"0000-0002-7203-5072","0000-0001-9713-5304",
"8d0e4fdc-6fe8-4902-8caa-53c239abf8cf","ABBY_063.basePlot.vst","2020-09-26","vst_ABBY_2020","D16","ABBY","ABBY_063","NEON.PLA.D16.ABBY.01662","1","ok","small tree","Live",1.9,130,"noChange",3.2,,,,1.3,1.1,"Partially shaded",,,,,,,,,,,,,,,"0000-0002-0205-7735","0000-0002-0205-7735",
"ed6a2d6a-0eb1-4ad7-8b71-1e8b0c6bb2f5","ABBY_063.basePlot.vst","2020-09-26","vst_ABBY_2020","D16","ABBY","ABBY_063","NEON.PLA.D16.ABBY.00451","1","ok","single bole tree","Live",11.5,132,"protocolChange",9.0,,,,3.7,3.4,"Partially shaded",,,,,,,,,,,,,,"Previous dbh measured below 130 cm","0000-0003-2593-761X","0000-0001-8510-4041",
"da6527d3-9f5a-4e27-8e8c-ec04acbba1e8","ABBY_063.basePlot.vst","2020-09-26","vst_ABBY_2020","D16","ABBY","ABBY_063","NEON.PLA.D16.ABBY.00393","1","tagRemoved",,"No longer qualifies",,,"noChange",,,,,,,,,,,,,,,,,,,,,,"0000-0003-2593-761X","0000-0001-8510-4041",
"1b2030c5-a268-43a7-ab9a-e38d49518013","ABBY_063.basePlot.vst","2020-09-26","vst_ABBY_2020","D16","ABBY","ABBY_063","NEON.PLA.D16.ABBY.01661","1","tagRemoved",,"No longer qualifies",,,"noChange",,,,,,,,,,,,,,,,,,,,,,"0000-0003-2593-761X","0000-0001-8510-4041",
"1a2c12b3-ea64-40c7-9955-c69ddf6e33fa","ABBY_063.basePlot.vst","2020-09-26","vst_ABBY_2020","D16","ABBY","ABBY_063","NEON.PLA.D16.ABBY.07383","1","ok","small shrub","Live",,,"noChange",1.0,,,,1.0,0.4,"Partially shaded","inverted cone",1.1,10,0.20,0.10,,,,,,,,,,"0000-0002-7203-5072","0000-0001-9713-5304",
"a625327c-fefc-4082-beb9-6c5b5a693de0","ABBY_063.basePlot.vst","2020-09-26","vst_ABBY_2020","D16","ABBY","ABBY_063","NEON.PLA.D16.ABBY.00911","1","ok","small shrub","Live",,,"noChange",0.9,,,,0.9,0.6,"Mostly shaded","half-sphere",1.4,10,,,,,,,,,,,,"0000-0002-7203-5072","0000-0001-9713-5304",
"ab51716a-189f-41d7-ae46-de8810334976","ABBY_063.basePlot.vst","2020-09-26","vst_ABBY_2020","D16","ABBY","ABBY_063","NEON.PLA.D16.ABBY.00438","1","ok","small tree","Live",4.7,130,"noChange",4.9,,,,2.3,2.3,"Partially shaded",,,,,,,,,,,,,,,"0000-0002-7203-5072","0000-0001-9713-5304",
"0a947e9c-8957-45a0-8786-b0b034c3ca62","ABBY_063.basePlot.vst","2020-09-26","vst_ABBY_2020","D16","ABBY","ABBY_063","NEON.PLA.D16.ABBY.07386","1","ok","small shrub","Live",,,"noChange",0.8,,,,0.9,0.7,"Partially shaded","half-sphere",1.1,10,,,,,,,,,,,,"0000-0002-7203-5072","0000-0001-9713-5304",
"703bea09-1ed0-4385-80b9-534b3cae9a24","ABBY_063.basePlot.vst","2020-09-26","vst_ABBY_2020","D16","ABBY","ABBY_063","NEON.PLA.D16.ABBY.03523","1","ok","sapling","Live",,,"noChange",2.0,,,,,,"Partially shaded",,2.2,10,,,,,,,,,,,,"0000-0002-0205-7735","0000-0002-0205-7735",
"1ff55bf9-ac2a-40b1-924b-bdb120af1b40","ABBY_063.basePlot.vst","2020-09-26","vst_ABBY_2020","D16","ABBY","ABBY_063","NEON.PLA.D16.ABBY.00297","1","tagRemoved",,"No longer qualifies",,,"noChange",,,,,,,,,,,,,,,,,,,,,,"0000-0003-2593-761X","0000-0001-8510-4041",
"e8789800-0912-4d5e-adb7-f7a94e2f44a3","ABBY_063.basePlot.vst","2020-09-26","vst_ABBY_2020","D16","ABBY","ABBY_063","NEON.PLA.D16.ABBY.00921","6","ok","sapling","Live",,,"noChange",,,,,,,,,1.2,10,,,,,,,,,,,,"0000-0002-7203-5072","0000-0001-9713-5304",
"c1a633b9-1753-4023-ae65-d5fe25a33f0a","ABBY_063.basePlot.vst","2020-09-26","vst_ABBY_2020","D16","ABBY","ABBY_063","NEON.PLA.D16.ABBY.03822","1","ok","sapling","Live",,,"noChange",1.5,,,,,,"Full sun",,1.1,10,,,,,,,,,,,,"0000-0002-0205-7735","0000-0002-0205-7735",
"f7259d16-e392-4119-af85-3d35c82633eb","ABBY_063.basePlot.vst","2020-09-26","vst_ABBY_2020","D16","ABBY","ABBY_063","NEON.PLA.D16.ABBY.00448","1","ok","single bole tree","Live",14.2,130,"protocolChange",9.3,,,,5.0,4.9,"Partially shaded",,,,,,,,,,,,,,"Previous measure height under 130 cm","0000-0003-2593-761X","0000-0001-8510-4041",
"11d88bf7-3540-4232-893f-c600a42a162e","ABBY_063.basePlot.vst","2020-09-26","vst_ABBY_2020","D16","ABBY","ABBY_063","NEON.PLA.D16.ABBY.00433","1","tagRemoved",,"No longer qualifies",,,"noChange",,,,,,,,,,,,,,,,,,,,,,"0000-0003-2593-761X","0000-0001-8510-4041",
"a1e32cc7-0f8d-4efc-9e8a-fe09349b8433","ABBY_063.basePlot.vst","2020-09-26","vst_ABBY_2020","D16","ABBY","ABBY_063","NEON.PLA.D16.ABBY.00921","3","ok","sapling","Live",,,"noChange",,,,,,,,,1.6,10,,,,,,,,,,,,"0000-0002-7203-5072","0000-0001-9713-5304",
"f1101cdc-9e2e-451d-bb89-0686fa759ccb","ABBY_063.basePlot.vst","2020-09-26","vst_ABBY_2020","D16","ABBY","ABBY_063","NEON.PLA.D16.ABBY.00922","1","ok","small tree","Live",3.1,130,"noChange",4.0,,,,1.6,1.6,"Mostly shaded",,,,,,,,,,,,,,,"0000-0002-7203-5072","0000-0001-9713-5304",
"75cb1d5f-0bd4-42ec-8388-047d5c74e727","ABBY_063.basePlot.vst","2020-09-26","vst_ABBY_2020","D16","ABBY","ABBY_063","NEON.PLA.D16.ABBY.03376","1","tagRemoved",,"No longer qualifies",,,"noChange",,,,,,,,,,,,,,,,,,,,,,"0000-0003-2593-761X","0000-0001-8510-4041",
"52f5b220-3fd6-4a7c-9af9-a4e8ce29a3af","ABBY_063.basePlot.vst","2020-09-26","vst_ABBY_2020","D16","ABBY","ABBY_063","NEON.PLA.D16.ABBY.00455","1","ok","sapling","Live",,,"noChange",0.8,,,,,,"Mostly shaded",,2.1,10,,,,,,,,,,,,"0000-0002-7203-5072","0000-0001-9713-5304",
"76607f99-8067-4b7d-ad9f-abada26bde60","ABBY_063.basePlot.vst","2020-09-26","vst_ABBY_2020","D16","ABBY","ABBY_063","NEON.PLA.D16.ABBY.00299","1","ok","sapling","Live",,,"noChange",0.6,,,,,,"Mostly shaded",,2.2,10,,,,,,,,,,,,"0000-0002-7203-5072","0000-0001-9713-5304",
"f84e9832-66fe-4d10-9930-152a83f51ad5","ABBY_063.basePlot.vst","2020-09-26","vst_ABBY_2020","D16","ABBY","ABBY_063","NEON.PLA.D16.ABBY.00427","1","ok","single bole tree","Live",13.8,133,"noChange",11.0,,,,5.0,3.4,"Mostly shaded",,,,,,,,,,,,,,,"0000-0003-2593-761X","0000-0001-8510-4041",
"03ffc2ce-3d0d-4aff-b673-ed76bff26bb6","ABBY_063.basePlot.vst","2020-09-26","vst_ABBY_2020","D16","ABBY","ABBY_063","NEON.PLA.D16.ABBY.00436","1","ok","single bole tree","Live",16.8,130,"noChange",10.4,,,,5.2,3.9,"Partially shaded",,,,,,,,,,,,,,,"0000-0003-2593-761X","0000-0001-8510-4041",
"f94f536b-34e0-4553-b0c4-479922bc6498","ABBY_063.basePlot.vst","2020-09-26","vst_ABBY_2020","D16","ABBY","ABBY_063","NEON.PLA.D16.ABBY.04363","1","tagRemoved",,"No longer qualifies",,,"noChange",,,,,,,,,,,,,,,,,,,,,,"0000-0003-2593-761X","0000-0001-8510-4041",
"19589543-23da-4aa7-9f0c-d819756bb112","ABBY_063.basePlot.vst","2020-09-26","vst_ABBY_2020","D16","ABBY","ABBY_063","NEON.PLA.D16.ABBY.00469","1","ok",,"No longer qualifies",,,"noChange",,,,,,,,,,,,,,,,,,,,,,"0000-0003-2593-761X","0000-0001-8510-4041",
"33403783-9c6e-4290-b2d0-fe53c2af2be4","ABBY_063.basePlot.vst","2020-09-26","vst_ABBY_2020","D16","ABBY","ABBY_063","NEON.PLA.D16.ABBY.00921","8","ok","sapling","Live",,,"noChange",,,,,,,,,1.2,10,,,,,,,,,,,,"0000-0002-7203-5072","0000-0001-9713-5304",
"fce44630-e6a2-4914-b76e-de3661a37daf","ABBY_063.basePlot.vst","2020-09-26","vst_ABBY_2020","D16","ABBY","ABBY_063","NEON.PLA.D16.ABBY.00406","1","ok","single bole tree","Live",11.9,130,"noChange",9.4,,,,4.6,4.1,"Mostly shaded",,,,,,,,,,,,,,,"0000-0003-2593-761X","0000-0001-8510-4041",
"9a3211c7-45e4-4c01-b43f-d34a2da88053","ABBY_063.basePlot.vst","2020-09-26","vst_ABBY_2020","D16","ABBY","ABBY_063","NEON.PLA.D16.ABBY.00445","1","ok","small tree","Live",7.5,130,"noChange",6.7,,,,3.0,2.5,"Partially shaded",,,,,,,,,,,,,,,"0000-0002-7203-5072","0000-0001-9713-5304",
"9aca1733-56e2-4802-a744-6bee6866ae8d","ABBY_063.basePlot.vst","2020-09-26","vst_ABBY_2020","D16","ABBY","ABBY_063","NEON.PLA.D16.ABBY.04351","1","ok","small tree","Live",1.9,130,"noChange",3.1,,,,1.2,1.2,"Full sun",,,,,,,,,,,,,,,"0000-0002-7203-5072","0000-0001-9713-5304",
"503b4cb6-f379-4c58-a1dd-a13ad21b07e0","ABBY_063.basePlot.vst","2020-09-26","vst_ABBY_2020","D16","ABBY","ABBY_063","NEON.PLA.D16.ABBY.00401","1","ok","single bole tree","Live",16.3,130,"noChange",10.4,,,,4.3,3.9,"Partially shaded",,,,,,,,,,,,,,,"0000-0003-2593-761X","0000-0001-8510-4041",
"3c59cf8d-287f-47c4-a180-bed89f8319ce","ABBY_063.basePlot.vst","2020-09-26","vst_ABBY_2020","D16","ABBY","ABBY_063","NEON.PLA.D16.ABBY.00293","1","ok","small tree","Live",2.0,131,"noChange",4.0,,,,2.6,1.6,"Full shade",,,,,,,,,,,,,,,"0000-0002-7203-5072","0000-0001-9713-5304",
"74015018-156c-47fc-b3c0-761473492530","ABBY_063.basePlot.vst","2020-09-26","vst_ABBY_2020","D16","ABBY","ABBY_063","NEON.PLA.D16.ABBY.00923","1","ok","small tree","Live",2.0,130,"noChange",3.6,,,,2.0,1.8,"Partially shaded",,,,,,,,,,,,,,,"0000-0002-0205-7735","0000-0002-0205-7735",
"1b16b4dd-ddbc-4e32-a0cc-c048626a1da5","ABBY_063.basePlot.vst","2020-09-26","vst_ABBY_2020","D16","ABBY","ABBY_063","NEON.PLA.D16.ABBY.00921","5","ok","sapling","Live",,,"noChange",,,,,,,,,1.5,10,,,,,,,,,,,,"0000-0002-7203-5072","0000-0001-9713-5304",
"c69a80c5-bcb2-49b7-99c9-5bdc6a4a165b","ABBY_063.basePlot.vst","2020-09-26","vst_ABBY_2020","D16","ABBY","ABBY_063","NEON.PLA.D16.ABBY.00910","1","ok","small tree","Live",4.2,130,"noChange",5.5,,,,3.1,2.4,"Mostly shaded",,,,,,,,,,,,,,,"0000-0002-7203-5072","0000-0001-9713-5304",
"100b4599-4809-4e3b-b66c-658301e069e1","ABBY_063.basePlot.vst","2020-09-26","vst_ABBY_2020","D16","ABBY","ABBY_063","NEON.PLA.D16.ABBY.00430","1","ok","single bole tree","Live",14.9,130,"noChange",10.1,,,,4.7,4.5,"Full sun",,,,,,,,,,,,,,,"0000-0003-2593-761X","0000-0001-8510-4041",
"ff52d431-3707-4ddf-9ef7-dcac5bea9b29","ABBY_063.basePlot.vst","2020-09-26","vst_ABBY_2020","D16","ABBY","ABBY_063","NEON.PLA.D16.ABBY.01658","1","ok","sapling","Live",,,"noChange",1.7,,,,,,"Full sun",,1.9,10,,,,,,,,,,,,"0000-0002-0205-7735","0000-0002-0205-7735",
"dabd6999-ae3d-44c1-9e59-ced23fc22394","ABBY_063.basePlot.vst","2020-09-26","vst_ABBY_2020","D16","ABBY","ABBY_063","NEON.PLA.D16.ABBY.00300","1","ok","small tree","Live",1.4,130,"noChange",2.7,,,,1.1,0.9,"Mostly shaded",,,,,,,,,,,,,,,"0000-0002-7203-5072","0000-0001-9713-5304",
"3d8a5046-8450-4a2d-ad4c-fd764bc8152a","ABBY_063.basePlot.vst","2020-09-26","vst_ABBY_2020","D16","ABBY","ABBY_063","NEON.PLA.D16.ABBY.00422","1","ok","single bole tree","Live",11.2,130,"noChange",7.2,,,,4.3,4.0,"Full sun",,,,,,,,,,,,,,,"0000-0003-2593-761X","0000-0001-8510-4041",
"48a5d34a-e7ca-4344-96b1-415a8556af10","ABBY_063.basePlot.vst","2020-09-26","vst_ABBY_2020","D16","ABBY","ABBY_063","NEON.PLA.D16.ABBY.03523","2","ok","sapling","Live",,,"noChange",,,,,,,,,1.2,10,,,,,,,,,,,,"0000-0002-0205-7735","0000-0002-0205-7735",
"5837b9ae-bba7-426b-bd94-db72eda24a7a","ABBY_063.basePlot.vst","2020-09-26","vst_ABBY_2020","D16","ABBY","ABBY_063","NEON.PLA.D16.ABBY.00443","1","tagRemoved",,"No longer qualifies",,,"noChange",,,,,,,,,,,,,,,,,,,,,,"0000-0003-2593-761X","0000-0001-8510-4041",
"a66246cc-0c0a-4676-8df8-39f6d21e089e","ABBY_063.basePlot.vst","2020-09-26","vst_ABBY_2020","D16","ABBY","ABBY_063","NEON.PLA.D16.ABBY.00474","1","ok","single shrub","Live",2.6,130,"noChange",3.7,,,,1.7,1.5,"Partially shaded","columnar",4.0,10,,,,,,,,,,,,"0000-0002-7203-5072","0000-0001-9713-5304",
"441b1f3f-0629-4ed4-a83f-b6c2390a9b62","ABBY_063.basePlot.vst","2020-09-26","vst_ABBY_2020","D16","ABBY","ABBY_063","NEON.PLA.D16.ABBY.03524","1","ok","sapling","Live",,,"noChange",1.0,,,,,,"Partially shaded",,1.3,10,,,,,,,,,,,,"0000-0002-0205-7735","0000-0002-0205-7735",
"d536ea55-9ca7-4a9a-8a39-9de6b61b690a","ABBY_063.basePlot.vst","2020-09-26","vst_ABBY_2020","D16","ABBY","ABBY_063","NEON.PLA.D16.ABBY.00452","1","ok","single bole tree","Live",16.0,140,"protocolChange",11.3,,,,4.8,4.1,"Partially shaded",,,,,,,,,,,,,,"Previous dbh measured under 130 cm. Current dbh measure height at 140 due to branches at 130.","0000-0003-2593-761X","0000-0001-8510-4041",
"e9547a65-effe-4b3c-af21-a046e05c65b3","ABBY_063.basePlot.vst","2020-09-26","vst_ABBY_2020","D16","ABBY","ABBY_063","NEON.PLA.D16.ABBY.01666","1","ok","sapling","Live, physically damaged",,,"noChange",0.7,,,,,,"Full shade",,1.6,10,,,,,,,,,,,,"0000-0002-7203-5072","0000-0001-9713-5304",
"d32f4ab3-927b-4290-a9a2-bc7b4b6da03a","ABBY_063.basePlot.vst","2020-09-26","vst_ABBY_2020","D16","ABBY","ABBY_063","NEON.PLA.D16.ABBY.00295","1","tagRemoved",,"No longer qualifies",,,"noChange",,,,,,,,,,,,,,,,,,,,,,"0000-0003-2593-761X","0000-0001-8510-4041",
"b6078d83-0531-49a4-baa0-b25d8e0430fa","ABBY_063.basePlot.vst","2020-09-26","vst_ABBY_2020","D16","ABBY","ABBY_063","NEON.PLA.D16.ABBY.00416","1","ok","single bole tree","Live",13.9,130,"noChange",10.7,,,,5.5,4.9,"Partially shaded",,,,,,,,,,,,,,,"0000-0003-2593-761X","0000-0001-8510-4041",
"6db96f11-bc74-4874-8993-9e667936a996","ABBY_063.basePlot.vst","2020-09-26","vst_ABBY_2020","D16","ABBY","ABBY_063","NEON.PLA.D16.ABBY.00386","1","tagRemoved",,"No longer qualifies",,,"noChange",,,,,,,,,,,,,,,,,,,,,,"0000-0003-2593-761X","0000-0001-8510-4041",
"67fd2247-07e6-4482-8211-b86125fc88f5","ABBY_063.basePlot.vst","2020-09-26","vst_ABBY_2020","D16","ABBY","ABBY_063","NEON.PLA.D16.ABBY.07382","1","ok","small shrub","Live",,,"noChange",1.0,,,,0.5,0.3,"Partially shaded","inverted cone",1.0,10,0.20,0.10,,,,,,,,,,"0000-0002-7203-5072","0000-0001-9713-5304",
"6c37d167-0ee9-4d2f-ad1b-97cc81084019","ABBY_063.basePlot.vst","2020-09-26","vst_ABBY_2020","D16","ABBY","ABBY_063","NEON.PLA.D16.ABBY.00914","1","ok","small tree","Live",3.1,130,"noChange",4.0,,,,2.6,2.2,"Partially shaded",,,,,,,,,,,,,,,"0000-0002-0205-7735","0000-0002-0205-7735",
"f8ef6248-29c4-4c5b-8a7c-4a2250a40c04","ABBY_063.basePlot.vst","2020-09-26","vst_ABBY_2020","D16","ABBY","ABBY_063","NEON.PLA.D16.ABBY.00419","1","ok","single bole tree","Live",11.9,130,"noChange",8.7,,,,4.3,3.9,"Partially shaded",,,,,,,,,,,,,,,"0000-0003-2593-761X","0000-0001-8510-4041",
"67682ee4-ea76-4bb7-ab16-d1a8f76ad85e","ABBY_063.basePlot.vst","2020-09-26","vst_ABBY_2020","D16","ABBY","ABBY_063","NEON.PLA.D16.ABBY.00411","1","ok","small tree","Live",9.9,130,"noChange",6.4,,,,3.4,3.0,"Full sun",,,,,,,,,,,,,,,"0000-0003-2593-761X","0000-0001-8510-4041",
"7cdf67c9-ba9c-47e2-bff5-e45071829035","ABBY_063.basePlot.vst","2020-09-26","vst_ABBY_2020","D16","ABBY","ABBY_063","NEON.PLA.D16.ABBY.00392","1","tagRemoved",,"No longer qualifies",,,"noChange",,,,,,,,,,,,,,,,,,,,,,"0000-0003-2593-761X","0000-0001-8510-4041",
"d8608d10-9795-4e2c-bf43-b91c71da41fc","ABBY_063.basePlot.vst","2020-09-26","vst_ABBY_2020","D16","ABBY","ABBY_063","NEON.PLA.D16.ABBY.07386","2","ok","small shrub","Live",,,"noChange",,,,,,,,"half-sphere",1.0,10,,,,,,,,,,,,"0000-0002-7203-5072","0000-0001-9713-5304",
